year,events,bouts,unanimous,split,majority,technical_decision,draw,no_contest,finish_or_other,awaiting_result
2015,41,473,164,53,2,0,2,7,245,0
2016,41,493,183,54,3,1,7,3,242,0
2017,39,457,164,49,6,0,5,6,227,0
2018,39,474,167,58,2,0,2,3,242,0
2019,42,516,218,50,4,0,5,5,234,0
2020,41,456,185,35,1,0,5,7,223,0
2021,43,509,200,44,6,1,5,7,246,0
2022,42,511,174,52,8,2,3,2,270,0
2023,43,520,191,44,5,2,6,10,262,0
2024,42,517,211,67,2,1,0,4,232,0
2025,42,520,216,35,1,1,4,3,260,0
2026,32,404,146,21,4,0,3,2,219,9
total,487,5850,2219,562,44,8,47,59,2902,9
