en_title,first_rev,first_size,starts_as_redirect
Abdul Razak Alhassan,2017-02-07T19:04:20Z,2076,False
Abubakar Nurmagomedov,2016-04-02T14:07:12Z,10527,False
Adam Milstead,2017-09-27T18:33:47Z,3857,False
Adrian Yañez,2021-06-14T06:19:21Z,4530,False
Adriano Martins,2013-04-04T02:09:38Z,2613,False
Aiemann Zahabi,2017-05-15T17:40:54Z,3098,False
Albert Tumenov,2014-05-16T14:31:56Z,8516,False
Alejandro Pérez (fighter),2016-03-04T14:59:34Z,6983,False
Aleksa Camur,2021-04-02T18:32:04Z,5208,False
Aleksandar Rakić,2017-12-10T09:53:29Z,42,True
Aleksei Oleinik,2009-05-22T17:04:30Z,10494,False
Alessio Di Chirico,2017-06-24T06:01:10Z,342,False
Alex Caceres,2010-06-16T00:35:28Z,62,True
Alex Morono,2015-12-31T20:20:49Z,1965,False
Alex Oliveira,2015-06-29T15:01:47Z,9680,False
Alex Pereira,2014-02-24T07:10:04Z,6018,False
Alexa Grasso,2015-02-19T00:53:33Z,3791,False
Alexander Gustafsson,2009-04-22T02:47:46Z,4094,False
Alexander Hernandez,2018-07-29T00:44:01Z,2080,False
Alexander Volkanovski,2017-06-01T12:51:00Z,4962,False
Alexander Volkov (fighter),2010-09-08T22:45:33Z,7142,False
Alexandre Pantoja,2017-05-30T14:35:57Z,7495,False
Alexis Davis (fighter),2009-04-10T18:31:40Z,3691,False
Aljamain Sterling,2014-07-17T03:49:30Z,450,False
Amanda Lemos,2020-07-13T04:35:03Z,1599,False
Amanda Nunes,2011-01-09T15:41:19Z,3259,False
Amanda Ribas,2020-03-15T00:20:25Z,12148,False
Amir Albazi,2020-07-19T00:34:02Z,44,False
Andre Ewell,2019-08-07T14:09:25Z,13865,False
Andre Fili,2013-10-16T23:43:04Z,5443,False
Andre Petroski,2022-02-27T03:04:47Z,6474,False
Andre Soukhamthath,2017-05-31T16:25:22Z,168,False
Andrea Lee (fighter),2015-09-18T20:11:31Z,4610,False
Andrei Arlovski,2005-08-10T13:46:57Z,3517,False
André Muniz,2020-11-20T04:41:27Z,7500,False
Angela Hill,2015-09-01T17:49:49Z,4754,False
Anthony Pettis,2009-08-25T20:09:46Z,4267,False
Anthony Rocco Martin,2014-10-24T21:10:18Z,928,False
Anthony Smith (fighter),2012-12-07T21:28:27Z,10108,False
Antonina Shevchenko,2017-06-26T16:54:25Z,2761,False
Antônio Carlos Jr.,2014-07-31T17:46:01Z,5444,False
Antônio Rogério Nogueira,2006-02-08T07:48:59Z,478,False
Ariane Lipski da Silva,2019-11-17T10:46:18Z,14276,False
Arman Tsarukyan,2019-05-28T14:28:11Z,8802,False
Arnold Allen,2016-02-29T13:40:25Z,2829,False
Ashley Yoder,2017-06-30T01:33:29Z,1748,False
Augusto Sakai,2015-06-30T03:15:37Z,4771,False
Austin Hubbard,2020-03-11T09:41:55Z,9940,False
Barb Honchak,2013-04-17T02:15:17Z,1305,False
Belal Muhammad,2016-09-28T19:32:54Z,7388,False
Ben Rothwell,2007-03-09T18:52:45Z,1404,False
Beneil Dariush,2014-08-12T11:04:35Z,3603,False
Benson Henderson,2009-02-26T03:08:41Z,4117,False
Bethe Correia,2014-06-12T19:19:26Z,3826,False
Bill Algeo,2021-03-18T20:53:38Z,6104,False
Blagoy Ivanov,2009-03-15T21:12:36Z,235,False
Bojan Veličković,2016-12-18T23:15:40Z,5611,False
Brad Pickett,2006-07-27T12:34:12Z,606,False
Brad Scott (fighter),2012-11-26T19:04:06Z,3811,False
Brad Tavares,2010-03-25T00:18:05Z,63,True
Brandon Davis,2018-06-03T07:16:10Z,9237,False
Brandon Moreno,2016-12-04T23:43:11Z,7031,False
Brandon Royval,2020-07-18T03:12:45Z,7808,False
Brendan Allen,2020-06-28T00:59:20Z,14352,False
Bruno Gustavo da Silva,2020-08-12T17:45:04Z,12919,False
Bryan Barberena,2016-01-31T18:16:35Z,4018,False
Bryan Caraway,2009-12-31T14:31:35Z,6123,False
Caio Magalhães,2012-01-20T02:15:33Z,2653,False
Calvin Kattar,2017-11-25T18:19:39Z,42,True
Carla Esparza,2012-10-12T02:24:55Z,9298,False
Carlos Condit,2007-09-17T02:48:04Z,3185,False
Carlos Diego Ferreira,2014-09-08T05:22:56Z,6804,False
Carlos Felipe,2020-10-25T02:44:52Z,1608,False
Casey Kenney,2020-03-09T08:49:27Z,12092,False
Casey O'Neill,2021-02-19T23:43:24Z,7588,False
Cat Zingano,2012-10-04T02:11:25Z,4021,False
Cezar Ferreira,2012-04-24T05:49:10Z,4292,False
Chad Laprise,2014-04-17T21:52:24Z,1453,False
Charles Johnson (fighter),2024-11-11T07:56:29Z,9879,False
Charles Jourdain,2020-06-14T02:32:28Z,10049,False
Charles Oliveira,2010-04-30T23:18:46Z,7834,False
Charles Rosa,2015-02-24T20:06:59Z,7587,False
Chris Curtis (fighter),2022-01-26T21:30:40Z,3789,False
Chris Gutierrez,2008-07-11T02:17:27Z,1224,False
Ciryl Gane,2019-10-29T17:03:04Z,5975,False
Claudio Puelles,2019-10-14T05:41:48Z,10332,False
Clay Guida,2007-06-17T02:08:09Z,5067,False
Cláudia Gadelha,2013-07-16T18:38:58Z,6089,False
Cody Stamann,2017-07-04T11:00:06Z,2118,False
Corey Anderson (fighter),2014-07-15T20:11:14Z,5767,False
Cortney Casey,2017-03-28T14:51:04Z,4952,False
Cory Sandhagen,2019-01-21T19:50:15Z,9925,False
Court McGee,2010-03-25T00:13:18Z,63,True
Cub Swanson,2007-12-17T07:37:14Z,2453,False
Cynthia Calvillo,2017-03-04T18:41:01Z,3436,False
César Almeida (fighter),2019-12-23T20:58:51Z,9477,False
Damien Brown (fighter),2017-05-06T04:04:57Z,14862,False
Damir Hadžović,2017-06-28T00:32:55Z,340,False
Damon Jackson,2014-09-04T07:47:07Z,7285,False
Dan Hooker,2015-05-09T18:09:17Z,3812,False
Dan Ige,2017-12-18T12:06:38Z,42,True
Dan Kelly (fighter),2012-08-05T02:22:08Z,709,False
Daniel Cormier,2008-04-06T23:14:05Z,3706,False
Daniel Marcos,2024-03-27T14:50:47Z,11365,False
Daniel Omielańczuk,2015-02-26T20:06:49Z,9890,False
Daniel Rodriguez (fighter),2020-07-26T13:32:48Z,7319,False
Danny Castillo,2008-06-28T15:15:19Z,369,False
Danny Roberts (fighter),2016-08-26T12:51:56Z,8333,False
Darren Elkins,2010-03-01T21:27:04Z,2434,False
Darren Stewart,2017-09-12T06:26:35Z,5655,False
Darren Till,2017-05-29T02:54:33Z,13324,False
Davey Grant,2017-07-21T23:33:57Z,4010,False
David Branch (fighter),2010-05-22T15:27:04Z,44,True
David Zawada,2019-11-11T07:47:49Z,11978,False
Deiveson Figueiredo,2018-02-20T11:01:03Z,9810,False
Demetrious Johnson,2010-03-15T12:48:22Z,4141,False
Demian Maia,2008-02-27T02:14:18Z,7962,False
Dennis Bermudez,2011-06-15T18:22:17Z,5097,False
Derrick Lewis,2014-06-12T20:13:37Z,7682,False
Devonte Smith,2019-08-18T02:28:24Z,10019,False
Dhiego Lima,2015-03-03T18:05:55Z,9763,False
Dominick Cruz,2009-02-26T17:12:09Z,3534,False
Dominick Reyes,2017-06-11T15:58:57Z,3919,False
Dong Hyun Kim,2008-03-19T03:57:44Z,3240,False
Dong Hyun Ma,2017-09-03T16:04:19Z,6527,False
Dricus du Plessis,2019-12-16T07:30:34Z,2379,False
Dustin Jacoby,2012-01-24T22:27:13Z,3166,False
Dustin Ortiz,2013-09-23T23:11:04Z,8407,False
Dwight Grant,2019-04-22T11:17:48Z,9489,False
Ed Herman,2006-06-16T03:48:16Z,820,False
Eddie Alvarez,2008-03-06T01:26:14Z,4043,False
Edson Barboza,2010-08-08T00:58:03Z,28,True
Elias Theodorou,2014-09-27T23:41:13Z,3720,False
Elizeu Zaleski dos Santos,2017-07-06T08:34:01Z,4518,False
Emily Ducote,2019-11-02T14:59:07Z,1776,False
Erik Pérez,2012-06-04T02:00:04Z,1928,False
Eryk Anders,2017-07-14T16:28:00Z,8220,False
Fabrício Werdum,2005-10-31T02:40:06Z,747,False
Farès Ziam,2021-03-20T12:12:19Z,2615,False
Felice Herrig,2008-03-08T19:57:34Z,1197,False
Felicia Spencer,2017-12-23T18:03:50Z,5962,False
Felipe Arantes,2012-01-15T18:03:27Z,7933,False
Felipe Colares,2020-06-13T22:17:18Z,7760,False
Francimar Barroso,2014-02-12T23:01:24Z,8018,False
Francisco Rivera (fighter),2012-05-20T14:11:05Z,1875,False
Francisco Trinaldo,2010-08-30T18:20:10Z,5511,False
Frank Camacho,2014-01-10T00:34:00Z,1974,False
Frankie Edgar,2007-03-15T16:43:39Z,44,True
Fredy Serrano,2008-09-17T09:26:51Z,683,False
Geoff Neal,2019-05-01T09:21:00Z,600,False
Gerald Meerschaert,2017-06-17T03:55:41Z,343,False
Gian Villante,2010-03-16T01:53:44Z,4697,False
Glover Teixeira,2007-06-06T15:12:43Z,924,False
Gunnar Nelson (fighter),2009-10-01T12:11:30Z,4927,False
Hakeem Dawodu,2017-12-08T12:43:26Z,3448,False
Henry Cejudo,2005-12-19T06:20:02Z,1173,False
Holly Holm,2007-08-06T00:47:47Z,1037,False
Hunter Azure,2020-08-31T11:36:23Z,2841,False
Ian Machado Garry,2021-08-16T16:33:57Z,1399,False
Ilir Latifi,2014-07-18T05:06:14Z,111,False
Ion Cutelaba,2016-10-20T18:59:19Z,8033,False
Irene Aldana,2015-02-28T22:53:36Z,2784,False
Israel Adesanya,2016-09-27T23:59:40Z,7885,False
Jack Della Maddalena,2021-06-03T05:42:59Z,1036,False
Jack Hermansson,2016-08-29T16:20:14Z,2271,False
Jack Marshman,2017-06-20T10:48:06Z,342,False
Jack Shore,2019-04-28T00:07:29Z,1922,False
Jailton Almeida,2022-06-16T06:53:49Z,7076,False
Jairzinho Rozenstruik,2019-10-17T22:44:57Z,8906,False
Jake Collier,2016-04-26T14:46:03Z,8175,False
Jake Matthews (fighter),2015-02-18T22:36:57Z,6001,False
Jalin Turner,2018-12-08T21:15:36Z,3263,False
James Krause (fighter),2009-11-06T13:24:18Z,5034,False
Jamie Mullarkey,2021-02-17T06:11:56Z,4591,False
Jan Błachowicz,2010-09-01T21:49:22Z,4206,False
Jared Cannonier,2016-12-04T15:47:28Z,7054,False
Jared Gordon,2017-06-26T07:35:54Z,342,False
Jared Vanderaa,2021-08-10T04:15:15Z,7908,False
Jason Knight (fighter),2017-02-06T16:04:42Z,7800,False
Jason Saggo,2016-03-28T12:54:08Z,8630,False
Jeff Molina,2022-02-27T03:09:25Z,6474,False
Jeremiah Wells,2022-04-21T02:48:04Z,5531,False
Jessica Eye,2012-12-08T02:35:34Z,6583,False
Ji Yeon Kim (fighter),2017-10-19T16:50:26Z,2965,False
Jim Miller (fighter),2007-04-11T19:47:02Z,4214,False
Jimmie Rivera,2013-06-30T20:04:22Z,11139,False
Jinh Yu Frey,2015-08-24T16:34:04Z,3858,False
Joanna Jędrzejczyk,2014-08-11T17:34:09Z,5030,False
Joanne Wood,2012-02-20T09:40:57Z,348,False
Joaquim Silva (fighter),2016-08-05T14:45:44Z,8699,False
Joaquin Buckley,2020-10-15T03:26:27Z,5709,False
Joe Lauzon,2006-09-12T21:43:42Z,431,False
Joe Solecki,2021-03-02T23:30:42Z,6070,False
Joe Soto,2009-05-08T19:19:15Z,5023,False
John Allan (fighter),2020-09-02T04:05:20Z,12919,False
John Castañeda,2020-07-18T23:40:16Z,1209,False
John Dodson (fighter),2011-07-06T07:27:23Z,11534,False
John Lineker,2012-03-02T14:42:59Z,1326,False
John Makdessi,2010-12-16T00:15:48Z,376,False
John Phillips (fighter),2017-12-10T09:56:34Z,42,True
Johnny Walker (fighter),2019-02-03T16:59:55Z,10118,False
Jon Jones,2008-08-06T22:03:33Z,3272,False
Jonathan Martinez,2019-07-14T00:17:26Z,8158,False
Jordan Johnson (fighter),2017-02-22T04:06:25Z,3280,False
Jorge Masvidal,2007-06-21T21:43:54Z,1599,False
Joselyne Edwards,2021-06-02T15:22:16Z,4530,False
Joseph Benavidez,2008-12-04T01:39:34Z,4069,False
Josh Emmett,2017-05-25T09:41:33Z,4211,False
Joshua Culibao,2021-04-11T02:09:52Z,8633,False
José Aldo,2009-01-24T04:30:58Z,1627,False
Julian Erosa,2020-06-28T01:07:37Z,3417,False
Julian Marquez,2017-09-27T12:40:45Z,3325,False
Julianna Peña,2013-12-01T06:30:12Z,510,False
Julio Arce,2018-11-04T01:23:38Z,15579,False
Jun Yong Park,2020-06-28T01:59:36Z,1599,False
Jussier Formiga,2009-11-28T03:06:29Z,649,False
Justin Jaynes,2020-06-23T16:20:43Z,6168,False
Justin Tafa,2020-02-09T01:41:56Z,678,False
Justine Kish,2014-09-16T04:56:53Z,2382,False
Jéssica Andrade,2013-07-26T22:23:37Z,5292,False
Kai Kamaka III,2021-02-15T03:36:29Z,4636,False
Kai Kara-France,2018-12-02T11:22:05Z,59,True
Kajan Johnson,2015-08-31T14:27:41Z,14223,False
Kang Kyung-ho,2014-01-06T01:40:41Z,11434,False
Karol Rosa,2020-08-27T09:45:22Z,2787,False
Karolina Kowalkiewicz,2015-12-20T02:29:06Z,1400,False
Katlyn Cerminara,2017-03-28T13:13:47Z,2404,False
Keita Nakamura,2007-04-20T01:25:29Z,1166,False
Kelvin Gastelum,2013-04-10T17:51:29Z,3922,False
Kennedy Nzechukwu,2021-01-28T20:17:17Z,10982,False
Kenny Robertson,2012-07-13T13:24:10Z,1158,False
Ketlen Souza,2023-01-19T05:58:56Z,48,True
Ketlen Vieira,2017-07-05T10:05:23Z,2657,False
Kevin Aguilar (mixed martial artist),2019-07-02T14:21:55Z,11740,False
Kevin Holland,2019-04-05T08:47:15Z,10825,False
Khalil Rountree Jr.,2017-07-01T04:20:11Z,3898,False
Khamzat Chimaev,2020-07-16T22:52:09Z,1645,False
Khaos Williams,2020-11-22T07:08:01Z,7500,False
King Green,2010-01-14T18:25:51Z,1707,False
Krzysztof Jotko,2014-06-13T08:06:55Z,4099,False
Kyle Bochniak,2017-06-30T20:26:54Z,1625,False
Lando Vannata,2016-10-15T11:55:34Z,5379,False
Lauren Murphy,2013-06-20T02:13:05Z,4027,False
Leandro Silva (fighter),2015-05-26T06:57:34Z,8376,False
Leon Edwards,2015-04-12T00:16:11Z,7485,False
Leonardo Santos (fighter),2011-11-14T19:05:38Z,6393,False
Liu Pingyuan,2019-07-14T00:21:03Z,10446,False
Liz Carmouche,2011-02-24T00:12:45Z,4710,False
Loopy Godinez,2021-10-13T04:49:21Z,5493,False
Lorenz Larkin,2011-04-04T22:44:28Z,6641,False
Losene Keita,2024-12-30T06:38:12Z,319,False
Luana Carolina,2021-04-01T05:14:07Z,9910,False
Luana Pinheiro,2022-02-08T16:08:23Z,4350,False
Lucas Martins,2013-09-03T20:03:23Z,8651,False
Lucie Pudilová,2017-09-11T06:15:01Z,6976,False
Luis Peña (fighter),2018-07-14T21:36:14Z,3596,False
Luke Jumeau,2017-06-28T09:41:08Z,2374,False
Lyoto Machida,2006-06-06T16:37:41Z,1672,False
Mackenzie Dern,2015-11-04T03:09:40Z,3348,False
Macy Chiasson,2019-05-06T14:31:11Z,11344,False
Makwan Amirkhani,2015-01-26T22:26:12Z,1071,False
Manel Kape,2020-04-23T17:31:04Z,23154,False
Marc-André Barriault,2019-12-21T11:07:49Z,10112,False
Marcin Held,2010-08-12T17:32:52Z,6690,False
Marina Rodriguez,2019-09-01T15:57:37Z,10236,False
Mario Bautista,2020-03-03T04:37:23Z,7895,False
Mark Madsen (fighter),2012-12-05T13:51:04Z,5164,False
Marlon Moraes,2013-06-09T19:23:30Z,1064,False
Marlon Vera,2016-03-02T15:11:49Z,1727,False
Martin Bravo,2008-07-05T16:05:09Z,27,True
Marvin Vettori,2017-06-20T04:54:55Z,342,False
Maryna Moroz,2015-08-25T10:56:31Z,5312,False
Mateusz Gamrot,2020-08-25T19:27:25Z,12920,False
Matheus Nicolau,2016-09-26T19:16:42Z,9933,False
Matt Bessette,2013-11-16T14:49:35Z,10768,False
Matt Brown (fighter),2008-05-30T02:32:36Z,580,False
Matt Frevola,2017-12-11T23:39:06Z,42,True
Matt Schnell,2017-09-04T03:09:35Z,4130,False
Matthew Semelsberger,2021-05-14T07:49:51Z,5208,False
Maurício Rua,2005-10-29T05:18:20Z,211,False
Max Griffin,2017-09-15T04:38:57Z,6331,False
Max Holloway,2012-01-20T02:39:50Z,2268,False
Maycee Barber,2019-03-03T08:08:42Z,5208,False
Melissa Gatto,2019-12-08T11:57:20Z,42,True
Michael Johnson (fighter),2010-06-25T02:19:52Z,62,True
Michał Oleksiejczuk,2019-07-17T13:52:23Z,11813,False
Michel Pereira,2020-03-15T15:49:05Z,18718,False
Michel Prazeres,2014-04-04T08:53:29Z,6893,False
Michelle Waterson-Gomez,2009-09-10T07:17:15Z,4183,False
Michinori Tanaka,2013-12-20T20:30:31Z,5800,False
Mike De La Torre,2015-02-16T21:38:48Z,1167,False
Mike Grundy,2014-10-05T17:52:03Z,2165,False
Mike Perry (fighter),2016-10-14T21:43:04Z,3346,False
Miranda Maverick,2018-03-02T15:31:01Z,9510,False
Mirsad Bektić,2015-02-26T17:17:54Z,9670,False
Misha Cirkunov,2016-02-10T01:00:21Z,1593,False
Modestas Bukauskas,2021-01-15T17:58:54Z,9235,False
Montana De La Rosa,2017-12-10T10:08:40Z,42,True
Montel Jackson,2019-04-18T12:25:03Z,12995,False
Movsar Evloev,2020-06-28T02:00:08Z,1599,False
Muslim Salikhov,2011-02-03T19:46:58Z,1964,False
Naoki Inoue,2017-06-18T07:35:13Z,3195,False
Nasrat Haqparast,2018-10-28T04:02:57Z,10483,False
Nate Marquardt,2006-05-08T23:13:16Z,598,False
Nathaniel Wood (fighter),2019-02-02T17:57:44Z,8183,False
Neil Magny,2012-09-27T19:49:41Z,2191,False
Nick Hein,2014-06-01T01:12:09Z,1314,False
Nicolae Negumereanu,2019-03-16T09:10:44Z,4829,False
Nicolas Dalby,2015-05-31T01:05:03Z,924,False
Nik Lentz,2009-09-09T20:09:42Z,1673,False
Nikita Krylov,2014-01-26T13:47:42Z,920,False
Nina Nunes,2015-03-01T01:41:45Z,2633,False
Norma Dumont,2021-01-21T19:52:49Z,4046,False
Olivier Aubin-Mercier,2015-03-02T21:52:27Z,8342,False
Omari Akhmedov,2013-11-10T13:40:17Z,6865,False
Ovince Saint Preux,2010-11-21T12:06:00Z,5653,False
Patrick Cummins (fighter),2014-03-22T03:12:52Z,5048,False
Paul Felder,2015-01-07T17:49:11Z,3609,False
Paulo Costa,2017-05-17T18:07:48Z,3726,False
Pedro Munhoz,2014-06-02T07:31:01Z,4398,False
Petr Yan,2018-05-24T19:27:12Z,9332,False
Philip Rowe,2021-10-30T07:05:47Z,11498,False
Phillipe Nover,2008-10-31T19:09:17Z,3529,False
Rafael dos Anjos,2008-07-14T05:14:35Z,432,False
Ramazan Emeev,2017-09-04T21:33:09Z,4915,False
Randa Markos,2014-12-11T21:55:09Z,9252,False
Randy Brown (fighter),2016-01-31T15:40:42Z,5990,False
Raoni Barcelos,2017-12-10T10:03:03Z,42,True
Raphael Assunção,2009-02-28T00:58:38Z,5892,False
Raquel Pennington,2013-12-05T02:28:48Z,8418,False
Rashad Evans,2005-10-14T07:18:37Z,1372,False
Rashid Magomedov,2011-04-04T07:47:31Z,4860,False
Ray Borg,2014-11-13T04:55:18Z,5999,False
Rayanne dos Santos,2023-05-05T02:20:37Z,5277,False
Reinier de Ridder,2022-07-20T04:36:49Z,8601,False
Reza Madadi,2010-01-31T02:22:03Z,3411,False
Ricardo Lamas,2009-03-01T04:26:20Z,1331,False
Ricardo Ramos (fighter),2017-11-23T21:30:40Z,6736,False
Ricky Glenn,2017-08-02T01:43:47Z,6056,False
Ricky Simón,2019-02-10T06:30:38Z,10388,False
Rinat Fakhretdinov,2023-07-03T20:54:31Z,14357,False
Roan Carneiro,2008-04-13T07:23:15Z,4915,False
Rob Whiteford,2014-10-30T13:47:52Z,3238,False
Robbie Lawler,2005-12-02T20:34:22Z,501,False
Robert Whittaker (fighter),2012-10-05T18:34:22Z,4819,False
Rodrigo Nascimento,2021-03-07T07:54:21Z,5996,False
Roman Dolidze,2020-07-22T02:27:22Z,6057,False
Roman Kopylov,2022-04-08T00:30:49Z,6474,False
Ronaldo Souza,2007-02-13T17:21:15Z,463,False
Rose Namajunas,2013-07-14T02:00:00Z,7417,False
Ross Pearson,2009-04-09T01:55:16Z,4959,False
Roxanne Modafferi,2006-01-05T11:58:17Z,3351,False
Roy Nelson,2008-06-30T09:05:23Z,47,False
Rustam Khabilov,2012-01-17T10:03:38Z,6057,False
Ryan Benoit,2015-03-08T16:30:59Z,4828,False
Ryan Spann,2019-10-13T09:36:39Z,11062,False
Sam Alvey,2014-11-09T17:56:04Z,13681,False
Santiago Ponzinibbio,2013-07-04T22:41:14Z,6234,False
Sarah Kaufman,2009-05-07T02:56:11Z,3039,False
Scott Askham,2015-07-03T16:56:01Z,8028,False
Scott Holtzman,2011-02-24T00:58:18Z,28,True
Sean O'Malley (fighter),2017-11-25T18:14:23Z,42,True
Sean Strickland,2014-06-02T15:11:51Z,4466,False
Sean Woodson,2020-10-15T03:30:18Z,5847,False
Sergio Pettis,2013-03-18T22:28:16Z,3542,False
Seung Woo Choi,2019-12-27T12:17:08Z,9344,False
Shamil Abdurakhimov,2015-04-02T10:39:44Z,4608,False
Shane Burgos,2017-05-15T14:44:11Z,3755,False
Song Yadong,2018-09-23T23:55:31Z,5561,False
Steven Peterson,2014-04-08T20:24:19Z,176,False
Stevie Ray (fighter),2015-07-17T05:51:39Z,3958,False
Sérgio Moraes,2009-07-21T23:05:25Z,2677,False
T.J. Brown,2021-02-10T09:07:59Z,3482,False
T.J. Dillashaw,2011-11-03T05:22:00Z,6332,False
Tabatha Ricci,2022-02-23T13:35:34Z,6911,False
Tai Tuivasa,2017-06-18T18:53:59Z,929,False
Taila Santos,2020-10-05T14:46:24Z,1605,False
Talita Alencar,2023-03-23T11:27:05Z,7903,False
Tanner Boser,2020-06-27T23:25:06Z,14583,False
Tarec Saffiedine,2010-04-24T16:43:27Z,7259,False
Tatsuro Taira,2023-02-10T18:02:28Z,12880,False
Tecia Pennington,2013-12-12T15:24:58Z,2423,False
Thiago Alves (fighter),2007-01-29T01:29:39Z,2263,False
Thiago Santos,2014-06-02T17:10:37Z,4280,False
Tim Means,2012-02-14T18:14:37Z,3310,False
Timothy Johnson (fighter),2016-04-29T20:13:14Z,8237,False
Tom Breese,2015-10-30T09:42:47Z,121,False
Tom Duquesnoy,2017-04-16T16:11:08Z,7500,False
Tony Gravely,2021-02-21T03:33:53Z,5996,False
Tracy Cortez,2019-03-06T11:56:16Z,8075,False
Trevin Giles,2019-07-16T07:03:51Z,9385,False
Tyson Nam,2012-10-05T00:06:12Z,13808,False
Uriah Hall,2013-02-05T22:02:50Z,5331,False
Valentina Shevchenko,2014-10-20T03:06:49Z,3170,False
Vanessa Demopoulos,2022-04-13T15:53:45Z,4276,False
Vicente Luque,2016-05-06T18:20:08Z,10216,False
Victor Henry (fighter),2020-07-15T19:35:48Z,1599,False
Volkan Oezdemir,2017-04-20T20:59:25Z,1785,False
Walt Harris (fighter),2014-11-20T16:26:07Z,10010,False
Warlley Alves,2014-07-31T04:32:30Z,6201,False
Wellington Turman,2019-11-03T02:40:10Z,10552,False
Yair Rodríguez,2015-02-26T14:44:07Z,5964,False
Yan Xiaonan,2017-12-10T10:08:15Z,42,True
Yana Santos,2011-05-07T01:05:51Z,1838,False
Yancy Medeiros,2010-11-01T14:44:40Z,3614,False
Yoel Romero,2009-09-28T11:34:42Z,995,False
Youssef Zalal,2020-07-26T13:34:36Z,7319,False
Yui Chul Nam,2014-10-30T06:57:36Z,7672,False
Zach Makovsky,2010-06-17T15:58:00Z,5418,False
Zachary Reese,2025-11-30T04:28:04Z,14364,False
Zak Cummings,2010-11-01T13:25:40Z,4179,False
Zhalgas Zhumagulov,2020-07-15T19:37:34Z,1599,False
Zhang Weili,2019-03-03T07:19:27Z,10374,False
Zubaira Tukhugov,2014-11-15T20:40:22Z,9115,False
Ľudovít Klein,2021-08-10T04:15:18Z,7908,False
