fighter_id,name,sherdog_id,qid,verification,en_title,created_utc,note
1,Ciryl Gane,293973,Q79372882,p2818,Ciryl Gane,2019-10-29T17:03:04Z,
2,Alexander Volkov,40951,Q4123254,p2818,Alexander Volkov (fighter),2010-09-08T22:45:33Z,
7,Rizvan Kuniev,86319,Q112990103,p2818,Rizvan Kuniev,2025-06-21T21:00:30Z,
10,Jailton Almeida,114657,Q116258683,p2818,Jailton Almeida,2022-06-16T06:53:49Z,
11,Curtis Blaydes,172939,Q28709155,p2818,Curtis Blaydes,2017-02-06T18:06:16Z,
21,Derrick Lewis,59284,Q17182975,p2818,Derrick Lewis,2014-06-12T20:13:37Z,
24,Aleksandar Rakic,86829,Q48869757,p2818,Aleksandar Rakić,2017-12-10T09:53:29Z,
28,Tai Tuivasa,133745,Q30675529,p2818,Tai Tuivasa,2017-06-18T18:53:59Z,
32,Ryan Spann,68057,Q70714552,p2818,Ryan Spann,2019-10-13T09:36:39Z,
42,Rodrigo Nascimento,97975,Q97164717,p2818,Rodrigo Nascimento,2021-03-07T07:54:21Z,
44,Anthony Smith,29470,Q4773486,p2818,Anthony Smith (fighter),2012-12-07T21:28:27Z,
46,Tim Johnson,72706,Q24006991,p2818,Timothy Johnson (fighter),2016-04-29T20:13:14Z,
60,Thiago Santos,90021,Q16940899,p2818,Thiago Santos,2014-06-02T17:10:37Z,
62,Augusto Sakai,87303,Q20716569,p2818,Augusto Sakai,2015-06-30T03:15:37Z,
69,Carlos Felipe,185021,Q105081353,p2818,Carlos Felipe,2020-10-25T02:44:52Z,
73,Kennedy Nzechukwu,212289,Q105811323,p2818,Kennedy Nzechukwu,2021-01-28T20:17:17Z,
83,Martin Buday,164475,Q107737264,p2818,Martin Buday,2025-07-27T08:03:30Z,
86,Klidson Abreu,111535,Q96273108,p2818,Klidson Abreu,2020-06-14T01:43:55Z,
87,Tanner Boser,114961,Q96694117,p2818,Tanner Boser,2020-06-27T23:25:06Z,
90,Francimar Barroso,14702,Q16220909,p2818,Francimar Barroso,2014-02-12T23:01:24Z,
115,Hamdy Abdelwahab,331853,,,,,no verified article
143,Jamal Pogues,152993,,,,,no verified article
144,Lukasz Brzeski,132249,,,,,no verified article
254,Corey Anderson,171723,Q17385566,p2818,Corey Anderson (fighter),2014-07-15T20:11:14Z,
255,Paulo Costa,147165,Q30108735,p2818,Paulo Costa,2017-05-17T18:07:48Z,
257,Robert Whittaker,45132,Q4845777,p2818,Robert Whittaker (fighter),2012-10-05T18:34:22Z,
258,Reinier de Ridder,133677,Q103783008,p2818,Reinier de Ridder,2022-07-20T04:36:49Z,
259,Khalil Rountree,77674,Q31270277,p2818,Khalil Rountree Jr.,2017-07-01T04:20:11Z,
260,Jan Blachowicz,25821,Q11717161,p2818,Jan Błachowicz,2010-09-01T21:49:22Z,
261,Dominick Reyes,145941,Q30323656,p2818,Dominick Reyes,2017-06-11T15:58:57Z,
263,Volkan Oezdemir,58503,Q28758684,p2818,Volkan Oezdemir,2017-04-20T20:59:25Z,
264,Roman Dolidze,240323,Q64861182,p2818,Roman Dolidze,2020-07-22T02:27:22Z,
269,Antonio Carlos Jr.,143157,Q17465610,p2818,Antônio Carlos Jr.,2014-07-31T17:46:01Z,
275,Nikita Krylov,110937,Q15710959,p2818,Nikita Krylov,2014-01-26T13:47:42Z,
277,Alonzo Menifield,210501,Q96103548,p2818,Alonzo Menifield,2020-06-07T04:47:40Z,
284,Modestas Bukauskas,152163,Q106241945,p2818,Modestas Bukauskas,2021-01-15T17:58:54Z,
286,Dustin Jacoby,73825,Q5317107,p2818,Dustin Jacoby,2012-01-24T22:27:13Z,
288,Ion Cutelaba,101427,Q27663348,p2818,Ion Cutelaba,2016-10-20T18:59:19Z,
310,Tom Breese,45986,Q21620931,p2818,Tom Breese,2015-10-30T09:42:47Z,
311,Ivan Erslan,198413,,,,,no verified article
327,Christian Edwards,270755,,,,,no verified article
334,Julius Walker,366067,,,,,no verified article
343,Brendson Ribeiro,210539,,,,,no verified article
345,Caio Machado,247161,,,,,no verified article
500,Sean Strickland,30452,Q17180973,p2818,Sean Strickland,2014-06-02T15:11:51Z,
501,Khamzat Chimaev,280021,Q76476288,p2818,Khamzat Chimaev,2020-07-16T22:52:09Z,
502,Dricus Du Plessis,146193,Q48870794,p2818,Dricus du Plessis,2019-12-16T07:30:34Z,
506,Brendan Allen,201703,Q96694248,p2818,Brendan Allen,2020-06-28T00:59:20Z,
508,Gregory Rodrigues,176275,Q111027480,p2818,Gregory Rodrigues,2021-12-21T13:48:19Z,
512,Israel Adesanya,56374,Q27050195,p2818,Israel Adesanya,2016-09-27T23:59:40Z,
514,Jared Cannonier,78628,Q27957217,p2818,Jared Cannonier,2016-12-04T15:47:28Z,
523,Roman Kopylov,232601,Q51670222,p2818,Roman Kopylov,2022-04-08T00:30:49Z,
524,Bryan Battle,249825,Q131305383,p2818,Bryan Battle,2024-10-15T20:06:29Z,
525,Krzysztof Jotko,53380,Q11749319,p2818,Krzysztof Jotko,2014-06-13T08:06:55Z,
527,Kelvin Gastelum,74700,Q10863578,p2818,Kelvin Gastelum,2013-04-10T17:51:29Z,
528,Marvin Vettori,80421,Q26509559,p2818,Marvin Vettori,2017-06-20T04:54:55Z,
529,Edmen Shahbazyan,247691,Q65122318,p2818,Edmen Shahbazyan,2019-05-25T10:44:11Z,
530,Vicente Luque,66474,Q24053947,p2818,Vicente Luque,2016-05-06T18:20:08Z,
535,Jun Yong Park,159071,Q104901720,p2818,Jun Yong Park,2020-06-28T01:59:36Z,
537,Michal Oleksiejczuk,156397,Q65618791,p2818,Michał Oleksiejczuk,2019-07-17T13:52:23Z,
542,Eryk Anders,93407,Q33103889,p2818,Eryk Anders,2017-07-14T16:28:00Z,
544,Ramazan Emeev,72356,Q19916629,p2818,Ramazan Emeev,2017-09-04T21:33:09Z,
545,Marc-Andre Barriault,170803,Q65954962,p2818,Marc-André Barriault,2019-12-21T11:07:49Z,
549,Andre Muniz,81800,Q20047921,p2818,André Muniz,2020-11-20T04:41:27Z,
558,Donte Johnson,414279,,,,,no verified article
561,Albert Tumenov,60198,Q16708361,p2818,Albert Tumenov,2014-05-16T14:31:56Z,
564,Brad Tavares,33095,Q4954303,p2818,Brad Tavares,2010-03-25T00:18:05Z,
569,Michel Pereira,135705,Q89157549,p2818,Michel Pereira,2020-03-15T15:49:05Z,
571,Cody Brundage,281913,Q116686341,p2818,Cody Brundage,2023-02-05T02:19:43Z,
593,Cesar Almeida,217983,Q79494528,p2818,César Almeida (fighter),2019-12-23T20:58:51Z,
594,Andre Petroski,215253,Q112033004,p2818,Andre Petroski,2022-02-27T03:04:47Z,
596,Eric McConico,206921,,,,,no verified article
639,Zachary Reese,100903,Q137164061,p2818,Zachary Reese,2025-11-30T04:28:04Z,
646,Torrez Finney,379262,,,,,no verified article
647,Robert Valentin,241133,,,,,no verified article
754,Ian Garry,268923,Q109657967,p2818,Ian Machado Garry,2021-08-16T16:33:57Z,
756,Jack Della Maddalena,208155,Q115433201,p2818,Jack Della Maddalena,2021-06-03T05:42:59Z,
757,Gabriel Bonfim,185083,Q121590551,p2818,Gabriel Bonfim,2025-09-02T13:52:57Z,
758,Leon Edwards,62665,Q19872938,p2818,Leon Edwards,2015-04-12T00:16:11Z,
759,Belal Muhammad,108315,Q27068531,p2818,Belal Muhammad,2016-09-28T19:32:54Z,
760,Joaquin Buckley,175481,Q102221793,p2818,Joaquin Buckley,2020-10-15T03:26:27Z,
768,Rinat Fakhretdinov,145067,Q97664397,p2818,Rinat Fakhretdinov,2023-07-03T20:54:31Z,
770,Kevin Holland,108999,Q62788166,p2818,Kevin Holland,2019-04-05T08:47:15Z,
771,Daniel Rodriguez,145945,Q99500036,p2818,Daniel Rodriguez (fighter),2020-07-26T13:32:48Z,
772,Geoff Neal,72107,Q61046269,p2818,Geoff Neal,2019-05-01T09:21:00Z,
773,Jeremiah Wells,80157,Q112628298,p2818,Jeremiah Wells,2022-04-21T02:48:04Z,
774,Neil Magny,69166,Q15987654,p2818,Neil Magny,2012-09-27T19:49:41Z,
775,Stephen Thompson,59608,Q11253984,p2818,Stephen Thompson (fighter),2012-01-28T18:50:58Z,
777,Chidi Njokuani,25761,Q112108330,p2818,Chidi Njokuani,2022-03-18T07:07:27Z,
778,Myktybek Orolbai,316759,Q125813369,p2818,Myktybek Orolbai,2025-09-01T13:42:56Z,
782,Chris Curtis,48039,Q47539914,p2818,Chris Curtis (fighter),2022-01-26T21:30:40Z,
785,Muslim Salikhov,129929,Q6942961,p2818,Muslim Salikhov,2011-02-03T19:46:58Z,
786,Randy Brown,115641,Q22958637,p2818,Randy Brown (fighter),2016-01-31T15:40:42Z,
787,Jake Matthews,122139,Q19364772,p2818,Jake Matthews (fighter),2015-02-18T22:36:57Z,
793,Nicolas Dalby,63608,Q20080409,p2818,Nicolas Dalby,2015-05-31T01:05:03Z,
794,Punahele Soriano,230239,Q107639652,p2818,Punahele Soriano,2021-03-25T04:02:52Z,
795,Jean-Paul Lebosnoyani,248169,,,,,no verified article
803,Max Griffin,53904,Q39854162,p2818,Max Griffin,2017-09-15T04:38:57Z,
809,Kalinn Williams,198129,Q104384356,p2818,Khaos Williams,2020-11-22T07:08:01Z,
810,Court McGee,34124,Q5178264,p2818,Court McGee,2010-03-25T00:13:18Z,
813,Elizeu Zaleski dos Santos,63825,Q32068048,p2818,Elizeu Zaleski dos Santos,2017-07-06T08:34:01Z,
815,Jonathan Micallef,366859,,,,,no verified article
818,Philip Rowe,121067,Q110908144,p2818,Philip Rowe,2021-10-30T07:05:47Z,
822,Alex Morono,64894,Q22007033,p2818,Alex Morono,2015-12-31T20:20:49Z,
826,Themba Gorimbo,117729,Q126003275,p2818,Themba Gorimbo,2024-05-20T20:04:33Z,
834,Santiago Ponzinibbio,64593,Q20078686,p2818,Santiago Ponzinibbio,2013-07-04T22:41:14Z,
857,Jack Hermansson,61146,Q26844722,p2818,Jack Hermansson,2016-08-29T16:20:14Z,
858,Saygid Izagakhmaev,127299,,,,,no verified article
863,Nikolay Veretennikov,186789,,,,,no verified article
873,Bojan Velickovic,76620,Q28052031,p2818,Bojan Veličković,2016-12-18T23:15:40Z,
926,Jessin Ayari,55449,Q41806387,p2818,Jessin Ayari,2017-10-12T11:11:19Z,
972,Jose Henrique Souza,362437,,,,,no verified article
1002,Arman Tsarukyan,213913,Q61996306,p2818,Arman Tsarukyan,2019-05-28T14:28:11Z,
1010,Renato Carneiro,61700,,,,,no verified article
1011,Mateusz Gamrot,90605,Q19521996,p2818,Mateusz Gamrot,2020-08-25T19:27:25Z,
1013,Dan Hooker,45122,Q19946041,p2818,Dan Hooker,2015-05-09T18:09:17Z,
1015,Beneil Dariush,56583,Q17505060,p2818,Beneil Dariush,2014-08-12T11:04:35Z,
1022,Jalin Turner,158269,Q59660366,p2818,Jalin Turner,2018-12-08T21:15:36Z,
1039,Alexander Hernandez,97669,Q51883206,p2818,Alexander Hernandez,2018-07-29T00:44:01Z,
1041,Diego Ferreira,26358,Q18022554,p2818,Carlos Diego Ferreira,2014-09-08T05:22:56Z,
1042,Esteban Ribovics,214867,Q125906881,p2818,Esteban Ribovics,2025-10-22T22:04:34Z,
1044,Fares Ziam,184241,Q107210055,p2818,Farès Ziam,2021-03-20T12:12:19Z,
1045,Chris Padilla,124527,,,,,no verified article
1047,Chris Duncan,74346,,,,,no verified article
1049,Drakkar Klose,84568,Q30595230,p2818,Drakkar Klose,2017-06-22T11:57:23Z,
1051,Jim Miller,14463,Q742812,p2818,Jim Miller (fighter),2007-04-11T19:47:02Z,
1052,Marquel Mederos,302655,,,,,no verified article
1053,Ludovit Klein,183159,Q100396352,p2818,Ľudovít Klein,2021-08-10T04:15:18Z,
1062,Mateusz Rebecki,146417,,,,,no verified article
1068,Jai Herbert,168551,Q109137956,p2818,Jai Herbert,2020-08-30T01:10:44Z,
1072,Jared Gordon,74057,Q30944937,p2818,Jared Gordon,2017-06-26T07:35:54Z,
1076,Lance Gibson Jr.,217915,,,,,no verified article
1078,Joaquim Silva,146291,Q26689637,p2818,Joaquim Silva (fighter),2016-08-05T14:45:44Z,
1082,Kaue Fernandes,297051,,,,,no verified article
1083,Nasrat Haqparast,122581,Q58009240,p2818,Nasrat Haqparast,2018-10-28T04:02:57Z,
1099,Michael Johnson,68788,Q4896337,p2818,Michael Johnson (fighter),2010-06-25T02:19:52Z,
1104,Guram Kutateladze,127817,,,,,no verified article
1108,Daniel Zellhuber,238903,Q124527720,p2818,Daniel Zellhuber,2024-02-26T09:27:09Z,
1109,Gauge Young,325407,,,,,no verified article
1110,Thiago Moises,130351,Q94430990,p2818,Thiago Moisés,2020-05-14T17:18:29Z,
1111,Claudio Puelles,105897,Q70828996,p2818,Claudio Puelles,2019-10-14T05:41:48Z,
1124,Marcin Held,47065,Q6757213,p2818,Marcin Held,2010-08-12T17:32:52Z,
1137,Jamie Mullarkey,68104,Q106241967,p2818,Jamie Mullarkey,2021-02-17T06:11:56Z,
1142,Matt Frevola,100247,Q51140985,p2818,Matt Frevola,2017-12-11T23:39:06Z,
1153,Edson Barboza,46259,Q5340297,p2818,Edson Barboza,2010-08-08T00:58:03Z,
1157,T.J. Brown,172347,Q106778729,p2818,T.J. Brown,2021-02-10T09:07:59Z,
1183,Dakota Hope,293145,,,,,no verified article
1194,Elves Brener,224229,,,,,no verified article
1215,Bolaji Oki,276669,,,,,no verified article
1225,Maheshate Hayisaer,336819,,,,,no verified article
1241,Makwan Amirkhani,69406,Q18680591,p2818,Makwan Amirkhani,2015-01-26T22:26:12Z,
1248,Alexander Volkanovski,101527,Q30123133,p2818,Alexander Volkanovski,2017-06-01T12:51:00Z,
1249,Aljamain Sterling,66313,Q17403242,p2818,Aljamain Sterling,2014-07-17T03:49:30Z,
1251,Movsar Evloev,183539,Q47453148,p2818,Movsar Evloev,2020-06-28T02:00:08Z,
1254,Lerone Murphy,209721,Q104966783,p2818,Lerone Murphy,2020-12-05T17:46:59Z,
1255,Arnold Allen,97499,Q23007609,p2818,Arnold Allen,2016-02-29T13:40:25Z,
1259,Youssef Zalal,229985,Q97163112,p2818,Youssef Zalal,2020-07-26T13:34:36Z,
1270,Nathaniel Wood,82395,Q61435520,p2818,Nathaniel Wood (fighter),2019-02-02T17:57:44Z,
1272,Josh Emmett,85885,Q30070477,p2818,Josh Emmett,2017-05-25T09:41:33Z,
1281,Losene Keita,287481,Q115821268,p2818,Losene Keita,2024-12-30T06:38:12Z,
1285,Joanderson Brito,181115,Q133797867,manual,Joanderson Brito,2026-06-19T01:37:14Z,
1288,William Gomis,217407,,,,,no verified article
1293,Jamall Emmers,84139,Q108312230,p2818,Jamall Emmers,2020-12-15T21:48:30Z,
1294,Jose Mariscal,171651,,,,,no verified article
1295,Jose Delgado,307733,,,,,no verified article
1296,Sean Woodson,235563,Q107124951,p2818,Sean Woodson,2020-10-15T03:30:18Z,
1305,Calvin Kattar,23782,Q47539972,p2818,Calvin Kattar,2017-11-25T18:19:39Z,
1308,Giga Chikadze,213745,Q95453345,p2818,Giga Chikadze,2020-05-24T22:45:29Z,
1311,Kai Kamaka III,117585,Q106684765,p2818,Kai Kamaka III,2021-02-15T03:36:29Z,
1317,Julio Arce,71299,Q58239072,p2818,Julio Arce,2018-11-04T01:23:38Z,
1319,Andre Fili,58385,Q16233140,p2818,Andre Fili,2013-10-16T23:43:04Z,
1321,Christian Rodriguez,303043,,,,,no verified article
1322,Morgan Charriere,186243,,,,,no verified article
1331,Miles Johns,172691,Q108829904,p2818,Miles Johns,2020-09-27T23:44:02Z,
1333,Jordan Leavitt,259871,Q110197492,p2818,Jordan Leavitt,2021-09-26T18:26:11Z,
1341,Enrique Barzola,129351,Q29810460,p2818,Enrique Barzola,2017-07-11T01:32:16Z,
1358,Danny Silva,310429,,,,,no verified article
1363,Zha Yi,228277,,,,,no verified article
1364,Julian Erosa,71442,Q97306946,p2818,Julian Erosa,2020-06-28T01:07:37Z,
1373,Hyder Amil,269917,Q134727294,manual,Hyder Amil,2025-06-07T12:25:38Z,
1375,Jack Jenkins,228039,,,,,no verified article
1390,Hakeem Dawodu,158725,Q45175157,p2818,Hakeem Dawodu,2017-12-08T12:43:26Z,
1401,Francis Marshall,282887,,,,,no verified article
1436,Darren Elkins,22094,Q5224904,p2818,Darren Elkins,2010-03-01T21:27:04Z,
1459,Caolan Loughran,250567,,,,,no verified article
1462,Geraldo de Freitas Jr.,107229,Q101800021,p2818,Geraldo de Freitas,2020-10-21T20:56:08Z,
1468,Ricardo Ramos,121143,Q44070424,p2818,Ricardo Ramos (fighter),2017-11-23T21:30:40Z,
1498,Petr Yan,186873,Q54218657,p2818,Petr Yan,2018-05-24T19:27:12Z,
1499,Merab Dvalishvili,157355,Q48471377,p2818,Merab Dvalishvili,2017-12-10T09:27:11Z,
1501,Yadong Song,103807,Q56809033,p2818,Song Yadong,2018-09-23T23:55:31Z,
1503,Mario Bautista,128107,Q86954930,p2818,Mario Bautista,2020-03-03T04:37:23Z,
1504,Cory Sandhagen,112869,Q60769310,p2818,Cory Sandhagen,2019-01-21T19:50:15Z,
1505,Aiemann Zahabi,121009,Q30069975,p2818,Aiemann Zahabi,2017-05-15T17:40:54Z,
1506,Deiveson Figueiredo,110485,Q48122905,p2818,Deiveson Figueiredo,2018-02-20T11:01:03Z,
1510,Sergio Pettis,50987,Q14191086,p2818,Sergio Pettis,2013-03-18T22:28:16Z,
1511,Marlon Vera,97179,Q18704247,p2818,Marlon Vera,2016-03-02T15:11:49Z,
1512,Charles Jourdain,210843,Q96374792,p2818,Charles Jourdain,2020-06-14T02:32:28Z,
1516,Daniel Marcos,205313,Q124538366,p2818,Daniel Marcos,2024-03-27T14:50:47Z,
1517,Raoni Barcelos,94587,Q20028301,p2818,Raoni Barcelos,2017-12-10T10:03:03Z,
1518,Farid Basharat,222641,Q123849055,p2818,Farid Basharat,2023-12-10T20:25:42Z,
1520,Montel Jackson,206717,Q63208572,p2818,Montel Jackson,2019-04-18T12:25:03Z,
1522,Rob Font,76100,Q17466006,p2818,Rob Font,2016-03-24T14:14:37Z,
1527,Jean Matsumoto,263061,,,,,no verified article
1530,Chris Gutierrez,59736,Q5106746,p2818,Chris Gutierrez,2008-07-11T02:17:27Z,
1533,Naoki Inoue,158487,Q30502025,p2818,Naoki Inoue,2017-06-18T07:35:13Z,
1535,Adrian Yanez,86354,Q107638714,p2818,Adrian Yañez,2021-06-14T06:19:21Z,
1539,Davey Grant,30564,Q33133504,p2818,Davey Grant,2017-07-21T23:33:57Z,
1540,Ricky Simon,111209,Q61663571,p2818,Ricky Simón,2019-02-10T06:30:38Z,
1546,Said Nurmagomedov,103961,Q48471434,p2818,Said Nurmagomedov,2020-03-16T12:24:17Z,
1602,Eric Shelton,86414,Q42289471,p2818,Eric Shelton (fighter),2017-10-10T03:59:09Z,
1626,Zhalgas Zhumagulov,176945,Q107485020,p2818,Zhalgas Zhumagulov,2020-07-15T19:37:34Z,
1640,Nathan Fletcher,275293,,,,,no verified article
1645,Timothy Cuamba,316223,,,,,no verified article
1647,Chang Ho Lee,258443,,,,,no verified article
1691,Long Xiao,233007,,,,,no verified article
1710,Rangbo Sulang,387333,,,,,no verified article
1737,Lawrence Lui,327003,,,,,no verified article
1747,Joshua Van,365973,Q131411649,p2818,Joshua Van,2025-01-02T02:46:57Z,
1748,Alexandre Pantoja,25023,Q27999203,p2818,Alexandre Pantoja,2017-05-30T14:35:57Z,
1749,Manel Kape,101189,Q56886154,p2818,Manel Kape,2020-04-23T17:31:04Z,
1750,Tatsuro Taira,293975,Q108109936,p2818,Tatsuro Taira,2023-02-10T18:02:28Z,
1751,Brandon Royval,83851,Q102225197,p2818,Brandon Royval,2020-07-18T03:12:45Z,
1753,Brandon Moreno,80173,Q27957350,p2818,Brandon Moreno,2016-12-04T23:43:11Z,
1756,Kai Kara-France,73692,Q27999448,p2818,Kai Kara-France,2018-12-02T11:22:05Z,
1762,Tagir Ulanbekov,149259,Q101229278,p2818,Tagir Ulanbekov,2020-07-15T19:38:25Z,
1766,Su Mudaerji,228263,Q102822052,p2818,Su Mudaerji,2020-09-16T22:16:58Z,
1770,Joseph Morales,123553,,,,,no verified article
1772,Amir Albazi,51365,Q78095043,p2818,Amir Albazi,2020-07-19T00:34:02Z,
1774,Edgar Chairez,244721,,,,,no verified article
1779,Mitch Raposo,278793,,,,,no verified article
1792,Bruno Silva,118601,Q100270431,p2818,Bruno Gustavo da Silva,2020-08-12T17:45:04Z,
1797,Nyamjargal Tumendemberel,403608,,,,,no verified article
1811,Ode Osbourne,137969,Q83093836,p2818,Ode' Osbourne,2021-04-07T04:50:57Z,
1817,Felipe Bunes,135973,,,,,no verified article
1827,Jesus Santos Aguilar,203965,,,,,no verified article
2251,Mackenzie Dern,137171,Q21005601,p2818,Mackenzie Dern,2015-11-04T03:09:40Z,
2254,Denise Gomes,382138,Q122272654,p2818,Denise Gomes,2023-09-07T03:40:16Z,
2258,Xiaonan Yan,67828,Q27951758,p2818,Yan Xiaonan,2017-12-10T10:08:15Z,
2259,Tabatha Ricci,152919,Q112110663,p2818,Tabatha Ricci,2022-02-23T13:35:34Z,
2260,Amanda Lemos,173973,Q98684485,p2818,Amanda Lemos,2020-07-13T04:35:03Z,
2261,Iasmin Lucindo,264861,Q136898149,p2818,Iasmin Lucindo,2025-11-05T17:13:33Z,
2262,Lupita Godinez,246543,Q108911599,p2818,Loopy Godinez,2021-10-13T04:49:21Z,
2263,Tecia Pennington,85096,Q15546307,p2818,Tecia Pennington,2013-12-12T15:24:58Z,
2264,Angela Hill,148517,Q20979276,p2818,Angela Hill,2015-09-01T17:49:49Z,
2265,Piera Rodriguez,247469,,,,,no verified article
2266,Jessica Andrade,100715,Q15131640,p2818,Jéssica Andrade,2013-07-26T22:23:37Z,
2268,Ketlen Souza,272209,Q116257126,p2818,Ketlen Souza,2023-01-19T05:58:56Z,
2269,Amanda Ribas,171625,Q85868632,p2818,Amanda Ribas,2020-03-15T00:20:25Z,
2271,Talita Alencar,386905,Q85877553,p2818,Talita Alencar,2023-03-23T11:27:05Z,
2275,Mizuki Inoue,71390,Q6884821,p2818,Mizuki Inoue,2010-12-18T04:47:32Z,
2280,Sam Hughes,231521,,,,,no verified article
2283,Stephanie Luciano,265743,,,,,no verified article
2295,Alice Ardelean,181889,,,,,no verified article
2298,Nicolle Caliari,202195,,,,,no verified article
2301,Victoria Dudakova,333829,,,,,no verified article
2307,Konklak Suphisara,270881,Q47545334,p2818,Loma Lookboonmee,2019-10-25T12:06:47Z,
2316,Karolina Kowalkiewicz,101401,Q16565693,p2818,Karolina Kowalkiewicz,2015-12-20T02:29:06Z,
2319,Ashley Yoder,39298,Q31202427,p2818,Ashley Yoder,2017-06-30T01:33:29Z,
2332,Vanessa Demopoulos,118775,Q112722857,p2818,Vanessa Demopoulos,2022-04-13T15:53:45Z,
2341,Shauna Bannon,315165,,,,,no verified article
2353,Elise Reed,278133,Q112110677,p2818,Elise Reed,2022-05-04T07:26:20Z,
2362,Puja Tomar,148323,Q126465122,p2818,Puja Tomar,2025-03-22T14:20:01Z,
2363,Polyana Viana,153951,Q48468666,p2818,Polyana Viana,2017-12-18T12:04:23Z,
2451,Yair Rodriguez,106305,Q19668247,p2818,Yair Rodríguez,2015-02-26T14:44:07Z,
2634,Ketlen Vieira,178961,Q31966537,p2818,Ketlen Vieira,2017-07-05T10:05:23Z,
2637,Taila Santos,143185,Q104384202,p2818,Taila Santos,2020-10-05T14:46:24Z,
2673,Carli Judice,381889,,,,,no verified article
2674,Jeisla Chaves,424297,,,,,no verified article
2790,Montana De La Rosa,175479,Q47502989,p2818,Montana De La Rosa,2017-12-10T10:08:40Z,
2833,Andre Lima,201199,Q134458124,p2818,André Lima (fighter),2026-04-23T10:06:59Z,
2835,Julia Polastri,266047,,,,,no verified article
2837,Meng Ding,241311,,,,,no verified article
2865,Brandon Davis,67782,Q55605870,p2818,Brandon Davis,2018-06-03T07:16:10Z,
3042,Dennis Buzukja,286225,,,,,no verified article
3052,Liz Carmouche,67007,Q1523288,p2818,Liz Carmouche,2011-02-24T00:12:45Z,
3056,Ariane Lipski da Silva,147487,Q26251018,p2818,Ariane Lipski da Silva,2019-11-17T10:46:18Z,
3063,Patrick Mix,161007,Q101079395,p2818,Patchy Mix,2020-11-01T20:05:11Z,
3187,Charles Johnson,254715,Q130733620,p2818,Charles Johnson (fighter),2024-11-11T07:56:29Z,
3367,Allan Nascimento,87857,Q140516374,p2818,Allan Nascimento,2026-08-04T04:45:15Z,
3370,Karol Rosa,115135,Q105359215,p2818,Karol Rosa,2020-08-27T09:45:22Z,
3428,Nick Maximov,302823,Q112033010,p2818,Nick Maximov,2022-02-27T03:05:16Z,
3438,Joe Giannetti,176087,,,,,no verified article
3471,Yana Santos,49412,Q8048201,p2818,Yana Santos,2011-05-07T01:05:51Z,
3472,Jeong Yeong Lee,135897,,,,,no verified article
3476,Gabriella Fernandes,232327,,,,,no verified article
3479,Johnny Walker,170203,Q61478503,p2818,Johnny Walker (fighter),2019-02-03T16:59:55Z,
3481,Rafael dos Anjos,11675,Q5961540,p2818,Rafael dos Anjos,2008-07-14T05:14:35Z,
3530,Gerald Meerschaert,21501,Q30323752,p2818,Gerald Meerschaert,2017-06-17T03:55:41Z,
3532,Alice Pereira,433004,,,,,no verified article
3533,Francisco Prado,337565,,,,,no verified article
3535,Ernesta Kareckaite,319093,,,,,no verified article
3536,Melissa Gatto,193547,Q111905660,p2818,Melissa Gatto,2019-12-08T11:57:20Z,
3561,Jamey-Lyn Horth,246541,,,,,no verified article
3562,Katlyn Cerminara,119071,Q26256197,p2818,Katlyn Cerminara,2017-03-28T13:13:47Z,
3583,Norma Dumont,233587,Q106950074,p2818,Norma Dumont,2021-01-21T19:52:49Z,
3587,John Castaneda,86536,Q110825835,p2818,John Castañeda,2020-07-18T23:40:16Z,
3588,Heili Alateng,150691,Q99937818,p2818,Alateng Heili,2020-10-04T00:35:17Z,
3590,Brady Hiestand,249533,,,,,no verified article
3646,Casey O'Neill,175007,Q108779860,p2818,Casey O'Neill,2021-02-19T23:43:24Z,
3647,Eduarda Moura,395040,,,,,no verified article
3650,Alexa Grasso,142845,Q19560601,p2818,Alexa Grasso,2015-02-19T00:53:33Z,
3652,Dan Ige,136499,Q48226886,p2818,Dan Ige,2017-12-18T12:06:38Z,
3653,Ignacio Bahamondes,221417,Q111023906,p2818,Ignacio Bahamondes,2021-10-30T07:07:49Z,
3654,J.J. Aldrich,75565,,,,,no verified article
3689,Nora Cornolle,367103,Q122819719,p2818,Nora Cornolle,2024-11-17T04:30:33Z,
3733,Matt Schnell,47006,Q39075126,p2818,Matt Schnell,2017-09-04T03:09:35Z,
3735,Yuneisy Duben,278389,,,,,no verified article
3746,Alex Pereira,224511,Q15987809,p2818,Alex Pereira,2014-02-24T07:10:04Z,
3747,Sean O'Malley,135099,Q45189135,p2818,Sean O'Malley (fighter),2017-11-25T18:14:23Z,
3781,King Green,27953,Q4935065,p2818,King Green,2010-01-14T18:25:51Z,
3782,Jeremy Stephens,12179,Q6181926,p2818,Jeremy Stephens,2007-04-14T21:28:23Z,
3783,Benson Henderson,20548,Q1349552,p2818,Benson Henderson,2009-02-26T03:08:41Z,
3846,Max Holloway,38671,Q6794874,p2818,Max Holloway,2012-01-20T02:39:50Z,
3849,Tracy Cortez,160955,Q61983615,p2818,Tracy Cortez,2019-03-06T11:56:16Z,
3866,Felipe dos Santos,324589,,,,,no verified article
3903,Jacqueline Cavalcanti,293351,Q131151601,p2818,Jacqueline Cavalcanti,2024-11-12T07:58:33Z,
3911,Rhys McKee,145609,Q138750827,manual,Rhys McKee,2026-03-21T08:46:25Z,
3931,Ali AlQaisi,196307,,,,,no verified article
3960,Joselyne Edwards,156643,Q109186905,p2818,Joselyne Edwards,2021-06-02T15:22:16Z,
4003,Lucie Pudilova,159569,Q39349685,p2818,Lucie Pudilová,2017-09-11T06:15:01Z,
4004,David Zawada,72910,Q48849509,p2818,David Zawada,2019-11-11T07:47:49Z,
4037,Ivana Petrovic,331333,,,,,no verified article
4111,Lando Vannata,82446,Q27306762,p2818,Lando Vannata,2016-10-15T11:55:34Z,
4211,Cub Swanson,11002,Q3699031,p2818,Cub Swanson,2007-12-17T07:37:14Z,
4367,Maycee Barber,253613,Q58454724,p2818,Maycee Barber,2019-03-03T08:08:42Z,
4370,Montserrat Rendon,392870,,,,,no verified article
4374,Charles Oliveira,30300,Q5081361,p2818,Charles Oliveira,2010-04-30T23:18:46Z,
4375,Ricky Turcios,80671,,,,,no verified article
4399,Jakub Wiklacz,169259,,,,,no verified article
4403,Macy Chiasson,190279,Q57210892,p2818,Macy Chiasson,2019-05-06T14:31:11Z,
4455,Rose Namajunas,69083,Q16226725,p2818,Rose Namajunas,2013-07-14T02:00:00Z,
4456,Adam Fugitt,206917,Q139806554,manual,Adam Fugitt,2026-04-04T17:14:42Z,
4460,Marc Diakiese,111545,Q26250955,p2818,Marc Diakiese,2017-03-18T23:24:34Z,
4500,Tamires Vidal,293451,,,,,no verified article
4515,Josh Parisian,181225,Q57210897,p2818,Josh Parisian,2021-09-10T15:10:50Z,
4784,Kevin Natividad,84807,,,,,no verified article
4922,Valentina Shevchenko,45384,Q4522047,p2818,Valentina Shevchenko,2014-10-20T03:06:49Z,
4923,Weili Zhang,186663,Q61949317,p2818,Zhang Weili,2019-03-03T07:19:27Z,
4924,Viacheslav Borshchev,337895,,,,,no verified article
4925,Henry Cejudo,125297,Q933481,p2818,Henry Cejudo,2005-12-19T06:20:02Z,
4926,Mairon Santos,297155,,,,,no verified article
4945,Isaac Dulgarian,374778,,,,,no verified article
5038,Lucas Almeida,191243,,,,,no verified article
5105,Ramon Taveras,332055,,,,,no verified article
5107,Rolando Bedoya,178707,,,,,no verified article
5109,Luana Carolina,189719,Q106689220,p2818,Luana Carolina,2021-04-01T05:14:07Z,
5151,Azat Maksum,257699,,,,,no verified article
5160,James Llontop,191443,,,,,no verified article
5218,Rogerio Bontorin,132211,,,,,no verified article
5250,Danny Barlow,336147,,,,,no verified article
5251,Veronica Hardy,180217,Q61813121,p2818,Veronica Hardy,2019-02-22T14:23:13Z,
5346,Austin Hubbard,191483,Q87475349,p2818,Austin Hubbard,2020-03-11T09:41:55Z,
5409,Julija Stoliarenko,143533,Q57210873,p2818,Julija Stoliarenko,2020-03-06T13:11:48Z,
5410,Danny Roberts,64677,Q27830853,p2818,Danny Roberts (fighter),2016-08-26T12:51:56Z,
5578,Lauren Murphy,66725,Q15290605,p2818,Lauren Murphy,2013-06-20T02:13:05Z,
5640,Miranda Maverick,230031,Q50309878,p2818,Miranda Maverick,2018-03-02T15:31:01Z,
5685,Enrique Marin,27077,,,,,no verified article
5708,Michel Prazeres,22218,Q16222394,p2818,Michel Prazeres,2014-04-04T08:53:29Z,
5799,Carlos Hernandez,171603,,,,,no verified article
5800,Luana Pinheiro,237525,Q109632784,p2818,Luana Pinheiro,2022-02-08T16:08:23Z,
5816,Julianna Pena,50883,Q15987784,p2818,Julianna Peña,2013-12-01T06:30:12Z,
5855,Jose Aldo,11506,Q512119,p2818,José Aldo,2009-01-24T04:30:58Z,
5875,Rayanne dos Santos,230789,Q118151751,p2818,Rayanne dos Santos,2023-05-05T02:20:37Z,
5876,Serhiy Sidey,220713,,,,,no verified article
5878,Marina Rodriguez,193977,Q66982192,p2818,Marina Rodriguez,2019-09-01T15:57:37Z,
5983,Clay Collard,78465,Q20090479,p2818,Clay Collard,2015-06-05T04:07:59Z,
6026,John Dodson,11660,Q2083860,p2818,John Dodson (fighter),2011-07-06T07:27:23Z,
6045,Victor Henry,52195,Q66479774,p2818,Victor Henry (fighter),2020-07-15T19:35:48Z,
6077,Jarred Brooks,174665,Q32857433,p2818,Jarred Brooks,2017-07-10T11:28:37Z,
6107,John Allan,114875,Q109483919,p2818,John Allan (fighter),2020-09-02T04:05:20Z,
6175,C.J. Vergara,72117,Q117243120,p2818,C. J. Vergara,2023-03-21T15:54:28Z,
6179,Seung Woo Choi,205299,Q79965224,p2818,Seung Woo Choi,2019-12-27T12:17:08Z,
6182,Josiane Nunes,147215,Q123834857,p2818,Josiane Nunes,2023-12-15T04:13:12Z,
6183,Armen Petrosyan,302783,Q109489660,p2818,Armen Petrosyan (fighter),2023-11-22T03:05:46Z,
6184,Gunnar Nelson,25246,Q3480456,p2818,Gunnar Nelson (fighter),2009-10-01T12:11:30Z,
6189,Julian Marquez,77743,Q50278023,p2818,Julian Marquez,2017-09-27T12:40:45Z,
6190,Andrea Lee,149037,Q21067265,p2818,Andrea Lee (fighter),2015-09-18T20:11:31Z,
6229,Kalindra Faria,48080,Q20042609,p2818,Kalindra Faria,2017-11-21T17:26:57Z,
6235,Jairzinho Rozenstruik,102803,Q73362309,p2818,Jairzinho Rozenstruik,2019-10-17T22:44:57Z,
6236,Damir Hadzovic,56139,Q31193474,p2818,Damir Hadžović,2017-06-28T00:32:55Z,
6251,Justin Tafa,254717,Q84625825,p2818,Justin Tafa,2020-02-09T01:41:56Z,
6252,Gabriel Santos,179211,,,,,no verified article
6320,Abdul Razak Alhassan,151701,Q28729618,p2818,Abdul Razak Alhassan,2017-02-07T19:04:20Z,
6323,Trey Ogden,187343,,,,,no verified article
6324,Preston Parsons,173219,,,,,no verified article
6326,Joe Solecki,227993,Q106454937,p2818,Joe Solecki,2021-03-02T23:30:42Z,
6478,Jon Jones,27944,Q285450,p2818,Jon Jones,2008-08-06T22:03:33Z,
6480,Jonathan Martinez,124959,Q65555171,p2818,Jonathan Martinez,2019-07-14T00:17:26Z,
6481,Damon Jackson,113767,Q17916907,p2818,Damon Jackson,2014-09-04T07:47:07Z,
6482,Bassil Hafez,116663,,,,,no verified article
6484,Matthew Semelsberger,251541,Q107301235,p2818,Matthew Semelsberger,2021-05-14T07:49:51Z,
6485,Cody Stamann,61896,Q31834005,p2818,Cody Stamann,2017-07-04T11:00:06Z,
6488,Magomed Bibulatov,141553,Q18215341,p2818,Magomed Bibulatov,2017-05-17T17:11:28Z,
6500,Trevin Giles,111237,Q48471340,p2818,Trevin Giles,2019-07-16T07:03:51Z,
6501,Pedro Munhoz,52407,Q17518893,p2818,Pedro Munhoz,2014-06-02T07:31:01Z,
6502,Jack Shore,110177,Q106459264,p2818,Jack Shore,2019-04-28T00:07:29Z,
6503,Garrett Armfield,254941,,,,,no verified article
6533,Matheus Nicolau,69341,Q25894208,p2818,Matheus Nicolau,2016-09-26T19:16:42Z,
6534,Jessica Penne,21247,Q3808148,p2818,Jessica Penne,2012-10-09T06:17:53Z,
6535,Leandro Silva,86382,Q20640697,p2818,Leandro Silva (fighter),2015-05-26T06:57:34Z,
6552,Cory McKenna,178347,Q115754139,p2818,Cory McKenna,2022-03-05T02:21:19Z,
6557,Clay Guida,8184,Q2697063,p2818,Clay Guida,2007-06-17T02:08:09Z,
6619,Scott Askham,40518,Q20675912,p2818,Scott Askham,2015-07-03T16:56:01Z,
6623,Raquel Pennington,75564,Q15987788,p2818,Raquel Pennington,2013-12-05T02:28:48Z,
6624,Ovince St. Preux,38842,Q7114164,p2818,Ovince Saint Preux,2010-11-21T12:06:00Z,
6625,Carla Esparza,63410,Q2679034,p2818,Carla Esparza,2012-10-12T02:24:55Z,
6626,Tim Means,11281,Q7803967,p2818,Tim Means,2012-02-14T18:14:37Z,
6637,Victor Altamirano,212269,,,,,no verified article
6638,Steven Ray,59838,Q20713385,p2818,Stevie Ray (fighter),2015-07-17T05:51:39Z,
6640,Robert Whiteford,47105,Q18390771,p2818,Rob Whiteford,2014-10-30T13:47:52Z,
6653,Irene Aldana,148377,Q19559930,p2818,Irene Aldana,2015-02-28T22:53:36Z,
6656,Mike Perry,176179,Q27749823,p2818,Mike Perry (fighter),2016-10-14T21:43:04Z,
6658,Albert Morales,161099,Q27663235,p2818,Albert Morales,2016-10-19T13:30:17Z,
6693,Abubakar Nurmagomedov,86474,Q23772419,p2818,Abubakar Nurmagomedov,2016-04-02T14:07:12Z,
6694,Wellington Turman,157451,Q98213107,p2818,Wellington Turman,2019-11-03T02:40:10Z,
7951,Bill Algeo,77441,Q106950041,p2818,Bill Algeo,2021-03-18T20:53:38Z,
7965,Jingliang Li,26381,,,,,no verified article
7966,Joshua Culibao,222801,Q106950054,p2818,Joshua Culibao,2021-04-11T02:09:52Z,
7969,Ricky Glenn,20171,Q34414924,p2818,Ricky Glenn,2017-08-02T01:43:47Z,
7972,Josh Quinlan,290925,,,,,no verified article
7977,Alex Caceres,41586,Q4716774,p2818,Alex Caceres,2010-06-16T00:35:28Z,
7979,Warlley Alves,70750,Q16941070,p2818,Warlley Alves,2014-07-31T04:32:30Z,
7980,Kleydson Rodrigues,229541,,,,,no verified article
7981,Emily Ducote,207407,Q73264293,p2818,Emily Ducote,2019-11-02T14:59:07Z,
7982,Michelle Waterson-Gomez,23091,Q6837288,p2818,Michelle Waterson-Gomez,2009-09-10T07:17:15Z,
7983,Andrei Arlovski,270,Q2072192,p2818,Andrei Arlovski,2005-08-10T13:46:57Z,
7984,Kyung Ho Kang,24067,Q12582720,p2818,Kang Kyung-ho,2014-01-06T01:40:41Z,
7988,Gabriel Benitez,25733,Q33105056,p2818,Gabriel Benítez,2017-07-18T03:34:51Z,
7991,Holly Holm,75125,Q2414305,p2818,Holly Holm,2007-08-06T00:47:47Z,
7994,Bryan Barberena,51471,Q22958502,p2818,Bryan Barberena,2016-01-31T18:16:35Z,
7997,Mateus Mendonca,336923,,,,,no verified article
8002,Joanne Wood,94103,Q1690827,p2818,Joanne Wood,2012-02-20T09:40:57Z,
8003,Maryna Moroz,151905,Q20068355,p2818,Maryna Moroz,2015-08-25T10:56:31Z,
8010,Yohan Lainesse,295377,,,,,no verified article
8015,Mark O. Madsen,145559,Q6768700,p2818,Mark Madsen (fighter),2012-12-05T13:51:04Z,
8023,Jake Collier,83599,Q24006565,p2818,Jake Collier,2016-04-26T14:46:03Z,
8026,John Makdessi,37402,Q128479,p2818,John Makdessi,2010-12-16T00:15:48Z,
8030,Aleksa Camur,228789,Q107301207,p2818,Aleksa Camur,2021-04-02T18:32:04Z,
8035,Albert Duraev,86841,,,,,no verified article
8039,Tyson Nam,15224,Q7861789,p2818,Tyson Nam,2012-10-05T00:06:12Z,
8040,Alex Munoz,207057,,,,,no verified article
8042,Ashlee Evans-Smith,75021,Q18097353,p2818,Ashlee Evans-Smith,2016-09-03T09:28:01Z,
8043,Damir Ismagulov,181183,Q59387261,p2818,Damir Ismagulov,2018-12-01T14:19:44Z,
8044,Blagoy Ivanov,50154,Q4923861,p2818,Blagoy Ivanov,2009-03-15T21:12:36Z,
8057,Amanda Nunes,31496,Q4739716,p2818,Amanda Nunes,2011-01-09T15:41:19Z,
8058,Maria Oliveira,207835,,,,,no verified article
8060,Jinh Yu Frey,85549,Q21064601,p2818,Jinh Yu Frey,2015-08-24T16:34:04Z,
8061,Robbie Lawler,2245,Q4900149,p2818,Robbie Lawler,2005-12-02T20:34:22Z,
8063,Ilir Latifi,40207,Q5939663,p2818,Ilir Latifi,2014-07-18T05:06:14Z,
8066,Matt Brown,14310,Q3558605,p2818,Matt Brown (fighter),2008-05-30T02:32:36Z,
8068,Ji Yeon Kim,77250,Q48468659,p2818,Ji Yeon Kim (fighter),2017-10-19T16:50:26Z,
8069,Jessica-Rose Clark,115991,Q42878185,p2818,Jessica-Rose Clark,2017-11-09T07:09:50Z,
8074,Zak Cummings,31808,Q15987568,p2818,Zak Cummings,2010-11-01T13:25:40Z,
8075,Ed Herman,6561,Q5334935,p2818,Ed Herman,2006-06-16T03:48:16Z,
8077,Jorge Masvidal,7688,Q6136509,p2818,Jorge Masvidal,2007-06-21T21:43:54Z,
8078,Cynthia Calvillo,93095,Q28871497,p2818,Cynthia Calvillo,2017-03-04T18:41:01Z,
8079,Omar Morales,120645,Q94004781,p2818,Omar Morales (fighter),2020-09-09T01:34:38Z,
8080,Steven Peterson,60433,Q28465699,p2818,Steven Peterson,2014-04-08T20:24:19Z,
8081,Guido Cannetti,69513,Q20810595,p2818,Guido Cannetti,2015-08-07T00:55:12Z,
8082,Raphael Assuncao,9574,Q2029356,p2818,Raphael Assunção,2009-02-28T00:58:38Z,
8083,Tony Gravely,210575,Q106542766,p2818,Tony Gravely,2021-02-21T03:33:53Z,
8092,Leomana Martinez,130553,,,,,no verified article
8094,Zubaira Tukhugov,63813,Q16354655,p2818,Zubaira Tukhugov,2014-11-15T20:40:22Z,
8097,Glover Teixeira,4655,Q3788849,p2818,Glover Teixeira,2007-06-06T15:12:43Z,
8098,Mauricio Rua,5707,Q447881,p2818,Maurício Rua,2005-10-29T05:18:20Z,
8100,Shamil Abdurakhimov,26808,Q4054630,p2818,Shamil Abdurakhimov,2015-04-02T10:39:44Z,
8112,Scott Holtzman,78210,Q21062497,p2818,Scott Holtzman,2011-02-24T00:58:18Z,
8114,Jared Vanderaa,152987,Q108854303,p2818,Jared Vanderaa,2021-08-10T04:15:15Z,
8120,Darren Till,73436,Q30134627,p2818,Darren Till,2017-05-29T02:54:33Z,
8123,Frankie Edgar,14204,Q552182,p2818,Frankie Edgar,2007-03-15T16:43:39Z,
8124,Brad Riddell,252693,Q99670214,p2818,Brad Riddell,2020-08-19T20:07:19Z,
8126,Michael Trizano,163551,Q47523137,p2818,Michael Trizano,2019-07-14T13:56:02Z,
8127,Nicolae Negumereanu,237147,Q62075618,p2818,Nicolae Negumereanu,2019-03-16T09:10:44Z,
8128,Misha Cirkunov,59197,Q23007951,p2818,Misha Cirkunov,2016-02-10T01:00:21Z,
8133,Francisco Trinaldo,31103,Q5483998,p2818,Francisco Trinaldo,2010-08-30T18:20:10Z,
8134,Alexey Oleynik,2027,Q4333491,p2818,Aleksei Oleinik,2009-05-22T17:04:30Z,
8138,Darian Weeks,223693,,,,,no verified article
8140,Yanan Wu,203195,,,,,no verified article
8142,Leonardo Santos,4810,Q10317364,p2818,Leonardo Santos (fighter),2011-11-14T19:05:38Z,
8145,Dominick Cruz,12107,Q713618,p2818,Dominick Cruz,2009-02-26T17:12:09Z,
8146,Nina Nunes,69632,Q19366433,p2818,Nina Nunes,2015-03-01T01:41:45Z,
8149,Sam Alvey,35410,Q17403157,p2818,Sam Alvey,2014-11-09T17:56:04Z,
8151,Alessio Di Chirico,89875,Q23835830,p2818,Alessio Di Chirico,2017-06-24T06:01:10Z,
8163,Alexander Gustafsson,26162,Q723744,p2818,Alexander Gustafsson,2009-04-22T02:47:46Z,
8164,Charles Rosa,71116,Q20011584,p2818,Charles Rosa,2015-02-24T20:06:59Z,
8166,Shane Burgos,76052,Q30639697,p2818,Shane Burgos,2017-05-15T14:44:11Z,
8167,Dwight Grant,68983,Q63254358,p2818,Dwight Grant,2019-04-22T11:17:48Z,
8168,Antonina Shevchenko,45389,Q4522042,p2818,Antonina Shevchenko,2017-06-26T16:54:25Z,
8169,Cortney Casey,91121,Q27835263,p2818,Cortney Casey,2017-03-28T14:51:04Z,
8170,Karl Roberson,132605,Q23664723,p2818,Karl Roberson,2016-03-18T22:29:45Z,
8173,Gloria de Paula,230933,Q110969530,p2818,Gloria de Paula,2021-12-09T08:19:09Z,
8175,Deron Winn,248699,Q18424143,p2818,Deron Winn,2020-02-11T06:02:58Z,
8177,Raulian Paiva,167575,Q87074053,p2818,Raulian Paiva,2020-03-04T20:09:36Z,
8178,T.J. Dillashaw,62507,Q7668016,p2818,T.J. Dillashaw,2011-11-03T05:22:00Z,
8179,Joanna Jedrzejczyk,101411,Q14436702,p2818,Joanna Jędrzejczyk,2014-08-11T17:34:09Z,
8180,Poliana Botelho,164275,Q38540547,p2818,Poliana Botelho,2017-09-03T23:00:08Z,
8182,Felice Herrig,42432,Q1402979,p2818,Felice Herrig,2008-03-08T19:57:34Z,
8183,Jeff Molina,218069,Q112234157,p2818,Jeff Molina,2022-02-27T03:09:25Z,
8185,Leah Letson,150829,Q114451703,p2818,Leah Letson,2022-06-20T22:25:12Z,
8189,Maurice Greene,85198,Q57210895,p2818,Maurice Greene (fighter),2019-06-29T23:55:36Z,
8201,Felipe Colares,144701,Q96271290,p2818,Felipe Colares,2020-06-13T22:17:18Z,
8203,Uriah Hall,14210,Q10388252,p2818,Uriah Hall,2013-02-05T22:02:50Z,
8204,Jessica Eye,39575,Q6187190,p2818,Jessica Eye,2012-12-08T02:35:34Z,
8211,Frank Camacho,22114,Q47501247,p2818,Frank Camacho,2014-01-10T00:34:00Z,
8216,Alex Oliveira,110143,Q20716403,p2818,Alex Oliveira,2015-06-29T15:01:47Z,
8217,Devonte Smith,89163,Q66528628,p2818,Devonte Smith,2019-08-18T02:28:24Z,
8218,Marlon Moraes,30936,Q15731012,p2818,Marlon Moraes,2013-06-09T19:23:30Z,
8219,Sabina Mazo,190501,Q85678922,p2818,Sabina Mazo,2020-01-19T08:10:44Z,
8223,Mike Grundy,84263,Q6830827,p2818,Mike Grundy,2014-10-05T17:52:03Z,
8224,Alejandro Perez,13428,Q23008121,p2818,Alejandro Pérez (fighter),2016-03-04T14:59:34Z,
8228,Roxanne Modafferi,8785,Q7372368,p2818,Roxanne Modafferi,2006-01-05T11:58:17Z,
8230,Alexis Davis,22071,Q4721435,p2818,Alexis Davis (fighter),2009-04-10T18:31:40Z,
8235,Andre Ewell,204397,Q66305541,p2818,Andre Ewell,2019-08-07T14:09:25Z,
8239,Ben Rothwell,2262,Q1277223,p2818,Ben Rothwell,2007-03-09T18:52:45Z,
8240,Felicia Spencer,203909,Q46623920,p2818,Felicia Spencer,2017-12-23T18:03:50Z,
8245,Gian Villante,42802,Q5558041,p2818,Gian Villante,2010-03-16T01:53:44Z,
8247,Randa Markos,75417,Q18637615,p2818,Randa Markos,2014-12-11T21:55:09Z,
8248,Livinha Souza,128267,Q20055103,p2818,Lívia Renata Souza,2015-04-13T05:21:15Z,
8250,Shamil Gamzatov,136875,Q20084211,p2818,Shamil Gamzatov,2017-12-10T10:14:00Z,
8257,Domingo Pilarte,48495,Q108198509,p2818,Domingo Pilarte (fighter),2021-06-02T15:23:10Z,
8259,Bethe Correia,103069,Q16336900,p2818,Bethe Correia,2014-06-12T19:19:26Z,
8261,Darren Stewart,128141,Q41251816,p2818,Darren Stewart,2017-09-12T06:26:35Z,
8262,Ryan Benoit,48566,Q19609714,p2818,Ryan Benoit,2015-03-08T16:30:59Z,
8265,Casey Kenney,211031,Q87399221,p2818,Casey Kenney,2020-03-09T08:49:27Z,
8270,Marion Reneau,61266,Q19668704,p2818,Marion Reneau,2015-02-24T03:16:00Z,
8271,Carlos Condit,6765,Q1189705,p2818,Carlos Condit,2007-09-17T02:48:04Z,
8272,Omari Akhmedov,83462,Q15987775,p2818,Omari Akhmedov,2013-11-10T13:40:17Z,
8274,Justin Jaynes,53713,Q96607930,p2818,Justin Jaynes,2020-06-23T16:20:43Z,
8275,Yancy Medeiros,27738,Q8048309,p2818,Yancy Medeiros,2010-11-01T14:44:40Z,
8276,Walt Harris,72046,Q18589156,p2818,Walt Harris (fighter),2014-11-20T16:26:07Z,
8277,Dhiego Lima,59607,Q20716662,p2818,Dhiego Lima,2015-03-03T18:05:55Z,
8278,Roque Martinez,22115,Q107301223,p2818,Roque Martinez,2021-03-07T07:56:21Z,
8279,Lara Fritzen,164341,,,,,no verified article
8280,Demian Maia,14637,Q2408759,p2818,Demian Maia,2008-02-27T02:14:18Z,
8282,Ronaldo Souza,8394,Q2528114,p2818,Ronaldo Souza,2007-02-13T17:21:15Z,
8283,Kevin Aguilar,57838,Q65030915,p2818,Kevin Aguilar (mixed martial artist),2019-07-02T14:21:55Z,
8288,Stefan Sekulic,151125,,,,,no verified article
8289,Justine Kish,67098,Q18057194,p2818,Justine Kish,2014-09-16T04:56:53Z,
8290,Luis Pena,174693,Q47523135,p2818,Luis Peña (fighter),2018-07-14T21:36:14Z,
8292,Anthony Birchak,53300,Q20090298,p2818,Anthony Birchak,2015-06-07T22:15:37Z,
8297,Hunter Azure,251727,Q99162508,p2818,Hunter Azure,2020-08-31T11:36:23Z,
8303,Joseph Benavidez,15008,Q2059587,p2818,Joseph Benavidez,2008-12-04T01:39:34Z,
8306,Jimmie Rivera,40954,Q15987709,p2818,Jimmie Rivera,2013-06-30T20:04:22Z,
8309,Martin Day,155883,Q104834034,p2818,Martin Day (fighter),2020-09-16T22:17:31Z,
8310,Nik Lentz,15058,Q4189685,p2818,Nik Lentz,2009-09-09T20:09:42Z,
8314,Anthony Pettis,26627,Q2057232,p2818,Anthony Pettis,2009-08-25T20:09:46Z,
8319,Paul Felder,68205,Q18764053,p2818,Paul Felder,2015-01-07T17:49:11Z,
8322,Jack Marshman,47545,Q30502234,p2818,Jack Marshman,2017-06-20T10:48:06Z,
8324,Justin Ledet,72052,Q30323449,p2818,Justin Ledet,2017-05-16T20:51:54Z,
8325,Claudia Gadelha,48404,Q14308711,p2818,Cláudia Gadelha,2013-07-16T18:38:58Z,
8326,Alan Jouban,65878,Q17541350,p2818,Alan Jouban,2014-08-17T19:08:35Z,
8327,James Krause,31766,Q6137468,p2818,James Krause (fighter),2009-11-06T13:24:18Z,
8328,John Phillips,13470,Q48468627,p2818,John Phillips (fighter),2017-12-10T09:56:34Z,
8332,Cole Smith,153345,Q98926076,p2818,Cole Smith (fighter),2020-08-31T12:05:39Z,
8337,Mirsad Bektic,59766,Q19609701,p2818,Mirsad Bektić,2015-02-26T17:17:54Z,
8338,Mara Romero Borella,164915,Q47502997,p2818,Mara Romero Borella,2018-09-17T07:42:07Z,
8339,Irwin Rivera,78383,Q99507051,p2818,Irwin Rivera,2020-08-24T07:38:50Z,
8341,Ricardo Lamas,32051,Q3934314,p2818,Ricardo Lamas,2009-03-01T04:26:20Z,
8343,Hannah Cifers,117571,Q66759059,p2818,Hannah Cifers,2019-08-26T10:23:09Z,
8345,Jeff Hughes,23793,Q72385537,p2818,Jeff Hughes (fighter),2019-10-26T10:31:22Z,
8346,Frankie Saenz,55410,Q19979373,p2818,Frankie Saenz,2015-02-25T15:53:50Z,
8348,Antonio Rogerio Nogueira,2270,Q2735668,p2818,Antônio Rogério Nogueira,2006-02-08T07:48:59Z,
8349,Fabricio Werdum,8390,Q574476,p2818,Fabrício Werdum,2005-10-31T02:40:06Z,
8357,Ray Borg,84752,Q18637177,p2818,Ray Borg,2014-11-13T04:55:18Z,
8358,Lyman Good,14207,Q11346566,p2818,Lyman Good,2009-04-15T17:44:50Z,
8362,Mark De La Rosa,151745,Q47523202,p2818,Mark De La Rosa,2017-12-22T17:58:06Z,
8363,Anthony Rocco Martin,80436,Q18394782,p2818,Anthony Rocco Martin,2014-10-24T21:10:18Z,
8365,Jussier Formiga,36939,Q6315683,p2818,Jussier Formiga,2009-11-28T03:06:29Z,
8367,Daniel Cormier,52311,Q644831,p2818,Daniel Cormier,2008-04-06T23:14:05Z,
8369,Yoel Romero,60762,Q941268,p2818,Yoel Romero,2009-09-28T11:34:42Z,
8371,Magomed Mustafaev,80231,Q21642828,p2818,Magomed Mustafaev,2015-11-08T05:15:56Z,
8376,Rustam Khabilov,45417,Q4494408,p2818,Rustam Khabilov,2012-01-17T10:03:38Z,
8377,Grigory Popov,131039,,,,,no verified article
8378,Pingyuan Liu,83520,Q65555065,p2818,Liu Pingyuan,2019-07-14T00:21:03Z,
8380,Dong Hyun Ma,21673,Q39075054,p2818,Dong Hyun Ma,2017-09-03T16:04:19Z,
8384,Thiago Alves,5998,Q2697334,p2818,Thiago Alves (fighter),2007-01-29T01:29:39Z,
8386,Sergio Moraes,21343,Q7454338,p2818,Sérgio Moraes,2009-07-21T23:05:25Z,
8387,Renan Barao,23156,Q947890,p2818,Renan Barão,2010-05-04T20:40:15Z,
8392,Aleksandra Albu,144949,Q19837968,p2818,Aleksandra Albu,2015-04-27T23:46:02Z,
8393,Joe Lauzon,4923,Q6132508,p2818,Joe Lauzon,2006-09-12T21:43:42Z,
8395,Kyle Bochniak,86246,Q32538178,p2818,Kyle Bochniak,2017-06-30T20:26:54Z,
8402,Luke Jumeau,52853,Q31032391,p2818,Luke Jumeau,2017-06-28T09:41:08Z,
8406,Martin Bravo,99699,Q39069572,p2818,Martin Bravo,2008-07-05T16:05:09Z,
8408,Marco Polo Reyes,114125,Q30134918,p2818,Polo Reyes,2017-05-11T06:24:55Z,
8413,Andre Soukhamthath,67967,Q30123111,p2818,Andre Soukhamthath,2017-05-31T16:25:22Z,
8414,Bobby Moffett,159019,Q68423811,p2818,Bobby Moffett,2019-09-24T06:13:39Z,
8415,Salim Touahri,73527,Q42215881,p2818,Salim Touahri,2020-06-13T12:24:43Z,
8416,Olivier Aubin-Mercier,86241,Q19609643,p2818,Olivier Aubin-Mercier,2015-03-02T21:52:27Z,
8417,Sarah Frota,222541,,,,,no verified article
8421,Cezar Ferreira,22400,Q5065836,p2818,Cezar Ferreira,2012-04-24T05:49:10Z,
8422,Sheymon Moraes,93951,Q58215780,p2818,Sheymon Moraes,2018-11-04T01:23:54Z,
8432,Syuri Kondo,216929,Q5965720,p2818,Syuri,2011-11-07T22:00:29Z,
8438,Nick Hein,50774,Q17049437,p2818,Nick Hein,2014-06-01T01:12:09Z,
8440,Desmond Green,89993,Q16232603,p2818,Desmond Green,2014-02-28T01:04:36Z,
8441,Patrick Cummins,72981,Q16734280,p2818,Patrick Cummins (fighter),2014-03-22T03:12:52Z,
8444,Elias Theodorou,81765,Q18167875,p2818,Elias Theodorou,2014-09-27T23:41:13Z,
8448,John Lineker,41906,Q10307862,p2818,John Lineker,2012-03-02T14:42:59Z,
8451,Sultan Aliev,89761,Q7636638,p2818,Sultan Aliev,2013-03-02T10:47:10Z,
8452,Keita Nakamura,9572,Q6383921,p2818,Keita Nakamura,2007-04-20T01:25:29Z,
8453,Carlo Pedersoli Jr.,168505,Q57315469,p2818,Carlo Pedersoli Jr.,2019-02-24T02:46:34Z,
8454,David Branch,32431,Q5231678,p2818,David Branch (fighter),2010-05-22T15:27:04Z,
8456,Ross Pearson,11884,Q2756376,p2818,Ross Pearson,2009-04-09T01:55:16Z,
8460,Zak Ottow,100359,Q30323647,p2818,Zak Ottow,2017-06-11T09:43:35Z,
8464,Dustin Ortiz,58097,Q15987738,p2818,Dustin Ortiz,2013-09-23T23:11:04Z,
8465,Dennis Bermudez,58065,Q5258197,p2818,Dennis Bermudez,2011-06-15T18:22:17Z,
8478,Cat Zingano,33932,Q5051076,p2818,Cat Zingano,2012-10-04T02:11:25Z,
8479,Adam Milstead,60258,Q41168986,p2818,Adam Milstead,2017-09-27T18:33:47Z,
8482,Chad Laprise,69681,Q16337150,p2818,Chad Laprise,2014-04-17T21:52:24Z,
8489,Bryan Caraway,13791,Q4980009,p2818,Bryan Caraway,2009-12-31T14:31:35Z,
8490,Darrell Horcher,47899,Q18350346,p2818,Darrell Horcher,2014-10-06T07:41:17Z,
8494,Devin Powell,64166,Q42539787,p2818,Devin Powell,2017-11-02T00:15:20Z,
8495,Amanda Bobby Brundage,138223,,,,,no verified article
8496,Joby Sanchez,50239,,,,,no verified article
8497,Jason Knight,44957,Q28701103,p2818,Jason Knight (fighter),2017-02-06T16:04:42Z,
8508,Roberto Sanchez,83282,Q58239196,p2818,Roberto Sanchez (fighter),2018-10-22T09:22:24Z,
8511,Kajan Johnson,5615,Q21066335,p2818,Kajan Johnson,2015-08-31T14:27:41Z,
8512,Jordan Johnson,124405,Q28819604,p2818,Jordan Johnson (fighter),2017-02-22T04:06:25Z,
8516,Felipe Arantes,31372,Q1956587,p2818,Felipe Arantes,2012-01-15T18:03:27Z,
8519,Viviane Pereira,136367,Q33036876,p2818,Viviane Pereira,2017-07-14T10:35:24Z,
8521,Melinda Fabian,198055,Q47503002,p2818,Melinda Fábián,2019-12-09T16:24:17Z,
8523,John Moraga,55159,Q2107177,p2818,John Moraga,2012-08-05T16:02:54Z,
8527,Jon Tuck,45108,Q4901175,p2818,Jon Tuck,2011-12-19T05:18:30Z,
8528,Demetrious Johnson,45452,Q2698272,p2818,Demetrious Johnson,2010-03-15T12:48:22Z,
8529,Danielle Taylor,123439,Q30325650,p2818,Danielle Taylor (fighter),2017-05-10T09:10:30Z,
8530,Eddie Alvarez,9265,Q3718919,p2818,Eddie Alvarez,2008-03-06T01:26:14Z,
8536,Justin Scoggins,71120,Q18157844,p2818,Justin Scoggins,2014-08-29T22:31:48Z,
8537,Daniel Kelly,49516,Q2260678,p2818,Dan Kelly (fighter),2012-08-05T02:22:08Z,
8538,Bradley Scott,44442,Q4954242,p2818,Brad Scott (fighter),2012-11-26T19:04:06Z,
8539,Barb Honchak,41484,Q13581331,p2818,Barb Honchak,2013-04-17T02:15:17Z,
8540,Matt Bessette,34374,Q16199127,p2818,Matt Bessette,2013-11-16T14:49:35Z,
8545,Rashad Evans,10200,Q508652,p2818,Rashad Evans,2005-10-14T07:18:37Z,
8547,Lyoto Machida,7513,Q369167,p2818,Lyoto Machida,2006-06-06T16:37:41Z,
8549,Alberto Mina,16705,Q24007698,p2818,Alberto Mina,2016-05-03T15:46:58Z,
8555,Bec Rawlings,84964,Q3275768,p2818,Bec Rawlings,2013-01-04T16:02:02Z,
8561,Tom Duquesnoy,92239,Q18202498,p2818,Tom Duquesnoy,2017-04-16T16:11:08Z,
8567,Joshua Burkman,10003,Q6136266,p2818,Josh Burkman,2006-11-25T23:31:02Z,
8572,Damien Brown,62243,Q30122665,p2818,Damien Brown (fighter),2017-05-06T04:04:57Z,
8573,Joe Soto,17004,Q6212441,p2818,Joe Soto,2009-05-08T19:19:15Z,
8590,Nate Marquardt,1712,Q2704820,p2818,Nate Marquardt,2006-05-08T23:13:16Z,
8608,Mehdi Baghdad,41993,Q24702875,p2818,Mehdi Baghdad,2016-06-15T19:36:17Z,
8612,Guan Wang,26368,,,,,no verified article
8617,Azunna Anyanwu,68352,,,,,no verified article
8618,Jason Saggo,58213,Q23664414,p2818,Jason Saggo,2016-03-28T12:54:08Z,
8626,Marco Beltran,40285,,,,,no verified article
8628,Erick Montano,40308,,,,,no verified article
8638,Chanmi Jeon,128633,,,,,no verified article
8642,Adriano Martins,9907,Q15222826,p2818,Adriano Martins,2013-04-04T02:09:38Z,
8647,Daniel Omielanczuk,54303,Q11692792,p2818,Daniel Omielańczuk,2015-02-26T20:06:49Z,
8656,Andrew Holbrook,78384,Q30323706,p2818,Andrew Holbrook,2017-06-14T03:09:33Z,
8662,Kiichi Kunimoto,21039,Q11312418,p2818,Kiichi Kunimoto,2014-06-15T02:57:26Z,
8665,Reza Madadi,18921,Q5017304,p2818,Reza Madadi,2010-01-31T02:22:03Z,
8667,Dong Hyun Kim,16374,Q484455,p2818,Dong Hyun Kim,2008-03-19T03:57:44Z,
8668,Tarec Saffiedine,21912,Q3011868,p2818,Tarec Saffiedine,2010-04-24T16:43:27Z,
8670,Jim Wallhead,12903,Q6198739,p2818,Jim Wallhead,2010-01-12T23:43:58Z,
8671,Roy Nelson,10249,Q968275,p2818,Roy Nelson,2008-06-30T09:05:23Z,
8672,Rashid Magomedov,41524,Q4274176,p2818,Rashid Magomedov,2011-04-04T07:47:31Z,
8673,Augusto Mendes,160663,Q23905008,p2818,Augusto Mendes,2017-08-17T04:01:19Z,
8681,Mike de la Torre,17915,Q19879256,p2818,Mike De La Torre,2015-02-16T21:38:48Z,
8689,Brad Pickett,11743,Q2063710,p2818,Brad Pickett,2006-07-27T12:34:12Z,
8691,Garreth McLellan,71237,Q26251527,p2818,Garreth McLellan,2016-08-05T18:46:47Z,
8695,Phillipe Nover,7415,Q7185849,p2818,Phillipe Nover,2008-10-31T19:09:17Z,
8696,Roan Carneiro,2886,Q7339742,p2818,Roan Carneiro,2008-04-13T07:23:15Z,
8697,Michinori Tanaka,71942,Q15395513,p2818,Michinori Tanaka,2013-12-20T20:30:31Z,
8706,Fredy Serrano,112413,Q5499600,p2818,Fredy Serrano,2008-09-17T09:26:51Z,
8708,Valerie Letourneau,21851,Q20026755,p2818,Valérie Létourneau,2015-05-27T18:54:02Z,
8709,Zach Makovsky,20522,Q8063817,p2818,Zach Makovsky,2010-06-17T15:58:00Z,
8712,Tiago dos Santos e Silva,78479,,,,,no verified article
8716,Kyle Noke,7632,Q3200931,p2818,Kyle Noke,2009-03-06T22:38:26Z,
8718,Seo Hee Ham,21246,Q492621,p2818,Seo Hee Ham,2010-09-23T21:53:09Z,
8722,Guangyou Ning,26389,,,,,no verified article
8734,Nazareno Malegarie,33115,Q6983288,p2818,Nazareno Malegarie,2011-03-21T04:27:12Z,
8735,Dileno Lopes,29635,,,,,no verified article
8756,Kelly Faszholz,117453,Q105071449,p2818,Kelly Faszholz,2020-10-24T00:55:13Z,
8758,Marcin Wrzosek,85623,,,,,no verified article
8790,Kenny Robertson,31978,Q6391189,p2818,Kenny Robertson,2012-07-13T13:24:10Z,
8796,Jason Novelli,18136,,,,,no verified article
8800,Lorenz Larkin,51345,Q590329,p2818,Lorenz Larkin,2011-04-04T22:44:28Z,
8802,Caio Magalhaes,51163,Q5017633,p2818,Caio Magalhães,2012-01-20T02:15:33Z,
8804,Erik Perez,35509,Q5115929,p2818,Erik Pérez,2012-06-04T02:00:04Z,
8805,Francisco Rivera,11908,Q4460324,p2818,Francisco Rivera (fighter),2012-05-20T14:11:05Z,
8807,Tae Hyun Bang,23167,Q19955836,p2818,Tae Hyun Bang,2015-05-16T07:16:02Z,
8814,Jim Alers,36581,Q21004780,p2818,Jim Alers,2015-09-11T15:32:37Z,
8829,Lucas Martins,100031,Q10320210,p2818,Lucas Martins,2013-09-03T20:03:23Z,
8874,Sarah Kaufman,16524,Q2060995,p2818,Sarah Kaufman,2009-05-07T02:56:11Z,
8875,Danny Castillo,26070,Q5220212,p2818,Danny Castillo,2008-06-28T15:15:19Z,
8877,Yoshihiro Akiyama,11895,Q487335,p2818,Yoshihiro Akiyama,2007-01-08T06:09:06Z,
8879,Yui Chul Nam,15987,Q18390505,p2818,Yui Chul Nam,2014-10-30T06:57:36Z,
8880,Leo Kuntz,44602,,,,,no verified article
8882,Valmir Lazaro,22216,,,,,no verified article
