article,redirect
Andrei Arlovski,Andrei arlovski
Andrei Arlovski,Andrei Arlovsky
Andrei Arlovski,"Andrei ""The Pitbull"" Arlovski"
Andrei Arlovski,Andrei Arlowski
Andrei Arlovski,Arlovsky
Andrei Arlovski,Andre Arlovski
Anderson Silva,"Anderson ""The Spider"" Silva"
Anderson Silva,Anderson The Spider Silva
Anderson Silva,Spider Silva
Anderson Silva,Anderson Silva: Like Water
Alexis Davis (fighter),Alexis Davis (MMA)
Alexander Gustafsson,The Mauler
Alexander Gustafsson,"Gustafsson, Alexander"
Aleksei Oleinik,Alexey Oleinik
Aleksei Oleinik,Alexey Oleynik
Aleksei Oleinik,The Boa Constrictor
Alex Caceres,Bruce leeroy
Alex Pereira,Alex Sandro Pereira
Alex Pereira,Alexsandro Pereira
Alex Pereira,Alex Pereira (kickboxer)
Alex Pereira,Poatan
Alex Pereira,Alex Sandro Silva Pereira
Alex White (fighter),Alex White (MMA)
Alan Jouban,"Jouban, Alan"
Alex Chambers,"Chambers, Alex"
Aaron Pico,"Pico, Aaron"
Alex Oliveira,Alex Oliveira (fighter)
Angela Hill,Angela Hill (fighter)
Albert Morales,"Morales, Albert"
Andrew Sanchez,"Sanchez, Andrew"
Alexander Volkanovski,Alex Volkanovski
Alexander Volkanovski,Alexander Volk
Aleksandra Albu,Alexandra Albu
Aleksandar Rakić,Aleksandar Rakic (fighter)
Aleksandar Rakić,Aleksandar Rakić (fighter)
Aleksandar Rakić,Aleksandar Rakic
Alex Perez (fighter),Alex Perez (martial artist)
Amanda Lemos,Amanda Oliveira de Lemos
Alateng Heili,Heili Alateng
André Muniz,Andre Muniz
Alexander Romanov (fighter),Alexander Romanov (wrestler)
Alexander Romanov (fighter),Alexandr Romanov (wrestler)
Alexander Romanov (fighter),Alexandr Romanov (fighter)
B.J. Penn,BJ Penn
B.J. Penn,Bj penn
B.J. Penn,B J Penn
B.J. Penn,B. J. Penn
B.J. Penn,J. D. Penn
B.J. Penn,BJPenn.com
Ben Saunders (fighter),Ben Saunders (Fighter)
Blagoy Ivanov,Blagoi Ivanov
Anthony Pettis,"Pettis, Anthony"
Brian Ortega,"Ortega, Brian"
Brian Ortega,T-City
Arjan Bhullar,Arjan Singh Bhullar
Anthony Smith (fighter),Anthony Smith (mixed martial artist)
Anthony Smith (fighter),"Anthony ""Lionheart"" Smith"
Anthony Smith (fighter),Anthony Lionheart Smith
Bec Rawlings,Bec Hyatt
Bethe Correia,Beth Correia
Antônio Carlos Jr.,Antonio Carlos Jr.
Antônio Carlos Jr.,Antonio Carlos Junior
Antônio Carlos Jr.,Cara de Sapato
Antônio Carlos Jr.,Antônio Carlos Júnior
Anthony Rocco Martin,Tony Martin (fighter)
Arnold Allen,Arnold Allen (fighter)
Belal Muhammad,Belal Muhammad (fighter)
Bojan Veličković,Bojan Velickovic
Brian Kelleher,"Kelleher, Brian"
Brianna Fortino,Brianna van Buren
Brianna Fortino,Brianna Van Buren
Brogan Walker,Brogan Walker-Sanchez
Ariane Lipski da Silva,Ariane Lipski
Ariane Lipski da Silva,Ariane da Silva
Anthony Hernandez,"Hernandez, Anthony"
Anthony Hernandez,Anthony Hernandez (fighter)
Brendan Allen,Brenda Allen (fighter)
Brandon Royval,Brandon Matthew Royval
Brandon Royval,Royval
Billy Quarantillo,William Daniel Quarantillo
Billy Quarantillo,William Quarantillo
Brad Riddell,Bradley Riddell
Brad Riddell,Brad Riddell (fighter)
Bill Algeo,"Algeo, Bill"
Aori Qileng,Qileng Aori
C. B. Dollaway,CB Dollaway
C. B. Dollaway,C.B. Dollaway
C. B. Dollaway,Dollaway
Chris Gutierrez,Christopher Juno Gutierrez Balbin
Chris Gutierrez,"Gutierrez, Chris"
Chris Weidman,"Weidman, Chris"
Chris Camozzi,"Camozzi, Chris"
Charles Oliveira,Charles do Bronx
Charles Oliveira,"Oliveira, Charles"
Charles Oliveira,Charles olivera
Charles Oliveira,Charley Olives
Charles Oliveira,Do Bronx
Chris Cariaso,"Cariaso, Chris"
Cezar Ferreira,Cezar Mutante
Cezar Ferreira,Mutante
Cat Zingano,Kat Zingano
Carla Esparza,Carla Kristen Esparza
Choi Doo-ho,Doo Ho Choi
Choi Doo-ho,Dooho Choi
Choi Doo-ho,Choi Doo-Ho
Choi Doo-ho,Doo hoo choi
Choi Doo-ho,DooHo Choi
Cláudia Gadelha,Claudia Gadelha
Chris Kelades,"Kelades, Chris"
Charles Rosa,"Rosa, Charles"
Cody Garbrandt,Garbrandt
Chris Fishgold,"Fishgold, Chris"
Ciryl Gane,Surreal Gone
Ciryl Gane,Cyril Gane
Chase Hooper,Chase Alan Hooper
Charles Jourdain,Charles Jourdain (fighter)
Cheyanne Vlismas,Cheyanne Buys
Dan Henderson,"Dan ""Hollywood"" Henderson"
Dan Henderson,Team Henderson
Demian Maia,Demien Maia
Demian Maia,Damian Maia
Daniel Cormier,Daniel cormier
Daniel Cormier,"Cormier, Daniel"
Cris Cyborg,Cristiane Justino
Cris Cyborg,Cristiane Santos
Cris Cyborg,Cris Justino
Damian Grabowski,Damian grabowski
Demetrious Johnson,Demetrious Johnson (fighter)
Demetrious Johnson,Demetrius Johnson
Demetrious Johnson,"Johnson, Demetrious"
Dennis Bermudez,"Bermudez, Dennis"
Dan Kelly (fighter),Daniel Kelly (judoka)
Dan Kelly (fighter),Dan Kelly (judoka)
Desmond Green,Des Green
Derrick Lewis,Derrick Lewis (fighter)
Derrick Lewis,Derrick James Lewis
Daniel Omielańczuk,Daniel Omielanczuk
Daniel Omielańczuk,"Omielańczuk, Daniel"
Daniel Omielańczuk,Omielańczuk
Dan Hooker,Daniel Hooker (fighter)
Danyelle Wolf,Danyelle Nicole Wolf
David Teymur,"Teymur, David"
Damir Hadžović,Damir Hadzovic
Darren Stewart,Darren Stewart (fighter)
Deiveson Figueiredo,Deiveson Alcântara Figueiredo
Da Woon Jung,Jung Da Un
Da Woon Jung,Da Un Jung
David Dvořák,David Dvorak
Diana Belbiță,Diana Belbita
Diana Belbiță,Diana Belbiţă
Frank Mir,"Mir, Frank"
Fabrício Werdum,Fabricio Werdum
Ed Herman,Ed Herman (MMA fighter)
Ed Herman,Ed Herman (MMA Fighter)
Ed Herman,Ed Herman (mixed martial artist)
Ed Herman,Ed Herman (fighter)
Ed Herman,Edward Herman (martial artist)
Ed Herman,Ed Herman (martial artist)
Ed Herman,"Edward ""Ed"" Herman"
Efraín Escudero,Efrain Escudero
Dong Hyun Kim,"Dong Hyun Kim (fighter, born 1981)"
Dong Hyun Kim,김동현
Donald Cerrone,"Donald ""The Cowboy"" Cerrone"
Donald Cerrone,Cowboy Cerrone
Dominick Cruz,Dominic Cruz
Edson Barboza,Edson Mendes Junior
Edson Barboza,Edson Mendes Jr.
Francisco Trinaldo,Francisco Drinaldo
Erik Pérez,Erik Perez
Erik Pérez,Érik Pérez
Elias Theodorou,Elias Michael Theodorou
Elizabeth Phillips (martial artist),"Phillips, Elizabeth"
Emil Weber Meek,Emil Meek
Dricus du Plessis,Dricus Du Plessis
Dricus du Plessis,Dricus
Dricus du Plessis,Stillknocks
Farès Ziam,Fares Ziam
Gilbert Melendez,Gilbert Meléndez
Frankie Edgar,"Frankie ""The Answer"" Edgar"
Frankie Edgar,Frankie edgar
Frankie Edgar,Frank Edgar
Holly Holm,Holy holm
Holly Holm,Holly Holmes
Héctor Lombard,Hector Lombard
Gegard Mousasi,Mousasi
Henry Cejudo,"Cejudo, Henry"
Greg Hardy,Gregory Hardy
George Roop,"Roop, George"
Fábio Maldonado,Fabio Maldonado
Gian Villante,Gianpiero Villante
Gian Villante,Villante
Iuri Alcântara,Yuri Alcantara
Iuri Alcântara,Iuri Alcantara
Iuri Alcântara,Iuri Marajó
Iuri Alcântara,Yuri Marajó
Godofredo Pepey,Pepey
Godofredo Pepey,Godofredo Castro
Gilbert Burns,Gilbert Durinho
Gilbert Burns,Durinho
Gilbert Burns,Gilbert Burns (Martial artist)
Gilbert Burns,"Burns, Gilbert"
Gilbert Burns,Gilbert Burns (fighter)
Islam Makhachev,Makhachev
Islam Makhachev,Islam Makachev
Islam Makhachev,Makachev
Heather Clark (fighter),Heather Jo Clark
Israel Adesanya,Israel Mobolaji Temitayo Odunayo Oluwafemi Owolabi Adesanya
Israel Adesanya,The Last Stylebender
Israel Adesanya,Izzy Adesanya
Israel Adesanya,Stylebender
Ion Cutelaba,Cutelaba
Ion Cutelaba,Ion Cuțelaba
Gabriel Benítez,Gabriel Benitez
Giga Chikadze,Chikadze Giga
Jack Della Maddalena,Jack Della Madalena
Ian Machado Garry,Ian Garry
Gabriel Green (fighter),Gabe Green
Jim Miller (fighter),Jim Miller (mixed marital-artist)
Jim Miller (fighter),Jim Miller (mixed martial-artist)
Jake Ellenberger,Jake ellenberger
Jake Ellenberger,Joe Ellenberger
Jan Błachowicz,Jan Blachowicz
Jan Błachowicz,Jan Błacowicz
Jan Błachowicz,Błachowicz
Jimi Manuwa,Jimmy Manuwa
Jimi Manuwa,Jimmie Manuwa
Jimi Manuwa,Jimi Manua
Jimi Manuwa,Jimmy Manua
Jimi Manuwa,Jimmie Manua
Joanne Wood,Joanne Calderwood
James Vick,"Vick, James"
Joanna Jędrzejczyk,Joanna Jedrzejczyk
James Moontasri,"Moontasri, James"
Jessica-Rose Clark,Jessy Jess
Jessica-Rose Clark,Jessy Rose-Clark
Jessica-Rose Clark,Jessica Rose-Clark
Ji Yeon Kim (fighter),Ji Yeon Kim
Jack Shore,Jack Shore (fighter)
Jairzinho Rozenstruik,Jair Rozenstruik
Jairzinho Rozenstruik,Rozenstruik
Joaquin Buckley,Joaquin Yuconri Buckley
Jamahal Hill,Jamahal Alexander Hill
Joe Pyfer,Joseph Pyfer
Jean Silva,"Silva, Jean"
Johny Hendricks,Johny Harvey Hendricks
Johny Hendricks,Johnny Hendricks
Josh Barnett,American Catch Wrestling Association
Josh Barnett,ACWA US Open
Josh Burkman,Joshua Burkman
K.J. Noons,KJ Noons
K.J. Noons,Noons
K.J. Noons,Karl James Noons
K.J. Noons,K. J. Noons
Junior dos Santos,Junior Dos Santos
Junior dos Santos,Júnior dos Santos
Junior dos Santos,Junior Cigano
Joseph Benavidez,Joe Benavidez
Joseph Benavidez,"Benavidez, Joseph"
José Aldo,Jose Aldo
Jussier Formiga,Jussier da Silva
John Makdessi,"Makdessi, John"
John Lineker,"Lineker, John"
John Moraga,"Moraga, John"
Jéssica Andrade,Jessica Andrade
Julianna Peña,Julianna Pena
Joseph Duffy (fighter),Joseph Duffy (mixed martial arts fighter)
Jon Jones,Jon bones jones
Jon Jones,"An jones ""bones"""
Jon Jones,Bones jones
Jon Jones,Jon Bones Jones
Jon Jones,"Jon ""Bones"" Jones"
Jon Jones,Jonny Bones
Jon Jones,Jon Jones (fighter)
Jon Jones,Jonathan Dwight Jones
Jon Jones,Jon Dwight Jones
Jon Jones,Jones bones
Justin Gaethje,Justin Gaethje (fighter)
Justin Gaethje,Gaethje
Jordan Johnson (fighter),Jordan Johnson (martial artist)
José Alberto Quiñónez,Jose Alberto Quinonez
José Alberto Quiñónez,Jose Quinonez
Justin Willis,Justin Willis (fighter)
Justin Willis,Justin Willis (martial artist)
Jonathan Martinez,Jonathan Martinez (fighter)
Jordan Espinosa,Jordan Andrew Espinosa
Julian Erosa,Julian Ricardo Dulican Erosa
Jun Yong Park,Park Jun-yong
Jun Yong Park,Park Jun Yong
Joel Álvarez,Joel Alvarez
Journey Newson,Journey Ja-rel Newson
Joshua Culibao,Josh Culibao
John Castañeda,John Castaneda
Johnny Muñoz Jr.,Johnny Munoz Jr.
Keita Nakamura,K-Taro Nakamura
Keita Nakamura,Keitaro Nakamura
King Green,"Green, Bobby"
King Green,Bobby Green (fighter)
King Green,Bobby Green
Kayla Harrison,Kayla Harrison (Judo)
Kayla Harrison,Kayla Jean Harrison
Khabib Nurmagomedov,Habib Nurmagomedov
Khabib Nurmagomedov,Khabib Abdulmanapovich Nurmagomedov
Khabib Nurmagomedov,Хабиб Абдулманапович Нурмагомедов
Khabib Nurmagomedov,ХIабиб ГӀабдулманапил НурмухӀамадов
Khabib Nurmagomedov,ХIабиб НурмухӀамадов
Khabib Nurmagomedov,Хабиб Нурмагомедов
Khabib Nurmagomedov,Khabib Nurmagamedov
Khabib Nurmagomedov,"Nurmagomedov, Khabib"
Lauren Murphy,Lauren Taylor (Fighter)
Lauren Murphy,Lauren Taylor (fighter)
Kang Kyung-ho,Kyung-Ho Kang
Kang Kyung-ho,Kyung Ho Kang
Kang Kyung-ho,Kang Kyung-Ho
Krzysztof Jotko,Jotko
Kevin Lee,Kevin Lee (fighter)
Leandro Silva (fighter),Leandro Silva (MMA)
Leandro Silva (fighter),Leandro Silva (mixed martial artist)
Kamaru Usman,Marty Usman
Lina Länsberg,Lina Lansberg
Katlyn Cerminara,Katlyn Chookagian
Khalil Rountree Jr.,Khalil Rountree
Khalil Rountree Jr.,"Khalil Rountree, Jr."
Lucie Pudilová,Lucie Pudilova
Luis Peña (fighter),Luis Antonio Peña
Kurt Holobaugh,Kurt Holobaugh (fighter)
Kai Kara-France,Kai Kara France
Kevin Holland,Kevin Alan Holland
Kevin Holland,Kevin Holland (fighter)
Loma Lookboonmee,Konklak Suphisara
Loma Lookboonmee,Suphisara Konlak
Khamzat Chimaev,Chimaev
Khamzat Chimaev,Khamzat
Kyler Phillips,Kyler Phillips (fighter)
Loopy Godinez,Lupita Godinez
Mark Hunt,"Hunt, Mark"
Mark Hunt,Mark Richard Hunt
Michael Bisping,Mike Bisping
Michael Bisping,Bisping
Michael Bisping,"Bisping, Michael"
Luke Rockhold,"Rockhold, Luke"
Michael Chandler,Mike Chandler (fighter)
Michael Chandler,Michael Chandler (fighter)
Michael Chandler,"Chandler, Michael"
Michael Chandler,Michael Chandler Jr.
Michael Chiesa,Mike Chiesa
Michael Chiesa,"Chiesa, Michael"
Michael Chiesa,Michael Keith Chiesa
Mark Madsen (fighter),Mark Madsen (wrestler)
Mark Madsen (fighter),Mark O. Madsen
Marcos Rogério de Lima,Marcos Rogerio de Lima
Lívia Renata Souza,Livia Renata Souza
Lívia Renata Souza,Livinha Souza
Mackenzie Dern,Mackenzie Lynne Dern
Marlon Vera,Marlon Vera (fighter)
Marlon Vera,Chito Vera
Marc Diakiese,Marc Diakese
Luke Sanders,"Sanders, Luke"
Max Griffin,Max Griffin (fighter)
Magomed Ankalaev,Ankalaev
Mara Romero Borella,Mara Romero Borella (fighter)
Markus Perez,Markus Perez Echeimberg
Marina Rodriguez,Marina Rodriguez (fighter)
Marina Rodriguez,Marina Rodríguez
Marc-André Barriault,Marc-Andre Barriault
Manel Kape,Prodigio
Marcin Prachnio,Marcin Prachnio (fighter)
Mateusz Gamrot,Gamrot
Matthew Semelsberger,Matt Semelsberger
Nate Marquardt,Nathan Marquardt
Nate Diaz,Nathan Diaz
Nate Diaz,Nate Díaz
Nate Diaz,Nathan Donald Diaz
Nate Diaz,Nate Donald Diaz
Miesha Tate,Miesha tate
Miesha Tate,Misha Tate
Miesha Tate,Mischa Tate
Miesha Tate,Mischia Tate
Mike Pierce,"Pierce, Mike"
Nik Lentz,Nick Lentz
Michelle Waterson-Gomez,Michelle waterson
Michelle Waterson-Gomez,"Waterson, Michelle"
Michelle Waterson-Gomez,Michelle Waterson
Muslim Salikhov,Salihov Muslim
Muslim Salikhov,Muslim Salihov
Michael Page,Michael Page (fighter)
Michael Page,"Page, Michael"
Michael Page,Michael venom page
Nikita Krylov,Mykyta Krylov
Nina Nunes,Ansaroff
Nina Nunes,Nina Ansaroff
Mike Perry (fighter),"Mike""Platinum""Perry"
Montana De La Rosa,Montana Stewart
Miranda Maverick,Miranda Rachelle Maverick
Michael Trizano,Mike Trizano
Michał Oleksiejczuk,Michal Oleksiejczuk
Mike Rodríguez (fighter),Mike Rodriguez (fighter)
Mike Rodríguez (fighter),Mike Rodriuez (fighter)
Michel Pereira,Michel Pereira (fighter)
Miranda Granger,Miranda Layne Granger
Movsar Evloev,Movsar
Miguel Baeza,Miguel Baeza (fighter)
Miles Johns,Miles Xavier Johns
Nassourdine Imavov,Imavov
Muhammad Mokaev,Mokaev
Mike Malott,Mike Malott (fighter)
Mike Malott,"Malott, Mike"
Rashad Evans,Rashad Anton Evans
Rashad Evans,"""Suga"" Rashad Evans"
Patrick Côté (fighter),Patrick Cote (MMA)
Patrick Côté (fighter),Patrick Cote (fighter)
Rafael dos Anjos,Rafael Dos Anjos
Rafael Cavalcante,Rafael Feijao
Raphael Assunção,Rafael Assuncao
Raphael Assunção,Raphael Assuncao
Peter Sobotta,Peter Sobotta (fighter)
Peter Sobotta,"Sobotta, Peter"
Peter Sobotta,Petersobotta.com
Patrício Pitbull,Patricio Pitbull
Patrício Pitbull,Patricio Freire
Patrício Pitbull,Patrício Freire
Ovince Saint Preux,Ovince St. Preux
Paige VanZant,Paige vanZant
Paige VanZant,Paige Michelle Van Zant
Paige VanZant,Paige Van Zant
Paige VanZant,Paige Vanzant
Paige VanZant,Paige Michelle van Zant
Paige VanZant,Paige Michelle Vanzant
Paige VanZant,Paige Michelle VanZant
Paige VanZant,Paige van Zant
Paige VanZant,Paige Michelle vanZant
Paige VanZant,Paige Sletten
Paul Felder,"Felder, Paul"
Paul Craig,"Craig, Paul"
Paul Craig,Paul Craig (martial artist)
Paul Craig,Paul Craig (fighter)
Paulo Costa,Paulo da costa
Paulo Costa,Paulo da Costa
Paulo Costa,Paulo Costa (fighter)
Paulo Costa,"Costa, Paulo"
Paulo Costa,Paulo Henrique Costa
Paulo Costa,Paulo Borrachinha
Rafael Fiziev,Fiziev
Omar Morales (fighter),Omar Antonio Morales Ferrer
Patchy Mix,Patrick Mix
Ode' Osbourne,Ode Osbourne
Philip Rowe,Phil Rowe
Paddy Pimblett,Paddy the Baddy
Paddy Pimblett,Patrick Pimblett
Paddy Pimblett,Patrick Mark Pimblett
Raul Rosas Jr.,Raul Rosas
Raul Rosas Jr.,Raul Rosas Jr
Sara McMann,"McMann, Sara"
Ronaldo Souza,"Ronaldo ""Jacare"" Desouza"
Ronaldo Souza,Ronaldo DeSouza
Ronaldo Souza,Ronaldo Jacaré
Ronaldo Souza,Ronaldo Jacare
Ronaldo Souza,Ronaldo de Souza
Ronaldo Souza,Jacare Souza
Ronaldo Souza,Jacaré Souza
Roy Nelson,Roy nelson
Roy Nelson,Roy Nelson (fighter)
Roy Nelson,"Nelson, Roy"
Renan Barão,Renan Barao
Renan Barão,Renan Pegado
Seo Hee Ham,Ham Seo-Hee
Seo Hee Ham,Ham Seo-hee
Seo Hee Ham,Seohee Ham
Rony Jason,Rony Mariano Bezzera
Rony Jason,Rony Mariano Bezerra
Rony Jason,Rony Mariano
Ryan Hall (fighter),Ryan Hall (grappler)
Rodolfo Vieira,Rodolfo Vieira (fighter)
Rodolfo Vieira,Rodolfo Vieira (BJJ)
Ryan LaFlare,LaFlare
Santiago Ponzinibbio,Ponzinibbio
Sean Strickland,Shawn Strickland
Sean Strickland,Sean Thomas Strickland
Richard Walsh (fighter),Richard Walsh (MMA)
Richie Vaculik,Richie Vaculík
Richie Vaculik,Richie Vas
Richie Vaculik,Richie 'Vas' Vaculik
Rob Whiteford,Robert Whiteford
Sarah Moras,"Moras, Sarah"
Ricky Glenn,Rick Glenn
Ricardo Ramos (fighter),Ricardo Lucas Ramos
Ricky Simón,Ricky Simon
Sean Brady (fighter),Sean Thomas Brady
Sean Woodson,"Woodson, Sean"
Rodrigo Nascimento,Rodrigo Nascimento Ferreira
Thales Leites,Thales Leites Lourenço
Thales Leites,Thales Leites Lourenco
Stefan Struve,"Struve, Stefan"
The Korean Zombie,Chang Son Jon
The Korean Zombie,Jung Chan Sung
The Korean Zombie,Jung Chan-sung
The Korean Zombie,Korean Zombie
The Korean Zombie,Jung Chan-Sung
The Korean Zombie,Chan Sung Jung
Sérgio Moraes,Sergio Moraes
Tarec Saffiedine,Saffiedine
Tatiana Suarez,Tatiana Padilla
Stipe Miocic,Stipe Miočić
T.J. Dillashaw,TJ Dillashaw
T.J. Dillashaw,T. J. Dillashaw
Syuri,Shuri Kondo
Syuri,Syuri Kondo
Syuri,KG (wrestler)
Syuri,Karate Girl (wrestler)
Syuri,Shuri (wrestler)
Syuri,Syuri (wrestler)
Syuri,Kondo Syuri
Syuri,Syu☆Ri
Syuri,Syu*Ri
Syuri,Syu*ri
Syuri,SYU*RI
Syuri,SYU☆RI
Syuri,Syu☆ri
Syuri,Ant Lady
Stephen Thompson (fighter),Wonderboy Thompson
Sergio Pettis,Sergio pettis
Tecia Pennington,Tecia torres
Tecia Pennington,Tecia Torres
Steve Garcia,"Garcia, Steve"
Stevie Ray (fighter),Stevie Ray (MMA)
Song Yadong,Yadong Song
Song Kenan,Kenan Song
Serghei Spivac,Sergey Spivak
Seung Woo Choi,Seung Woo Choi (fighter)
Seung Woo Choi,Seungwoo Choi
Su Mudaerji,Sumudaerji
Taila Santos,Taila Jaime dos Santos
T.J. Brown,T. J. Brown
T.J. Brown,TJ Brown
Silvana Gómez Juárez,Silvana Gomez Juarez
Sharabutdin Magomedov,Shara Magomedov
Sharabutdin Magomedov,Shara Bullet
Steve Erceg,Stephen Erceg
Vitor Belfort,Vítor Belfort
Urijah Faber,Uri Faber
Vitor Miranda,Vitor Bruno Soares Miranda
Vitor Miranda,"Miranda, Vitor"
Tom Lawlor,"Lawlor, Tom"
Tyron Woodley,Tyron Lakent Woodley
Travis Browne,Travis Browne (fighter)
Tonya Evinger,Evinger
Tony Ferguson,Tony ferguson
Tony Ferguson,Tony Ferguson (Fighter)
Tony Ferguson,Tony Ferguson (fighter)
Tim Elliott,Timothy Elliott
Will Brooks,Will Brooks (fighter)
Uriah Hall,Uriah hall
Uriah Hall,Uriah Hall (fighter)
Ulka Sasaki,Yuta Sasaki
Thiago Santos,Thiago Santos (Middleweight fighter)
Thiago Santos,Thiago Santos (mixed martial arts)
Thiago Santos,Thiago Santos (mixed martial artist)
Thiago Santos,Thiago de Lima Santos
Thiago Santos,Thiago Santos (middleweight fighter)
Thiago Santos,Thiago Santos (fighter)
Valentina Shevchenko,Valentina Shevchenko (fighter)
Thomas Almeida,"Almeida, Thomas"
Valérie Létourneau,Valerie Letourneau
Tom Breese,"Breese, Tom"
Volkan Oezdemir,Volkan Özdemir
Veronica Hardy,Veronica Macedo
Trevin Giles,Trevin Giles (fighter)
Wang Cong,Cong Wang
Viviane Araújo (fighter),Viviane Araujo (fighter)
Thiago Moisés,Thiago Moises
Vanessa Melo,Vanessa De Melo Silva
Yushin Okami,Yūshin Okami
Yushin Okami,岡見勇信
Yoel Romero,Yoel Romero Palacio
Zubaira Tukhugov,Tukhugov
Zubaira Tukhugov,Zubaira
Yair Rodríguez,Yair Rodriguez
Yana Santos,Yana Kunitskaya
Zabit Magomedsharipov,Magomedsharipov
Zabit Magomedsharipov,ZaBeast
Zabit Magomedsharipov,Honest Zabe
Yan Xiaonan,Xiaonan Yan
Zhang Weili,Weili Zhang
Ľudovít Klein,Ludovit Klein
