bout_id,fighter_id,redirect,status,views_w1,views_w2
17878,8528,Demetrious Johnson (fighter),ok,69221,51050
17878,8528,Demetrius Johnson,no data in window,0,0
17878,8528,"Johnson, Demetrious",no data in window,0,0
17879,8832,"Mir, Frank",no data in window,0,0
17879,7983,Andrei arlovski,ok,1320,1163
17879,7983,Andrei Arlovsky,ok,19,18
17879,7983,"Andrei ""The Pitbull"" Arlovski",ok,4,3
17879,7983,Andrei Arlowski,ok,4,7
17879,7983,Arlovsky,no data in window,0,0
17879,7983,Andre Arlovski,no data in window,0,0
17881,260,Jan Blachowicz,ok,1193,283
17881,260,Jan Błacowicz,ok,1,2
17881,260,Błachowicz,no data in window,0,0
17781,8806,American Catch Wrestling Association,no data in window,0,0
17781,8806,ACWA US Open,no data in window,0,0
17781,8671,Roy nelson,ok,527,685
17781,8671,Roy Nelson (fighter),ok,48188,46252
17781,8671,"Nelson, Roy",no data in window,0,0
17784,8870,"Roop, George",no data in window,0,0
17867,8545,Rashad Anton Evans,no data in window,0,0
17867,8545,"""Suga"" Rashad Evans",no data in window,0,0
17869,8303,Joe Benavidez,ok,29,14
17869,8303,"Benavidez, Joseph",no data in window,0,0
17870,5816,Julianna Pena,ok,785,423
17871,2451,Yair Rodriguez,ok,328,160
17871,1013,Daniel Hooker (fighter),no data in window,0,0
17876,8896,"Cariaso, Chris",no data in window,0,0
17876,1510,Sergio pettis,ok,118,67
17779,6640,Robert Whiteford,ok,719,1849
17857,790,Gilbert Durinho,ok,4,3
17857,790,Durinho,ok,0,0
17857,790,Gilbert Burns (Martial artist),ok,28,25
17857,790,"Burns, Gilbert",no data in window,0,0
17857,790,Gilbert Burns (fighter),ok,2496,3770
17858,8890,Fabio Maldonado,ok,1122,1985
17841,8179,Joanna Jedrzejczyk,no data in window,0,0
17841,8708,Valerie Letourneau,ok,387,449
17843,8203,Uriah hall,ok,1920,307
17843,8203,Uriah Hall (fighter),no data in window,0,0
17844,8335,"Struve, Stefan",no data in window,0,0
17848,8886,Richie Vaculík,no data in window,0,0
17848,8886,Richie Vas,ok,4,3
17848,8886,Richie 'Vas' Vaculik,ok,3,0
17832,8824,Efrain Escudero,ok,5073,3555
17832,6535,Leandro Silva (MMA),ok,969,1051
17832,6535,Leandro Silva (mixed martial artist),ok,400,359
17833,8804,Erik Perez,ok,740,1030
17833,8804,Érik Pérez,ok,1669,1059
17728,60,Thiago Santos (Middleweight fighter),ok,3,3
17728,60,Thiago Santos (mixed martial arts),ok,6,5
17728,60,Thiago Santos (mixed martial artist),no data in window,0,0
17728,60,Thiago de Lima Santos,ok,708,946
17728,60,Thiago Santos (middleweight fighter),ok,565,1766
17728,60,Thiago Santos (fighter),ok,1912,1743
17728,8444,Elias Michael Theodorou,no data in window,0,0
17756,8861,"Pierce, Mike",no data in window,0,0
17756,8503,LaFlare,no data in window,0,0
17807,8280,Demien Maia,ok,13,9
17807,8280,Damian Maia,ok,65,126
17809,8381,Uri Faber,ok,12,6
17793,872,Nathan Diaz,ok,123,87
17793,872,Nate Díaz,ok,1,0
17793,872,Nathan Donald Diaz,no data in window,0,0
17793,872,Nate Donald Diaz,no data in window,0,0
17744,8146,Ansaroff,no data in window,0,0
17744,8146,Nina Ansaroff,ok,2894,4277
17746,8353,Joseph Duffy (mixed martial arts fighter),ok,3,1
17715,8133,Francisco Drinaldo,ok,32,5
17677,8525,Yuri Alcantara,ok,134,107
17677,8525,Iuri Alcantara,ok,164,145
17677,8525,Iuri Marajó,ok,0,1
17677,8525,Yuri Marajó,no data in window,0,0
17679,8522,Jake ellenberger,ok,59,70
17679,8522,Joe Ellenberger,ok,115,110
17679,8668,Saffiedine,no data in window,0,0
17701,8671,Roy nelson,ok,517,368
17701,8671,Roy Nelson (fighter),ok,61513,36849
17701,8671,"Nelson, Roy",no data in window,0,0
17702,8850,Rafael Feijao,ok,24,11
17702,6624,Ovince St. Preux,ok,1252,853
17703,8303,Joe Benavidez,ok,8,15
17703,8303,"Benavidez, Joseph",no data in window,0,0
17706,8851,KJ Noons,ok,6030,2376
17706,8851,Noons,ok,7,5
17706,8851,Karl James Noons,ok,280,195
17706,8851,K. J. Noons,no data in window,0,0
17706,8567,Joshua Burkman,no data in window,0,0
17665,8465,"Bermudez, Dennis",no data in window,0,0
17649,8321,"Anderson ""The Spider"" Silva",ok,0,6
17649,8321,Anderson The Spider Silva,ok,4,6
17649,8321,Spider Silva,ok,42,32
17649,8321,Anderson Silva: Like Water,ok,1,5
17649,8611,Mike Bisping,ok,11,12
17649,8611,Bisping,ok,203,182
17649,8611,"Bisping, Michael",no data in window,0,0
17650,8679,Mousasi,ok,54,50
17650,8504,Thales Leites Lourenço,ok,0,1
17650,8504,Thales Leites Lourenco,ok,3,1
17651,8452,K-Taro Nakamura,ok,15,18
17651,8452,Keitaro Nakamura,no data in window,0,0
17651,310,"Breese, Tom",no data in window,0,0
17657,525,Jotko,no data in window,0,0
17690,8245,Gianpiero Villante,ok,22,19
17690,8245,Villante,ok,6,6
17691,8846,"Lawlor, Tom",no data in window,0,0
17692,4922,Valentina Shevchenko (fighter),ok,9464,11967
17697,1051,Jim Miller (mixed marital-artist),ok,1,1
17697,1051,Jim Miller (mixed martial-artist),ok,14,6
17642,8555,Bec Hyatt,ok,218,220
17642,8718,Ham Seo-Hee,ok,4,8
17642,8718,Ham Seo-hee,ok,1,1
17642,8718,Seohee Ham,ok,1942,3165
17646,8720,Richard Walsh (MMA),ok,305,228
17589,70,Junior Dos Santos,ok,1108,831
17589,70,Júnior dos Santos,ok,1,3
17589,70,Junior Cigano,no data in window,0,0
17593,260,Jan Blachowicz,ok,2059,442
17593,260,Jan Błacowicz,ok,1,0
17593,260,Błachowicz,no data in window,0,0
17603,2263,Tecia torres,ok,74,71
17603,2263,Tecia Torres,ok,13720,14046
17577,6478,Jon bones jones,ok,441,276
17577,6478,"An jones ""bones""",ok,1,5
17577,6478,Bones jones,ok,69,52
17577,6478,Jon Bones Jones,ok,6,12
17577,6478,"Jon ""Bones"" Jones",ok,15,33
17577,6478,Jonny Bones,ok,10,5
17577,6478,Jon Jones (fighter),ok,76444,40849
17577,6478,Jonathan Dwight Jones,no data in window,0,0
17577,6478,Jon Dwight Jones,no data in window,0,0
17577,6478,Jones bones,no data in window,0,0
17577,6624,Ovince St. Preux,ok,1048,9211
17579,1153,Edson Mendes Junior,ok,1,0
17579,1153,Edson Mendes Jr.,ok,3,4
17579,8314,"Pettis, Anthony",no data in window,0,0
17582,1510,Sergio pettis,ok,74,53
17582,8822,"Kelades, Chris",no data in window,0,0
17584,6625,Carla Kristen Esparza,no data in window,0,0
17588,1130,Kevin Lee (fighter),ok,5386,3933
17588,8824,Efrain Escudero,ok,4833,3724
17569,8813,Heather Jo Clark,ok,5001,5585
17620,8133,Francisco Drinaldo,ok,8,6
17527,8387,Renan Barao,ok,276,197
17527,8387,Renan Pegado,ok,0,0
17528,8668,Saffiedine,no data in window,0,0
17529,8533,Vitor Bruno Soares Miranda,no data in window,0,0
17529,8533,"Miranda, Vitor",no data in window,0,0
17529,8664,"Camozzi, Chris",no data in window,0,0
17531,8567,Joshua Burkman,no data in window,0,0
17531,8319,"Felder, Paul",no data in window,0,0
17532,8221,"McMann, Sara",no data in window,0,0
17552,8145,Dominic Cruz,no data in window,0,0
17552,8381,Uri Faber,ok,9,6
17559,7977,Bruce leeroy,ok,17,17
17538,775,Wonderboy Thompson,no data in window,0,0
17547,8444,Elias Michael Theodorou,no data in window,0,0
17625,8179,Joanna Jedrzejczyk,ok,517,516
17625,8325,Claudia Gadelha,ok,1082,858
17628,8624,Will Brooks (fighter),ok,607,532
17634,44,Anthony Smith (mixed martial artist),no data in window,0,0
17634,44,"Anthony ""Lionheart"" Smith",no data in window,0,0
17634,44,Anthony Lionheart Smith,no data in window,0,0
17634,8421,Cezar Mutante,ok,4,3
17634,8421,Mutante,ok,14,2
17761,8321,"Anderson ""The Spider"" Silva",ok,4,1
17761,8321,Anderson The Spider Silva,ok,8,1
17761,8321,Spider Silva,ok,48,38
17761,8321,Anderson Silva: Like Water,ok,1,3
17761,8367,Daniel cormier,ok,445,516
17761,8367,"Cormier, Daniel",no data in window,0,0
17762,8123,"Frankie ""The Answer"" Edgar",ok,2,1
17762,8123,Frankie edgar,ok,375,341
17762,8123,Frank Edgar,ok,138,77
17762,5855,Jose Aldo,ok,1634,1149
17764,5816,Julianna Pena,ok,353,202
17764,8478,Kat Zingano,ok,13,9
17765,8621,Johny Harvey Hendricks,no data in window,0,0
17765,8621,Johnny Hendricks,no data in window,0,0
17766,8082,Rafael Assuncao,ok,35,17
17766,8082,Raphael Assuncao,ok,74,39
17766,8178,TJ Dillashaw,ok,1486,584
17766,8178,T. J. Dillashaw,no data in window,0,0
17503,4922,Valentina Shevchenko (fighter),ok,30028,47031
17503,7991,Holy holm,no data in window,0,0
17503,7991,Holly Holmes,no data in window,0,0
17504,1153,Edson Mendes Junior,ok,3,0
17504,1153,Edson Mendes Jr.,ok,0,7
17504,8429,Gilbert Meléndez,ok,0,4
17508,8568,Pepey,ok,4,4
17508,8568,Godofredo Castro,ok,29,18
17511,8704,"Moontasri, James",no data in window,0,0
17511,8216,Alex Oliveira (fighter),ok,7446,4521
17459,8804,Erik Perez,ok,362,397
17459,8804,Érik Pérez,ok,2634,3410
17412,8465,"Bermudez, Dennis",no data in window,0,0
17412,8690,Rony Mariano Bezzera,ok,2,1
17412,8690,Rony Mariano Bezerra,ok,979,1058
17412,8690,Rony Mariano,ok,0,4
17414,834,Ponzinibbio,no data in window,0,0
17429,8799,"Phillips, Elizabeth",no data in window,0,0
17468,8163,The Mauler,ok,110,31
17468,8163,"Gustafsson, Alexander",no data in window,0,0
17468,260,Jan Blachowicz,ok,585,125
17468,260,Jan Błacowicz,ok,1,1
17468,260,Błachowicz,no data in window,0,0
17472,8350,Peter Sobotta (fighter),ok,48,36
17472,8350,"Sobotta, Peter",no data in window,0,0
17472,8350,Petersobotta.com,no data in window,0,0
17477,6535,Leandro Silva (MMA),ok,1223,1272
17477,6535,Leandro Silva (mixed martial artist),ok,336,199
17436,8349,Fabricio Werdum,ok,4255,1649
17436,8648,Travis Browne (fighter),ok,5,3
17438,8381,Uri Faber,ok,36,2
17393,750,Makhachev,ok,0,1
17393,750,Islam Makachev,no data in window,0,0
17393,750,Makachev,no data in window,0,0
17377,8387,Renan Barao,ok,200,161
17377,8387,Renan Pegado,ok,0,1
17382,790,Gilbert Durinho,ok,0,0
17382,790,Durinho,ok,1,2
17382,790,Gilbert Burns (Martial artist),ok,30,25
17382,790,"Burns, Gilbert",ok,0,0
17382,790,Gilbert Burns (fighter),ok,1887,1779
17384,8365,Jussier da Silva,ok,62,39
17386,6638,Stevie Ray (MMA),ok,2148,2011
17276,8611,Mike Bisping,ok,24,20
17276,8611,Bisping,ok,288,260
17276,8611,"Bisping, Michael",no data in window,0,0
17276,8730,"Dan ""Hollywood"" Henderson",ok,3,2
17276,8730,Team Henderson,ok,6,11
17490,3481,Rafael Dos Anjos,ok,933,604
17490,7975,Tony ferguson,ok,260,403
17490,7975,Tony Ferguson (Fighter),ok,4,3
17490,7975,Tony Ferguson (fighter),ok,936,1081
17495,8813,Heather Jo Clark,ok,3657,3992
17447,8179,Joanna Jedrzejczyk,ok,1504,216
17449,5877,Miesha tate,ok,285,228
17449,5877,Misha Tate,no data in window,0,0
17449,5877,Mischa Tate,no data in window,0,0
17449,5877,Mischia Tate,no data in window,0,0
17450,8123,"Frankie ""The Answer"" Edgar",ok,2,2
17450,8123,Frankie edgar,ok,443,167
17450,8123,Frank Edgar,ok,126,70
17454,1051,Jim Miller (mixed marital-artist),ok,0,0
17454,1051,Jim Miller (mixed martial-artist),ok,1,4
17254,8504,Thales Leites Lourenço,ok,2,2
17254,8504,Thales Leites Lourenco,ok,1,2
17254,525,Jotko,no data in window,0,0
17255,3090,Marty Usman,no data in window,0,0
17244,8537,Daniel Kelly (judoka),ok,151,89
17244,8537,Dan Kelly (judoka),ok,45,29
17244,8664,"Camozzi, Chris",no data in window,0,0
17226,1761,Timothy Elliott,no data in window,0,0
17226,8528,Demetrious Johnson (fighter),ok,58612,78159
17226,8528,Demetrius Johnson,ok,68,49
17226,8528,"Johnson, Demetrious",ok,1,0
17232,8237,Ryan Hall (grappler),ok,12419,20715
17204,1283,Doo Ho Choi,ok,7176,13952
17204,1283,Dooho Choi,ok,73,52
17204,1283,Choi Doo-Ho,ok,54,35
17204,1283,Doo hoo choi,no data in window,0,0
17204,1283,DooHo Choi,no data in window,0,0
17191,8381,Uri Faber,ok,9,2
17192,6656,"Mike""Platinum""Perry",ok,38,9
17192,8326,"Jouban, Alan",no data in window,0,0
17196,8704,"Moontasri, James",no data in window,0,0
17180,1561,Garbrandt,no data in window,0,0
17180,8145,Dominic Cruz,no data in window,0,0
17181,8178,TJ Dillashaw,ok,927,690
17181,8178,T. J. Dillashaw,no data in window,0,0
17181,8448,"Lineker, John",no data in window,0,0
17184,8621,Johny Harvey Hendricks,no data in window,0,0
17184,8621,Johnny Hendricks,no data in window,0,0
17169,8382,Ben Saunders (Fighter),ok,59,28
17170,8523,"Moraga, John",no data in window,0,0
17170,1510,Sergio pettis,ok,98,79
17174,8363,Tony Martin (fighter),ok,1420,1861
17174,8391,Alex White (MMA),ok,88,55
17159,8590,Nathan Marquardt,ok,161,125
17148,2264,Angela Hill (fighter),ok,10393,8273
17148,2266,Jessica Andrade,ok,793,327
17152,2263,Tecia torres,ok,59,40
17152,2263,Tecia Torres,ok,19056,10221
17152,8555,Bec Hyatt,ok,240,155
17133,7991,Holy holm,ok,127,53
17133,7991,Holly Holmes,no data in window,0,0
17134,8321,"Anderson ""The Spider"" Silva",ok,2,1
17134,8321,Anderson The Spider Silva,ok,0,0
17134,8321,Spider Silva,ok,18,10
17134,8321,Anderson Silva: Like Water,ok,8,8
17138,759,Belal Muhammad (fighter),ok,5245,1582
17139,8493,Yuta Sasaki,ok,226,170
17140,8310,Nick Lentz,ok,15,8
17140,750,Makhachev,ok,0,0
17140,750,Islam Makachev,no data in window,0,0
17140,750,Makachev,no data in window,0,0
17142,8503,LaFlare,no data in window,0,0
17123,8505,Hector Lombard,ok,22445,16703
17123,8621,Johny Harvey Hendricks,no data in window,0,0
17123,8621,Johnny Hendricks,no data in window,0,0
17125,8444,Elias Michael Theodorou,no data in window,0,0
17125,8421,Cezar Mutante,ok,3,1
17125,8421,Mutante,ok,12,5
17128,834,Ponzinibbio,no data in window,0,0
17102,8365,Jussier da Silva,ok,47,30
17092,8353,Joseph Duffy (mixed martial arts fighter),ok,1,0
17063,8680,Patrick Cote (MMA),ok,41,15
17063,8680,Patrick Cote (fighter),ok,26,37
17066,3090,Marty Usman,no data in window,0,0
17066,500,Shawn Strickland,no data in window,0,0
17066,500,Sean Thomas Strickland,no data in window,0,0
17014,8671,Roy nelson,ok,329,158
17014,8671,Roy Nelson (fighter),ok,44743,24751
17014,8671,"Nelson, Roy",ok,1,4
17017,1761,Timothy Elliott,ok,0,4
17029,8504,Thales Leites Lourenço,ok,2,0
17029,8504,Thales Leites Lourenco,ok,1,0
17033,8230,Alexis Davis (MMA),ok,56,34
17049,8179,Joanna Jedrzejczyk,ok,281,308
17049,2266,Jessica Andrade,ok,699,2241
16981,8664,"Camozzi, Chris",no data in window,0,0
17000,8590,Nathan Marquardt,ok,109,122
17000,8548,Vítor Belfort,no data in window,0,0
16987,7983,Andrei arlovski,ok,106,58
16987,7983,Andrei Arlovsky,ok,3,4
16987,7983,"Andrei ""The Pitbull"" Arlovski",ok,1,1
16987,7983,Andrei Arlowski,ok,1,1
16987,7983,Arlovsky,ok,1,1
16987,7983,Andre Arlovski,no data in window,0,0
16988,8667,"Dong Hyun Kim (fighter, born 1981)",no data in window,0,0
16988,8667,김동현,no data in window,0,0
16989,8668,Saffiedine,no data in window,0,0
16989,3481,Rafael Dos Anjos,ok,2932,419
16923,6625,Carla Kristen Esparza,no data in window,0,0
16926,8363,Tony Martin (fighter),ok,958,1085
16908,8444,Elias Michael Theodorou,no data in window,0,0
16909,8512,Jordan Johnson (martial artist),ok,1760,3027
16912,8075,Ed Herman (MMA fighter),ok,0,0
16912,8075,Ed Herman (MMA Fighter),ok,1,0
16912,8075,Ed Herman (mixed martial artist),ok,4622,4510
16912,8075,Ed Herman (fighter),ok,743,382
16912,8075,Edward Herman (martial artist),ok,43,13
16912,8075,Ed Herman (martial artist),ok,2,4
16912,8075,"Edward ""Ed"" Herman",no data in window,0,0
16912,8510,CB Dollaway,ok,584,436
16912,8510,C.B. Dollaway,ok,6073,4465
16912,8510,Dollaway,no data in window,0,0
16893,8369,Yoel Romero Palacio,ok,35,27
16895,8647,Daniel Omielanczuk,ok,18,7
16895,8647,"Omielańczuk, Daniel",no data in window,0,0
16895,8647,Omielańczuk,no data in window,0,0
16896,8314,"Pettis, Anthony",no data in window,0,0
16896,1051,Jim Miller (mixed marital-artist),ok,1,1
16896,1051,Jim Miller (mixed martial-artist),ok,9,3
16901,759,Belal Muhammad (fighter),ok,4815,4601
16952,8002,Joanne Calderwood,ok,12381,9400
16961,6658,"Morales, Albert",no data in window,0,0
16883,8294,"Almeida, Thomas",no data in window,0,0
16887,8644,Damian grabowski,ok,4,2
16891,8568,Pepey,ok,1,1
16891,8568,Godofredo Castro,ok,15,17
17037,8293,Tyron Lakent Woodley,no data in window,0,0
17037,8280,Demien Maia,ok,4,6
17037,8280,Damian Maia,ok,164,120
17039,8202,"Donald ""The Cowboy"" Cerrone",ok,3,3
17039,8202,Cowboy Cerrone,ok,53,56
17042,8387,Renan Barao,ok,261,150
17042,8387,Renan Pegado,ok,0,1
17045,8392,Alexandra Albu,ok,79,0
16857,1510,Sergio pettis,ok,93,45
16943,873,Bojan Velickovic,no data in window,0,0
16946,8440,Des Green,ok,1,2
16873,8429,Gilbert Meléndez,ok,0,1
16878,8445,Arjan Singh Bhullar,no data in window,0,0
16848,8325,Claudia Gadelha,ok,2598,749
16848,2266,Jessica Andrade,ok,2457,733
16834,8504,Thales Leites Lourenço,ok,1,0
16834,8504,Thales Leites Lourenco,ok,3,1
16745,8280,Demien Maia,ok,2,3
16745,8280,Damian Maia,ok,92,54
16747,1051,Jim Miller (mixed marital-artist),ok,0,0
16747,1051,Jim Miller (mixed martial-artist),ok,8,6
16747,8133,Francisco Drinaldo,ok,4,3
16749,1511,Marlon Vera (fighter),ok,2871,4031
16749,1511,Chito Vera,no data in window,0,0
16749,8448,"Lineker, John",no data in window,0,0
16792,775,Wonderboy Thompson,no data in window,0,0
16688,2253,Tatiana Padilla,ok,94,56
16690,2264,Angela Hill (fighter),ok,4333,3347
16690,8146,Ansaroff,ok,1,0
16690,8146,Nina Ansaroff,ok,7258,4062
16691,500,Shawn Strickland,no data in window,0,0
16691,500,Sean Thomas Strickland,no data in window,0,0
16811,8349,Fabricio Werdum,ok,5328,1631
16815,8444,Elias Michael Theodorou,no data in window,0,0
16815,8537,Daniel Kelly (judoka),ok,117,124
16815,8537,Dan Kelly (judoka),ok,17,34
16821,8506,"Chambers, Alex",no data in window,0,0
16778,4925,"Cejudo, Henry",no data in window,0,0
16778,1510,Sergio pettis,ok,68,83
16780,7982,Michelle waterson,ok,70,76
16780,7982,"Waterson, Michelle",no data in window,0,0
16780,7982,Michelle Waterson,ok,22895,36057
16780,2263,Tecia torres,ok,39,51
16780,2263,Tecia Torres,ok,9463,21416
16783,8463,"Teymur, David",no data in window,0,0
16695,7988,Gabriel Benitez,no data in window,0,0
16704,8525,Yuri Alcantara,ok,39,29
16704,8525,Iuri Alcantara,ok,275,138
16704,8525,Iuri Marajó,ok,0,2
16704,8525,Yuri Marajó,ok,0,0
16707,3481,Rafael Dos Anjos,ok,1361,774
16709,6656,"Mike""Platinum""Perry",ok,5,1
16709,834,Ponzinibbio,ok,54,8
16711,260,Jan Blachowicz,ok,223,78
16711,260,Jan Błacowicz,ok,0,2
16711,260,Błachowicz,ok,9,4
16715,8026,"Makdessi, John",no data in window,0,0
16766,2633,Cristiane Justino,ok,3616,4038
16766,2633,Cristiane Santos,ok,1428,1292
16766,2633,Cris Justino,ok,72,31
16766,7991,Holy holm,ok,24,53
16766,7991,Holly Holmes,no data in window,0,0
16767,1153,Edson Mendes Junior,ok,4,4
16767,1153,Edson Mendes Jr.,ok,6,6
16767,8333,Habib Nurmagomedov,ok,30,24
16767,8333,Khabib Abdulmanapovich Nurmagomedov,no data in window,0,0
16767,8333,Хабиб Абдулманапович Нурмагомедов,no data in window,0,0
16767,8333,ХIабиб ГӀабдулманапил НурмухӀамадов,no data in window,0,0
16767,8333,ХIабиб НурмухӀамадов,no data in window,0,0
16767,8333,Хабиб Нурмагомедов,no data in window,0,0
16767,8333,Khabib Nurmagamedov,no data in window,0,0
16767,8333,"Nurmagomedov, Khabib",no data in window,0,0
16769,6625,Carla Kristen Esparza,no data in window,0,0
16772,7969,Rick Glenn,ok,2533,3652
16652,8069,Jessy Jess,ok,1071,79
16652,8069,Jessy Rose-Clark,ok,5486,246
16652,8069,Jessica Rose-Clark,ok,21448,8244
16652,8354,Paige vanZant,ok,2,0
16652,8354,Paige Michelle Van Zant,ok,6,0
16652,8354,Paige Van Zant,ok,34,30
16652,8354,Paige Vanzant,ok,155,48
16652,8354,Paige Michelle van Zant,ok,2,0
16652,8354,Paige Michelle Vanzant,ok,2,0
16652,8354,Paige Michelle VanZant,ok,1,1
16652,8354,Paige van Zant,ok,10,4
16652,8354,Paige Michelle vanZant,ok,1,0
16652,8354,Paige Sletten,no data in window,0,0
16653,3090,Marty Usman,no data in window,0,0
16653,8372,Emil Meek,ok,262,173
16655,8391,Alex White (MMA),ok,73,59
16662,6479,Stipe Miočić,ok,34,21
16608,3781,"Green, Bobby",ok,2,1
16608,3781,Bobby Green (fighter),ok,5962,5485
16608,3781,Bobby Green,ok,138,70
16642,8440,Des Green,ok,4,0
16644,1511,Marlon Vera (fighter),ok,2390,2453
16644,1511,Chito Vera,no data in window,0,0
16647,6236,Damir Hadzovic,ok,203,150
16629,8483,"Hunt, Mark",ok,0,1
16629,8483,Mark Richard Hunt,no data in window,0,0
16638,8317,Jose Alberto Quinonez,ok,19,15
16638,8317,Jose Quinonez,no data in window,0,0
16594,8398,"Vick, James",no data in window,0,0
16594,8133,Francisco Drinaldo,ok,8,10
16601,8312,"Moras, Sarah",no data in window,0,0
16601,4003,Lucie Pudilova,ok,1546,1243
16581,2266,Jessica Andrade,ok,817,229
16581,2263,Tecia torres,ok,74,30
16581,2263,Tecia Torres,ok,19383,10630
16583,6656,"Mike""Platinum""Perry",ok,0,0
16583,803,Max Griffin (fighter),ok,11485,7732
16584,8387,Renan Barao,ok,233,147
16584,8387,Renan Pegado,ok,1,1
16584,7952,"Kelleher, Brian",ok,2,1
16586,2264,Angela Hill (fighter),ok,4823,3762
16619,8335,"Struve, Stefan",ok,5,3
16619,7983,Andrei arlovski,ok,122,60
16619,7983,Andrei Arlovsky,ok,5,3
16619,7983,"Andrei ""The Pitbull"" Arlovski",ok,3,1
16619,7983,Andrei Arlowski,ok,1,2
16619,7983,Arlovsky,ok,2,1
16619,7983,Andre Arlovski,no data in window,0,0
16571,260,Jan Blachowicz,ok,408,77
16571,260,Jan Błacowicz,ok,0,3
16571,260,Błachowicz,ok,7,9
16571,8435,Jimmy Manuwa,ok,5,3
16571,8435,Jimmie Manuwa,ok,0,1
16571,8435,Jimi Manua,ok,3,5
16571,8435,Jimmy Manua,ok,1,2
16571,8435,Jimmie Manua,ok,0,1
16547,8333,Habib Nurmagomedov,ok,20,30
16547,8333,Khabib Abdulmanapovich Nurmagomedov,no data in window,0,0
16547,8333,Хабиб Абдулманапович Нурмагомедов,no data in window,0,0
16547,8333,ХIабиб ГӀабдулманапил НурмухӀамадов,no data in window,0,0
16547,8333,ХIабиб НурмухӀамадов,no data in window,0,0
16547,8333,Хабиб Нурмагомедов,no data in window,0,0
16547,8333,Khabib Nurmagamedov,no data in window,0,0
16547,8333,"Nurmagomedov, Khabib",no data in window,0,0
16548,8179,Joanna Jedrzejczyk,ok,683,554
16550,8375,Magomedsharipov,no data in window,0,0
16550,8375,ZaBeast,no data in window,0,0
16550,8375,Honest Zabe,no data in window,0,0
16554,8555,Bec Hyatt,ok,157,131
16539,8523,"Moraga, John",no data in window,0,0
16543,8484,Yūshin Okami,ok,611,713
16543,8484,岡見勇信,ok,0,1
16546,8287,"Sanders, Luke",no data in window,0,0
16512,8123,"Frankie ""The Answer"" Edgar",ok,2,0
16512,8123,Frankie edgar,ok,1043,237
16512,8123,Frank Edgar,ok,104,75
16517,8503,LaFlare,no data in window,0,0
16521,8452,K-Taro Nakamura,ok,9,12
16521,8452,Keitaro Nakamura,ok,0,1
16521,8363,Tony Martin (fighter),ok,1391,1833
16460,8280,Demien Maia,ok,2,4
16460,8280,Damian Maia,ok,46,138
16460,3090,Marty Usman,no data in window,0,0
16437,775,Wonderboy Thompson,no data in window,0,0
16447,8444,Elias Michael Theodorou,no data in window,0,0
16479,5578,Lauren Taylor (Fighter),ok,27,15
16479,5578,Lauren Taylor (fighter),ok,95,101
16480,8463,"Teymur, David",no data in window,0,0
16480,8310,Nick Lentz,ok,7,9
16482,8440,Des Green,ok,0,1
16486,3481,Rafael Dos Anjos,ok,3213,2471
16487,7991,Holy holm,ok,31,16
16487,7991,Holly Holmes,no data in window,0,0
16488,7983,Andrei arlovski,ok,46,29
16488,7983,Andrei Arlovsky,ok,3,0
16488,7983,"Andrei ""The Pitbull"" Arlovski",ok,6,1
16488,7983,Andrei Arlowski,ok,3,0
16488,7983,Arlovsky,ok,0,1
16488,7983,Andre Arlovski,no data in window,0,0
16360,8202,"Donald ""The Cowboy"" Cerrone",ok,8,9
16360,8202,Cowboy Cerrone,ok,63,45
16362,8069,Jessy Jess,ok,72,29
16362,8069,Jessy Rose-Clark,ok,32,23
16362,8069,Jessica Rose-Clark,ok,340,338
16448,512,Israel Mobolaji Temitayo Odunayo Oluwafemi Owolabi Adesanya,no data in window,0,0
16448,512,The Last Stylebender,no data in window,0,0
16448,512,Izzy Adesanya,no data in window,0,0
16448,512,Stylebender,no data in window,0,0
16523,21,Derrick Lewis (fighter),ok,19142,32786
16523,21,Derrick James Lewis,no data in window,0,0
16528,8082,Rafael Assuncao,ok,16,8
16528,8082,Raphael Assuncao,ok,188,214
16530,803,Max Griffin (fighter),ok,9159,8507
16424,70,Junior Dos Santos,ok,249,172
16424,70,Júnior dos Santos,ok,1,0
16424,70,Junior Cigano,no data in window,0,0
16424,8044,Blagoi Ivanov,ok,650,2653
16429,8478,Kat Zingano,ok,26,1
16431,1248,Alex Volkanovski,ok,37,22
16431,1248,Alexander Volk,no data in window,0,0
16414,8335,"Struve, Stefan",ok,0,3
16400,2263,Tecia torres,ok,30,31
16400,2263,Tecia Torres,ok,12189,10451
16400,8179,Joanna Jedrzejczyk,ok,828,631
16406,8026,"Makdessi, John",no data in window,0,0
16407,8230,Alexis Davis (MMA),ok,43,24
16407,3562,Katlyn Chookagian,ok,2462,2013
16409,8146,Ansaroff,ok,0,0
16409,8146,Nina Ansaroff,ok,6754,4955
16381,8300,Markus Perez Echeimberg,no data in window,0,0
16381,643,"Sanchez, Andrew",ok,0,0
16350,7983,Andrei arlovski,ok,39,28
16350,7983,Andrei Arlovsky,ok,9,2
16350,7983,"Andrei ""The Pitbull"" Arlovski",ok,1,1
16350,7983,Andrei Arlowski,ok,2,0
16350,7983,Arlovsky,ok,5,2
16350,7983,Andre Arlovski,no data in window,0,0
16355,8440,Des Green,ok,3,1
16332,8505,Hector Lombard,ok,7147,4800
16332,8504,Thales Leites Lourenço,ok,0,0
16332,8504,Thales Leites Lourenco,ok,0,1
16311,6624,Ovince St. Preux,ok,415,275
16313,7982,Michelle waterson,ok,75,52
16313,7982,"Waterson, Michelle",no data in window,0,0
16313,7982,Michelle Waterson,ok,20105,21245
16314,8365,Jussier da Silva,ok,37,31
16314,1510,Sergio pettis,ok,44,25
16318,8087,Lina Lansberg,ok,95,125
16318,3471,Yana Kunitskaya,ok,11339,9802
16308,6638,Stevie Ray (MMA),ok,858,870
16235,3481,Rafael Dos Anjos,ok,485,347
16235,3090,Marty Usman,no data in window,0,0
16240,8068,Ji Yeon Kim,ok,124,2078
16225,8483,"Hunt, Mark",ok,0,0
16225,8483,Mark Richard Hunt,ok,0,1
16225,8457,Justin Willis (fighter),ok,9,1
16225,8457,Justin Willis (martial artist),ok,7011,5950
16211,4922,Valentina Shevchenko (fighter),ok,40403,28135
16211,8179,Joanna Jedrzejczyk,ok,6563,4677
16215,8325,Claudia Gadelha,ok,342,241
16215,8146,Ansaroff,ok,1,3
16215,8146,Nina Ansaroff,ok,11933,8278
16216,790,Gilbert Durinho,ok,0,2
16216,790,Durinho,ok,0,1
16216,790,Gilbert Burns (Martial artist),ok,10,9
16216,790,"Burns, Gilbert",ok,0,2
16216,790,Gilbert Burns (fighter),ok,3455,2722
16198,1130,Kevin Lee (fighter),ok,50975,22413
16200,1510,Sergio pettis,ok,30,19
16203,3781,"Green, Bobby",ok,0,2
16203,3781,Bobby Green (fighter),ok,4420,3105
16203,3781,Bobby Green,ok,45,31
16153,8303,Joe Benavidez,ok,16,12
16153,8303,"Benavidez, Joseph",no data in window,0,0
16163,512,Israel Mobolaji Temitayo Odunayo Oluwafemi Owolabi Adesanya,no data in window,0,0
16163,512,The Last Stylebender,no data in window,0,0
16163,512,Izzy Adesanya,no data in window,0,0
16163,512,Stylebender,no data in window,0,0
16163,8321,"Anderson ""The Spider"" Silva",ok,3,7
16163,8321,Anderson The Spider Silva,ok,0,13
16163,8321,Spider Silva,ok,12,11
16163,8321,Anderson Silva: Like Water,ok,17,20
16126,8319,"Felder, Paul",no data in window,0,0
16126,8398,"Vick, James",no data in window,0,0
16134,8310,Nick Lentz,ok,13,3
16053,4003,Lucie Pudilova,ok,179,95
16113,44,Anthony Smith (mixed martial artist),ok,20369,124777
16113,44,"Anthony ""Lionheart"" Smith",no data in window,0,0
16113,44,Anthony Lionheart Smith,no data in window,0,0
16113,6478,Jon bones jones,ok,71,41
16113,6478,"An jones ""bones""",ok,9,1
16113,6478,Bones jones,ok,11,13
16113,6478,Jon Bones Jones,ok,2,6
16113,6478,"Jon ""Bones"" Jones",ok,39,52
16113,6478,Jonny Bones,ok,8,4
16113,6478,Jon Jones (fighter),ok,1835,971
16113,6478,Jonathan Dwight Jones,no data in window,0,0
16113,6478,Jon Dwight Jones,no data in window,0,0
16113,6478,Jones bones,no data in window,0,0
16114,3090,Marty Usman,no data in window,0,0
16114,8293,Tyron Lakent Woodley,no data in window,0,0
16118,8375,Magomedsharipov,no data in window,0,0
16118,8375,ZaBeast,no data in window,0,0
16118,8375,Honest Zabe,no data in window,0,0
16103,8044,Blagoi Ivanov,ok,244,175
16106,8386,Sergio Moraes,ok,1039,6959
16106,8363,Tony Martin (fighter),ok,980,696
16107,3471,Yana Kunitskaya,ok,5227,3298
16094,1255,Arnold Allen (fighter),ok,3244,3430
16095,4460,Marc Diakese,ok,5,2
16095,8353,Joseph Duffy (mixed martial arts fighter),ok,2,0
16077,8457,Justin Willis (fighter),ok,11,19
16077,8457,Justin Willis (martial artist),ok,10585,9142
16079,1506,Deiveson Alcântara Figueiredo,ok,1,1
16079,8365,Jussier da Silva,ok,42,24
16080,8290,Luis Antonio Peña,no data in window,0,0
16084,8230,Alexis Davis (MMA),ok,51,31
16066,7982,Michelle waterson,ok,49,69
16066,7982,"Waterson, Michelle",no data in window,0,0
16066,7982,Michelle Waterson,ok,15798,20237
16038,512,Israel Mobolaji Temitayo Odunayo Oluwafemi Owolabi Adesanya,no data in window,0,0
16038,512,The Last Stylebender,no data in window,0,0
16038,512,Izzy Adesanya,no data in window,0,0
16038,512,Stylebender,no data in window,0,0
16039,259,Khalil Rountree,ok,1482,2007
16039,259,"Khalil Rountree, Jr.",no data in window,0,0
16046,759,Belal Muhammad (fighter),ok,4109,5840
16032,8452,K-Taro Nakamura,ok,30,11
16032,8452,Keitaro Nakamura,ok,0,1
16013,8282,"Ronaldo ""Jacare"" Desouza",ok,6,7
16013,8282,Ronaldo DeSouza,ok,0,0
16013,8282,Ronaldo Jacaré,ok,22,24
16013,8282,Ronaldo Jacare,ok,8,15
16013,8282,Ronaldo de Souza,ok,8,3
16013,8282,Jacare Souza,ok,194,257
16013,8282,Jacaré Souza,ok,8,7
16015,8216,Alex Oliveira (fighter),ok,12391,5774
16015,6656,"Mike""Platinum""Perry",ok,1,1
16021,6625,Carla Kristen Esparza,no data in window,0,0
16024,2264,Angela Hill (fighter),ok,14641,2698
16001,8202,"Donald ""The Cowboy"" Cerrone",ok,10,2
16001,8202,Cowboy Cerrone,ok,129,59
16002,8444,Elias Michael Theodorou,no data in window,0,0
15991,1248,Alex Volkanovski,ok,73,66
15991,1248,Alexander Volk,no data in window,0,0
15991,5855,Jose Aldo,ok,1774,1111
15997,8442,BJ Penn,ok,1371,818
15997,8442,Bj penn,ok,641,518
15997,8442,B J Penn,ok,11,9
15997,8442,B. J. Penn,ok,143,92
15997,8442,J. D. Penn,ok,1,0
15997,8442,BJPenn.com,no data in window,0,0
15967,6236,Damir Hadzovic,ok,81,13
15970,8087,Lina Lansberg,ok,39,57
15970,8437,Evinger,ok,4,2
15955,8044,Blagoi Ivanov,ok,289,113
15956,8146,Ansaroff,ok,2,1
15956,8146,Nina Ansaroff,ok,13748,14063
15956,2253,Tatiana Padilla,ok,41,28
15960,2258,Xiaonan Yan,ok,3384,4575
15960,2264,Angela Hill (fighter),ok,12092,4859
15963,8002,Joanne Calderwood,ok,5198,6492
15963,3562,Katlyn Chookagian,ok,3237,5788
15943,2790,Montana Stewart,ok,25,47
15944,770,Kevin Alan Holland,no data in window,0,0
15944,770,Kevin Holland (fighter),ok,1694,2005
15946,8432,Shuri Kondo,ok,24,16
15946,8432,Syuri Kondo,ok,107,85
15946,8432,KG (wrestler),ok,17,10
15946,8432,Karate Girl (wrestler),ok,0,1
15946,8432,Shuri (wrestler),ok,0,0
15946,8432,Syuri (wrestler),ok,0,1
15946,8432,Kondo Syuri,ok,0,1
15946,8432,Syu☆Ri,ok,0,1
15946,8432,Syu*Ri,ok,1,1
15946,8432,Syu*ri,ok,0,1
15946,8432,SYU*RI,ok,0,0
15946,8432,SYU☆RI,ok,0,0
15946,8432,Syu☆ri,ok,0,1
15946,8432,Ant Lady,ok,1,0
15920,4368,Mike Chiesa,ok,24,21
15920,4368,"Chiesa, Michael",ok,2,0
15920,4368,Michael Keith Chiesa,ok,0,0
15921,8429,Gilbert Meléndez,ok,0,1
15921,1255,Arnold Allen (fighter),ok,8578,5523
15923,8325,Claudia Gadelha,ok,1276,2175
15883,8421,Cezar Mutante,ok,3,1
15883,8421,Mutante,ok,18,26
15887,8237,Ryan Hall (grappler),ok,16392,10372
15866,3481,Rafael Dos Anjos,ok,276,238
15870,8133,Francisco Drinaldo,ok,4,1
15871,7983,Andrei arlovski,ok,46,45
15871,7983,Andrei Arlovsky,ok,3,2
15871,7983,"Andrei ""The Pitbull"" Arlovski",ok,1,1
15871,7983,Andrei Arlowski,ok,1,0
15871,7983,Arlovsky,ok,7,4
15871,7983,Andre Arlovski,no data in window,0,0
15872,7977,Bruce leeroy,ok,3,8
15855,8123,"Frankie ""The Answer"" Edgar",ok,1,0
15855,8123,Frankie edgar,ok,189,228
15855,8123,Frank Edgar,ok,34,48
15856,2633,Cristiane Justino,ok,2277,3506
15856,2633,Cristiane Santos,ok,589,695
15856,2633,Cris Justino,ok,11,8
15863,1506,Deiveson Alcântara Figueiredo,ok,2,73
15830,4922,Valentina Shevchenko (fighter),ok,131561,50821
15905,8314,"Pettis, Anthony",ok,13,6
15905,872,Nathan Diaz,ok,84,61
15905,872,Nate Díaz,ok,1,2
15905,872,Nathan Donald Diaz,ok,0,2
15905,872,Nate Donald Diaz,ok,0,1
15906,8369,Yoel Romero Palacio,ok,27,21
15906,255,Paulo da costa,ok,0,1
15906,255,Paulo da Costa,ok,2,1
15906,255,Paulo Costa (fighter),ok,23101,29846
15906,255,"Costa, Paulo",ok,0,2
15906,255,Paulo Henrique Costa,ok,9,7
15906,255,Paulo Borrachinha,ok,31,21
15910,8082,Rafael Assuncao,ok,8,8
15910,8082,Raphael Assuncao,ok,15,24
15822,6463,Kenan Song,ok,1654,4279
15893,750,Makhachev,ok,8,4
15893,750,Islam Makachev,no data in window,0,0
15893,750,Makachev,no data in window,0,0
15803,1510,Sergio pettis,ok,48,29
15805,8259,Beth Correia,ok,0,0
15692,790,Gilbert Durinho,ok,5,0
15692,790,Durinho,ok,1,0
15692,790,Gilbert Burns (Martial artist),ok,21,8
15692,790,"Burns, Gilbert",ok,1,0
15692,790,Gilbert Burns (fighter),ok,16865,5920
15695,8216,Alex Oliveira (fighter),ok,10456,5779
15700,8087,Lina Lansberg,ok,5,5
15701,4460,Marc Diakese,ok,2,7
15680,1013,Daniel Hooker (fighter),no data in window,0,0
15665,7982,Michelle waterson,ok,91,59
15665,7982,"Waterson, Michelle",ok,2,9
15665,7982,Michelle Waterson,ok,30952,17162
15665,8179,Joanna Jedrzejczyk,ok,675,431
15673,803,Max Griffin (fighter),ok,5130,3174
15677,643,"Sanchez, Andrew",ok,1,0
15653,2451,Yair Rodriguez,ok,170,291
15631,775,Wonderboy Thompson,ok,23,18
15638,3562,Katlyn Chookagian,ok,7925,4775
15566,8375,Magomedsharipov,ok,14,16
15566,8375,ZaBeast,no data in window,0,0
15566,8375,Honest Zabe,no data in window,0,0
15567,116,Gregory Hardy,ok,4,1
15570,8363,Tony Martin (fighter),ok,844,707
15577,8069,Jessy Jess,ok,8,6
15577,8069,Jessy Rose-Clark,ok,23,23
15577,8069,Jessica Rose-Clark,ok,51,50
15624,3781,"Green, Bobby",ok,0,1
15624,3781,Bobby Green (fighter),ok,3503,3458
15624,3781,Bobby Green,ok,35,27
15624,8133,Francisco Drinaldo,ok,20,2
15626,8387,Renan Barao,ok,185,163
15626,8387,Renan Pegado,ok,0,1
15610,1540,Ricky Simon,ok,4338,5788
15593,1248,Alex Volkanovski,ok,90,49
15593,1248,Alexander Volk,no data in window,0,0
15602,1756,Kai Kara France,ok,34,39
15544,7991,Holy holm,ok,14,14
15544,7991,Holly Holmes,ok,17,10
15555,4368,Mike Chiesa,ok,29,20
15555,4368,"Chiesa, Michael",ok,1,0
15555,4368,Michael Keith Chiesa,ok,1,0
15555,3481,Rafael Dos Anjos,ok,173,184
15560,8310,Nick Lentz,ok,10,6
15560,1255,Arnold Allen (fighter),ok,6405,6077
15561,4003,Lucie Pudilova,ok,79,91
15563,8221,"McMann, Sara",ok,1,0
15563,8087,Lina Lansberg,ok,11,8
15531,6478,Jon bones jones,ok,55,47
15531,6478,"An jones ""bones""",ok,0,5
15531,6478,Bones jones,ok,9,18
15531,6478,Jon Bones Jones,ok,6,2
15531,6478,"Jon ""Bones"" Jones",ok,76,25
15531,6478,Jonny Bones,ok,0,4
15531,6478,Jon Jones (fighter),ok,6922,10067
15531,6478,Jonathan Dwight Jones,no data in window,0,0
15531,6478,Jon Dwight Jones,no data in window,0,0
15531,6478,Jones bones,no data in window,0,0
15535,21,Derrick Lewis (fighter),ok,42484,48855
15535,21,Derrick James Lewis,no data in window,0,0
15508,8338,Mara Romero Borella (fighter),ok,136,146
15508,2790,Montana Stewart,ok,34,52
15514,1051,Jim Miller (mixed marital-artist),ok,0,1
15514,1051,Jim Miller (mixed martial-artist),ok,7,8
15496,2258,Xiaonan Yan,ok,260,162
15501,8372,Emil Meek,ok,43,37
15503,1756,Kai Kara France,ok,43,22
15504,2307,Konklak Suphisara,ok,0,2
15504,2307,Suphisara Konlak,no data in window,0,0
15504,2264,Angela Hill (fighter),ok,7466,22877
15478,14,Sergey Spivak,no data in window,0,0
15479,1261,"Garcia, Steve",ok,1,0
15479,8290,Luis Antonio Peña,no data in window,0,0
15483,512,Israel Mobolaji Temitayo Odunayo Oluwafemi Owolabi Adesanya,no data in window,0,0
15483,512,The Last Stylebender,no data in window,0,0
15483,512,Izzy Adesanya,no data in window,0,0
15483,512,Stylebender,no data in window,0,0
15483,8369,Yoel Romero Palacio,ok,17,10
15522,275,Mykyta Krylov,ok,3,0
15523,8133,Francisco Drinaldo,ok,10,6
15523,8026,"Makdessi, John",ok,0,2
15524,8365,Jussier da Silva,ok,31,33
15465,8314,"Pettis, Anthony",ok,3,7
15465,8202,"Donald ""The Cowboy"" Cerrone",ok,8,7
15465,8202,Cowboy Cerrone,ok,114,92
15469,8164,"Rosa, Charles",ok,0,0
15388,7983,Andrei arlovski,ok,29,38
15388,7983,Andrei Arlovsky,ok,3,1
15388,7983,"Andrei ""The Pitbull"" Arlovski",ok,2,3
15388,7983,Andrei Arlowski,ok,1,1
15388,7983,Arlovsky,ok,8,5
15388,7983,Andre Arlovski,no data in window,0,0
15390,8312,"Moras, Sarah",ok,0,0
15441,525,Jotko,no data in window,0,0
15442,1511,Marlon Vera (fighter),ok,9247,4797
15442,1511,Chito Vera,no data in window,0,0
15442,1501,Yadong Song,ok,496,171
15373,8293,Tyron Lakent Woodley,no data in window,0,0
15373,790,Gilbert Durinho,ok,1,3
15373,790,Durinho,ok,1,1
15373,790,Gilbert Burns (Martial artist),ok,42,44
15373,790,"Burns, Gilbert",ok,1,1
15373,790,Gilbert Burns (fighter),ok,14368,58682
15378,3562,Katlyn Chookagian,ok,5155,7061
15429,8363,Tony Martin (fighter),ok,514,553
15431,7977,Bruce leeroy,ok,8,2
15431,3091,Chase Alan Hooper,no data in window,0,0
15433,7952,"Kelleher, Brian",ok,1,2
15397,759,Belal Muhammad (fighter),ok,4920,6428
15399,3781,"Green, Bobby",ok,1,0
15399,3781,Bobby Green (fighter),ok,3393,5107
15399,3781,Bobby Green,ok,32,41
15400,8359,Brianna van Buren,ok,73,111
15400,8359,Brianna Van Buren,ok,454,3122
15400,2263,Tecia torres,ok,18,24
15400,2263,Tecia Torres,ok,8814,10042
15404,5578,Lauren Taylor (Fighter),ok,18,13
15404,5578,Lauren Taylor (fighter),ok,99,115
15416,1013,Daniel Hooker (fighter),no data in window,0,0
15417,6656,"Mike""Platinum""Perry",ok,7,2
15360,3090,Marty Usman,ok,23,7
15323,1761,Timothy Elliott,ok,36,1
15330,8347,"Fishgold, Chris",no data in window,0,0
15350,4460,Marc Diakese,ok,1,2
15350,1009,Fiziev,no data in window,0,0
15338,8350,Peter Sobotta (fighter),ok,6,8
15338,8350,"Sobotta, Peter",no data in window,0,0
15338,8350,Petersobotta.com,no data in window,0,0
15338,8216,Alex Oliveira (fighter),ok,15045,17257
15345,8259,Beth Correia,ok,2,1
15317,3781,"Green, Bobby",ok,0,1
15317,3781,Bobby Green (fighter),ok,54009,7047
15317,3781,Bobby Green,ok,265,39
15283,6556,"Weidman, Chris",no data in window,0,0
15285,3471,Yana Kunitskaya,ok,10015,6902
15449,8367,Daniel cormier,ok,485,457
15449,8367,"Cormier, Daniel",no data in window,0,0
15449,6479,Stipe Miočić,ok,32,24
15454,1051,Jim Miller (mixed marital-artist),ok,0,1
15454,1051,Jim Miller (mixed martial-artist),ok,7,4
15457,8248,Livia Renata Souza,ok,1204,1381
15457,8248,Livinha Souza,no data in window,0,0
15272,44,Anthony Smith (mixed martial artist),ok,31046,22666
15272,44,"Anthony ""Lionheart"" Smith",no data in window,0,0
15272,44,Anthony Lionheart Smith,no data in window,0,0
15272,24,Aleksandar Rakic (fighter),ok,2,0
15272,24,Aleksandar Rakić (fighter),ok,17181,21266
15272,24,Aleksandar Rakic,no data in window,0,0
15274,8068,Ji Yeon Kim,ok,2981,3693
15232,2790,Montana Stewart,ok,90,36
15232,3053,Viviane Araujo (fighter),no data in window,0,0
15264,3781,"Green, Bobby",ok,1,0
15264,3781,Bobby Green (fighter),ok,47408,5064
15264,3781,Bobby Green,ok,179,30
15252,1816,David Dvorak,no data in window,0,0
15252,8304,Jordan Andrew Espinosa,no data in window,0,0
15216,7991,Holy holm,ok,14,6
15216,7991,Holly Holmes,ok,5,8
15224,2307,Konklak Suphisara,ok,0,0
15224,2307,Suphisara Konlak,no data in window,0,0
15193,1153,Edson Mendes Junior,ok,1,0
15193,1153,Edson Mendes Jr.,ok,1,1
15205,8017,Chang Son Jon,ok,1,0
15205,8017,Jung Chan Sung,ok,7,13
15205,8017,Jung Chan-sung,no data in window,0,0
15205,8017,Korean Zombie,ok,267,220
15205,8017,Jung Chan-Sung,ok,292,224
15205,8017,Chan Sung Jung,ok,55899,43184
15205,3644,"Ortega, Brian",ok,3,1
15205,3644,T-City,ok,1,1
15209,8294,"Almeida, Thomas",ok,1,0
15209,6480,Jonathan Martinez (fighter),ok,810,1036
15212,535,Park Jun-yong,no data in window,0,0
15212,535,Park Jun Yong,no data in window,0,0
15163,1110,Thiago Moises,no data in window,0,0
15163,3781,"Green, Bobby",ok,0,0
15163,3781,Bobby Green (fighter),ok,44696,6964
15163,3781,Bobby Green,ok,191,28
15166,500,Shawn Strickland,no data in window,0,0
15166,500,Sean Thomas Strickland,no data in window,0,0
15171,7983,Andrei arlovski,ok,23,18
15171,7983,Andrei Arlovsky,ok,0,0
15171,7983,"Andrei ""The Pitbull"" Arlovski",ok,1,1
15171,7983,Andrei Arlowski,ok,2,2
15171,7983,Arlovsky,ok,1,1
15171,7983,Andre Arlovski,no data in window,0,0
15174,8325,Claudia Gadelha,ok,370,361
15174,2258,Xiaonan Yan,ok,85,66
15142,8150,Miranda Layne Granger,no data in window,0,0
15181,4922,Valentina Shevchenko (fighter),ok,61934,69025
15182,6656,"Mike""Platinum""Perry",ok,2,8
15183,3562,Katlyn Chookagian,ok,45280,13245
15129,8245,Gianpiero Villante,ok,6,5
15129,8245,Villante,ok,1,1
15131,4374,Charles do Bronx,ok,17,9
15131,4374,"Oliveira, Charles",ok,1,1
15131,4374,Charles olivera,no data in window,0,0
15131,4374,Charley Olives,no data in window,0,0
15131,4374,Do Bronx,no data in window,0,0
15131,7975,Tony ferguson,ok,484,220
15131,7975,Tony Ferguson (Fighter),ok,7,2
15131,7975,Tony Ferguson (fighter),ok,707,551
15132,2251,Mackenzie Lynne Dern,ok,4,0
15137,2858,William Daniel Quarantillo,no data in window,0,0
15137,2858,William Quarantillo,no data in window,0,0
15110,775,Wonderboy Thompson,ok,42,20
15111,1511,Marlon Vera (fighter),ok,16845,19474
15111,1511,Chito Vera,no data in window,0,0
15111,5855,Jose Aldo,ok,563,333
15115,8314,"Pettis, Anthony",ok,1,7
15118,2637,Taila Jaime dos Santos,no data in window,0,0
15108,8311,Vanessa De Melo Silva,no data in window,0,0
15108,8312,"Moras, Sarah",ok,0,0
15017,4368,Mike Chiesa,ok,15,17
15017,4368,"Chiesa, Michael",ok,0,2
15017,4368,Michael Keith Chiesa,ok,2,1
15020,3053,Viviane Araujo (fighter),ok,116,136
15025,1766,Sumudaerji,no data in window,0,0
15026,8300,Markus Perez Echeimberg,ok,116,57
15081,8002,Joanne Calderwood,ok,6530,8661
15085,269,Antonio Carlos Jr.,ok,4,1
15085,269,Antonio Carlos Junior,ok,27,23
15085,269,Cara de Sapato,ok,0,2
15085,269,Antônio Carlos Júnior,ok,13284,5046
15087,259,Khalil Rountree,ok,300,192
15087,259,"Khalil Rountree, Jr.",no data in window,0,0
15087,335,Marcin Prachnio (fighter),ok,0,0
15070,1749,Prodigio,no data in window,0,0
15076,6179,Seung Woo Choi (fighter),ok,1751,3889
15076,6179,Seungwoo Choi,no data in window,0,0
15093,7952,"Kelleher, Brian",ok,2,2
15093,1540,Ricky Simon,ok,8028,16117
15096,759,Belal Muhammad (fighter),ok,10630,7337
15098,1530,Christopher Juno Gutierrez Balbin,ok,0,0
15098,1530,"Gutierrez, Chris",no data in window,0,0
15032,3471,Yana Kunitskaya,ok,4541,5096
15058,6235,Jair Rozenstruik,ok,9,10
15058,6235,Rozenstruik,no data in window,0,0
15058,1,Surreal Gone,no data in window,0,0
15058,1,Cyril Gane,no data in window,0,0
15059,275,Mykyta Krylov,ok,0,0
15059,251,Ankalaev,no data in window,0,0
15063,1110,Thiago Moises,ok,0,3
15064,8230,Alexis Davis (MMA),ok,26,24
15043,260,Jan Blachowicz,ok,195,251
15043,260,Jan Błacowicz,ok,0,1
15043,260,Błachowicz,ok,46,72
15043,512,Israel Mobolaji Temitayo Odunayo Oluwafemi Owolabi Adesanya,ok,6,1
15043,512,The Last Stylebender,ok,9,11
15043,512,Izzy Adesanya,no data in window,0,0
15043,512,Stylebender,no data in window,0,0
15047,60,Thiago Santos (Middleweight fighter),ok,238,398
15047,60,Thiago Santos (mixed martial arts),ok,2,3
15047,60,Thiago Santos (mixed martial artist),ok,48,45
15047,60,Thiago de Lima Santos,ok,496,442
15047,60,Thiago Santos (middleweight fighter),ok,8341,15377
15047,60,Thiago Santos (fighter),ok,24156,48385
15047,24,Aleksandar Rakic (fighter),ok,0,12
15047,24,Aleksandar Rakić (fighter),ok,20125,33425
15047,24,Aleksandar Rakic,no data in window,0,0
15050,8303,Joe Benavidez,ok,6,25
15050,8303,"Benavidez, Joseph",ok,4,2
15052,8304,Jordan Andrew Espinosa,no data in window,0,0
15052,1761,Timothy Elliott,ok,0,3
15000,2264,Angela Hill (fighter),ok,7718,22307
15007,770,Kevin Alan Holland,ok,3,0
15007,770,Kevin Holland (fighter),ok,43386,21419
15014,6500,Trevin Giles (fighter),ok,1,0
14974,5640,Miranda Rachelle Maverick,no data in window,0,0
14979,8079,Omar Antonio Morales Ferrer,no data in window,0,0
14981,770,Kevin Alan Holland,ok,0,0
14981,770,Kevin Holland (fighter),ok,28556,37541
14982,1255,Arnold Allen (fighter),ok,7275,13322
14985,6656,"Mike""Platinum""Perry",ok,2,2
14962,7983,Andrei arlovski,ok,66,28
14962,7983,Andrei Arlovsky,ok,3,2
14962,7983,"Andrei ""The Pitbull"" Arlovski",ok,2,2
14962,7983,Andrei Arlowski,ok,3,2
14962,7983,Arlovsky,ok,10,2
14962,7983,Andre Arlovski,no data in window,0,0
14940,525,Jotko,no data in window,0,0
14940,500,Shawn Strickland,no data in window,0,0
14940,500,Sean Thomas Strickland,no data in window,0,0
14947,8287,"Sanders, Luke",no data in window,0,0
14928,5878,Marina Rodriguez (fighter),ok,5487,10656
14928,5878,Marina Rodríguez,ok,68,116
14928,7982,Michelle waterson,ok,31,46
14928,7982,"Waterson, Michelle",ok,4,0
14928,7982,Michelle Waterson,ok,18370,29845
14931,49,Marcos Rogerio de Lima,ok,1149,910
14917,7975,Tony ferguson,ok,262,229
14917,7975,Tony Ferguson (Fighter),ok,5,1
14917,7975,Tony Ferguson (fighter),ok,568,578
14919,3562,Katlyn Chookagian,ok,10245,25094
14919,3053,Viviane Araujo (fighter),ok,2,1
14904,1561,Garbrandt,no data in window,0,0
14908,1468,Ricardo Lucas Ramos,ok,1,0
14908,7951,"Algeo, Bill",no data in window,0,0
14868,834,Ponzinibbio,ok,3,8
14868,7970,Miguel Baeza (fighter),ok,5124,8694
14872,8133,Francisco Drinaldo,ok,4,5
14872,785,Salihov Muslim,ok,0,3
14872,785,Muslim Salihov,ok,38,35
14890,512,Israel Mobolaji Temitayo Odunayo Oluwafemi Owolabi Adesanya,ok,5,3
14890,512,The Last Stylebender,ok,7,8
14890,512,Izzy Adesanya,no data in window,0,0
14890,512,Stylebender,no data in window,0,0
14892,872,Nathan Diaz,ok,117,68
14892,872,Nate Díaz,ok,6,1
14892,872,Nathan Donald Diaz,ok,7,3
14892,872,Nate Donald Diaz,ok,1,0
14893,759,Belal Muhammad (fighter),ok,26042,24295
14893,8280,Demien Maia,ok,1,2
14893,8280,Damian Maia,ok,69,34
14895,8124,Bradley Riddell,ok,0,0
14895,8124,Brad Riddell (fighter),ok,2919,1468
14896,8261,Darren Stewart (fighter),ok,4706,4820
14898,1251,Movsar,no data in window,0,0
14899,8230,Alexis Davis (MMA),ok,25,27
14901,3091,Chase Alan Hooper,no data in window,0,0
14878,8017,Chang Son Jon,ok,2,0
14878,8017,Jung Chan Sung,ok,9,9
14878,8017,Jung Chan-sung,no data in window,0,0
14878,8017,Korean Zombie,ok,206,118
14878,8017,Jung Chan-Sung,ok,606,188
14878,8017,Chan Sung Jung,ok,41183,31208
14879,14,Sergey Spivak,ok,2822,5968
14879,8134,Alexey Oleinik,ok,156,92
14879,8134,Alexey Oleynik,ok,9009,8816
14879,8134,The Boa Constrictor,no data in window,0,0
14880,1511,Marlon Vera (fighter),ok,15451,14413
14880,1511,Chito Vera,no data in window,0,0
14852,1,Surreal Gone,no data in window,0,0
14852,1,Cyril Gane,no data in window,0,0
14864,6236,Damir Hadzovic,ok,33,16
14841,790,Gilbert Durinho,ok,1,0
14841,790,Durinho,ok,0,0
14841,790,Gilbert Burns (Martial artist),ok,61,58
14841,790,"Burns, Gilbert",ok,0,1
14841,790,Gilbert Burns (fighter),ok,17216,16082
14841,775,Wonderboy Thompson,ok,90,61
14845,803,Max Griffin (fighter),ok,6165,9916
14846,569,Michel Pereira (fighter),ok,35450,26431
14824,506,Brenda Allen (fighter),ok,2,4
14783,8203,Uriah hall,ok,84,61
14783,8203,Uriah Hall (fighter),no data in window,0,0
14783,500,Shawn Strickland,no data in window,0,0
14783,500,Sean Thomas Strickland,no data in window,0,0
14807,5855,Jose Aldo,ok,458,464
14809,2263,Tecia torres,ok,17,9
14809,2263,Tecia Torres,ok,7886,9197
14809,2264,Angela Hill (fighter),ok,7662,7100
14811,1009,Fiziev,ok,4,18
14811,3781,"Green, Bobby",ok,0,1
14811,3781,Bobby Green (fighter),ok,6897,10783
14811,3781,Bobby Green,ok,44,31
14813,8075,Ed Herman (MMA fighter),ok,0,1
14813,8075,Ed Herman (MMA Fighter),ok,1,1
14813,8075,Ed Herman (mixed martial artist),ok,1599,1114
14813,8075,Ed Herman (fighter),ok,4096,5169
14813,8075,Edward Herman (martial artist),ok,8,10
14813,8075,Ed Herman (martial artist),ok,0,1
14813,8075,"Edward ""Ed"" Herman",no data in window,0,0
14754,7952,"Kelleher, Brian",ok,1,0
14774,1130,Kevin Lee (fighter),ok,33684,32871
14729,8068,Ji Yeon Kim,ok,2050,1778
14732,545,Marc-Andre Barriault,ok,21,18
14734,288,Cutelaba,ok,7,6
14734,288,Ion Cuțelaba,ok,12839,13692
14739,8253,Mike Rodriguez (fighter),ok,258,512
14739,8253,Mike Rodriuez (fighter),ok,0,0
14793,3644,"Ortega, Brian",ok,18,1
14793,3644,T-City,ok,4,1
14793,1248,Alex Volkanovski,ok,65,70
14793,1248,Alexander Volk,no data in window,0,0
14796,6235,Jair Rozenstruik,ok,23,5
14796,6235,Rozenstruik,no data in window,0,0
14799,1013,Daniel Hooker (fighter),no data in window,0,0
14801,2637,Taila Jaime dos Santos,ok,2,0
14759,60,Thiago Santos (Middleweight fighter),ok,200,156
14759,60,Thiago Santos (mixed martial arts),ok,0,3
14759,60,Thiago Santos (mixed martial artist),ok,1,0
14759,60,Thiago de Lima Santos,ok,417,266
14759,60,Thiago Santos (middleweight fighter),ok,9116,2362
14759,60,Thiago Santos (fighter),ok,22523,25911
14761,8216,Alex Oliveira (fighter),ok,4315,3591
14766,8259,Beth Correia,ok,0,0
14715,2251,Mackenzie Lynne Dern,ok,0,2
14715,5878,Marina Rodriguez (fighter),ok,6997,7188
14715,5878,Marina Rodríguez,ok,153,78
14717,1761,Timothy Elliott,ok,1,0
14721,8164,"Rosa, Charles",ok,1,0
14692,7983,Andrei arlovski,ok,45,19
14692,7983,Andrei Arlovsky,ok,4,1
14692,7983,"Andrei ""The Pitbull"" Arlovski",ok,0,0
14692,7983,Andrei Arlowski,ok,1,1
14692,7983,Arlovsky,ok,2,4
14692,7983,Andre Arlovski,no data in window,0,0
14677,255,Paulo da costa,ok,1,0
14677,255,Paulo da Costa,ok,1,0
14677,255,Paulo Costa (fighter),ok,19400,5179
14677,255,"Costa, Paulo",ok,1,0
14677,255,Paulo Henrique Costa,ok,4,3
14677,255,Paulo Borrachinha,ok,9,8
14679,8069,Jessy Jess,ok,9,12
14679,8069,Jessy Rose-Clark,ok,4,5
14679,8069,Jessica Rose-Clark,ok,38,46
14689,8248,Livia Renata Souza,ok,144,63
14689,8248,Livinha Souza,ok,0,5
14706,251,Ankalaev,no data in window,0,0
14706,263,Volkan Özdemir,ok,1,3
14708,8094,Tukhugov,ok,2,3
14708,8094,Zubaira,no data in window,0,0
14708,1468,Ricardo Lucas Ramos,ok,0,0
14663,3090,Marty Usman,ok,4,3
14666,2858,William Daniel Quarantillo,no data in window,0,0
14666,2858,William Quarantillo,no data in window,0,0
14667,1000,Justin Gaethje (fighter),ok,516,294
14667,1000,Gaethje,ok,34,36
14667,1030,Mike Chandler (fighter),ok,4,0
14667,1030,Michael Chandler (fighter),ok,5,7
14667,1030,"Chandler, Michael",ok,4,4
14667,1030,Michael Chandler Jr.,no data in window,0,0
14652,2451,Yair Rodriguez,ok,59,29
14641,5877,Miesha tate,ok,77,51
14641,5877,Misha Tate,ok,27,13
14641,5877,Mischa Tate,ok,3,2
14641,5877,Mischia Tate,ok,0,2
14642,753,Sean Thomas Brady,ok,0,3
14642,4368,Mike Chiesa,ok,10,16
14642,4368,"Chiesa, Michael",ok,1,11
14642,4368,Michael Keith Chiesa,ok,0,3
14644,7984,Kyung-Ho Kang,ok,3,7
14644,7984,Kyung Ho Kang,ok,310,320
14644,7984,Kang Kyung-Ho,ok,50,99
14601,5855,Jose Aldo,ok,309,365
14610,8110,Cheyanne Buys,ok,2678,7014
14633,8145,Dominic Cruz,ok,26,8
14637,5640,Miranda Rachelle Maverick,no data in window,0,0
14638,8237,Ryan Hall (grappler),ok,1927,1434
14615,759,Belal Muhammad (fighter),ok,3898,2705
14615,775,Wonderboy Thompson,ok,29,17
14623,1512,Charles Jourdain (fighter),ok,11,0
14591,1308,Chikadze Giga,no data in window,0,0
14594,3562,Katlyn Chookagian,ok,5830,6423
14599,7952,"Kelleher, Brian",ok,0,2
14600,1157,T. J. Brown,ok,1,1
14600,1157,TJ Brown,ok,5,8
14600,8164,"Rosa, Charles",ok,3,0
14580,1,Surreal Gone,no data in window,0,0
14580,1,Cyril Gane,no data in window,0,0
14581,1506,Deiveson Alcântara Figueiredo,ok,0,0
14574,8126,Mike Trizano,ok,9,4
14576,8230,Alexis Davis (MMA),ok,19,14
14553,512,Israel Mobolaji Temitayo Odunayo Oluwafemi Owolabi Adesanya,ok,1,0
14553,512,The Last Stylebender,ok,7,4
14553,512,Izzy Adesanya,no data in window,0,0
14553,512,Stylebender,no data in window,0,0
14557,3781,"Green, Bobby",ok,0,0
14557,3781,Bobby Green (fighter),ok,1150,737
14557,3781,Bobby Green,ok,10157,11735
14549,6043,Diana Belbita,ok,7,5
14549,6043,Diana Belbiţă,ok,1891,2425
14532,8068,Ji Yeon Kim,ok,3632,3505
14538,6480,Jonathan Martinez (fighter),ok,17,9
14481,1153,Edson Mendes Junior,ok,0,2
14481,1153,Edson Mendes Jr.,ok,0,0
14489,1761,Timothy Elliott,ok,0,1
14491,537,Michal Oleksiejczuk,ok,6,5
14492,60,Thiago Santos (Middleweight fighter),ok,67,31
14492,60,Thiago Santos (mixed martial arts),ok,4,3
14492,60,Thiago Santos (mixed martial artist),ok,0,0
14492,60,Thiago de Lima Santos,ok,74,51
14492,60,Thiago Santos (middleweight fighter),ok,681,1075
14492,60,Thiago Santos (fighter),ok,22652,30523
14492,251,Ankalaev,no data in window,0,0
14494,7977,Bruce leeroy,ok,3,3
14497,3746,Alex Sandro Pereira,ok,1,0
14497,3746,Alexsandro Pereira,ok,2,3
14497,3746,Alex Pereira (kickboxer),ok,2135,2146
14497,3746,Poatan,no data in window,0,0
14497,3746,Alex Sandro Silva Pereira,no data in window,0,0
14527,6502,Jack Shore (fighter),ok,1,0
14509,1756,Kai Kara France,ok,22,12
14512,8221,"McMann, Sara",ok,0,0
14516,1816,David Dvorak,ok,6,4
14455,501,Chimaev,ok,291,144
14455,501,Khamzat,no data in window,0,0
14455,790,Gilbert Durinho,ok,2,3
14455,790,Durinho,ok,3,0
14455,790,Gilbert Burns (Martial artist),ok,28,19
14455,790,"Burns, Gilbert",ok,2,1
14455,790,Gilbert Burns (fighter),ok,2114,1258
14457,8015,Mark Madsen (wrestler),ok,109,105
14457,8015,Mark O. Madsen,no data in window,0,0
14439,759,Belal Muhammad (fighter),ok,769,643
14446,8087,Lina Lansberg,ok,0,5
14419,2790,Montana Stewart,ok,28,24
14426,335,Marcin Prachnio (fighter),no data in window,0,0
14406,1511,Marlon Vera (fighter),ok,706,469
14406,1511,Chito Vera,no data in window,0,0
14411,525,Jotko,no data in window,0,0
14470,8133,Francisco Drinaldo,ok,2,3
14473,49,Marcos Rogerio de Lima,ok,4,3
14473,8044,Blagoi Ivanov,ok,139,100
14477,2262,Lupita Godinez,ok,2338,1802
14434,3053,Viviane Araujo (fighter),ok,1,0
14436,2264,Angela Hill (fighter),ok,3675,1782
14391,6480,Jonathan Martinez (fighter),ok,21,11
14346,1251,Movsar,no data in window,0,0
14341,506,Brenda Allen (fighter),ok,0,1
14297,1011,Gamrot,ok,40,36
14302,578,Rodolfo Vieira (fighter),ok,61,47
14302,578,Rodolfo Vieira (BJJ),ok,169,139
14394,512,Israel Mobolaji Temitayo Odunayo Oluwafemi Owolabi Adesanya,ok,6,0
14394,512,The Last Stylebender,ok,16,6
14394,512,Izzy Adesanya,no data in window,0,0
14394,512,Stylebender,no data in window,0,0
14395,1248,Alex Volkanovski,ok,79,51
14395,1248,Alexander Volk,no data in window,0,0
14401,754,Ian Garry,no data in window,0,0
14401,5797,Gabe Green,no data in window,0,0
14402,502,Dricus Du Plessis,no data in window,0,0
14402,502,Dricus,no data in window,0,0
14402,502,Stillknocks,no data in window,0,0
14403,549,Andre Muniz,ok,18,16
14403,8203,Uriah hall,ok,69,55
14403,8203,Uriah Hall (fighter),no data in window,0,0
14266,5877,Miesha tate,ok,122,109
14266,5877,Misha Tate,ok,21,15
14266,5877,Mischa Tate,ok,3,1
14266,5877,Mischia Tate,ok,0,0
14266,5578,Lauren Taylor (Fighter),ok,1,1
14266,5578,Lauren Taylor (fighter),ok,60,150
14252,5263,"Craig, Paul",ok,0,0
14252,5263,Paul Craig (martial artist),ok,24,18
14252,5263,Paul Craig (fighter),ok,60,43
14252,263,Volkan Özdemir,ok,3,0
14253,1053,Ludovit Klein,ok,22,14
14254,4460,Marc Diakese,ok,2,3
14254,6236,Damir Hadzovic,ok,5,6
14255,8164,"Rosa, Charles",ok,0,0
14309,5816,Julianna Pena,ok,78,88
14314,6484,Matt Semelsberger,ok,0,0
14200,2264,Angela Hill (fighter),ok,808,621
14200,2262,Lupita Godinez,ok,1994,2183
14183,8139,"Rockhold, Luke",ok,5,2
14183,255,Paulo da costa,ok,2,3
14183,255,Paulo da Costa,ok,0,3
14183,255,Paulo Costa (fighter),ok,766,264
14183,255,"Costa, Paulo",no data in window,0,0
14183,255,Paulo Henrique Costa,ok,4,11
14183,255,Paulo Borrachinha,ok,4,7
14184,5855,Jose Aldo,ok,569,385
14219,760,Joaquin Yuconri Buckley,no data in window,0,0
14219,503,Imavov,no data in window,0,0
14222,1512,Charles Jourdain (fighter),ok,16,2
14224,8026,"Makdessi, John",ok,3,3
14174,1364,Julian Ricardo Dulican Erosa,ok,0,2
14178,8137,Danyelle Nicole Wolf,ok,0,0
14159,8133,Francisco Drinaldo,ok,1,7
14164,8134,Alexey Oleinik,ok,144,139
14164,8134,Alexey Oleynik,ok,8026,6345
14164,8134,The Boa Constrictor,no data in window,0,0
14134,3053,Viviane Araujo (fighter),ok,1,1
14137,8082,Rafael Assuncao,ok,3,4
14137,8082,Raphael Assuncao,ok,30,8
14325,1011,Gamrot,ok,35,47
14326,3562,Katlyn Chookagian,ok,13501,14432
14329,275,Mykyta Krylov,ok,1,0
14329,263,Volkan Özdemir,ok,0,0
14102,5640,Miranda Rachelle Maverick,no data in window,0,0
14130,8125,Silvana Gomez Juarez,ok,3,1
14081,1331,Miles Xavier Johns,ok,0,0
14068,2264,Angela Hill (fighter),ok,560,803
14070,4460,Marc Diakese,ok,1,2
14109,1005,Paddy the Baddy,ok,98,116
14109,1005,Patrick Pimblett,ok,19,4
14109,1005,Patrick Mark Pimblett,no data in window,0,0
14054,8110,Cheyanne Buys,ok,311,156
14055,6484,Matt Semelsberger,ok,1,0
14059,1816,David Dvorak,ok,13,10
14059,1749,Prodigio,ok,15,9
14060,8072,Journey Ja-rel Newson,ok,2,1
14001,500,Shawn Strickland,no data in window,0,0
14001,500,Sean Thomas Strickland,no data in window,0,0
14001,503,Imavov,no data in window,0,0
14021,273,Jamahal Alexander Hill,no data in window,0,0
14024,2266,Jessica Andrade,ok,236,157
14024,5578,Lauren Taylor (Fighter),ok,6,8
14024,5578,Lauren Taylor (fighter),ok,57,61
13978,6635,Jung Da Un,ok,11,11
13978,6635,Da Un Jung,ok,2622,6902
13979,8044,Blagoi Ivanov,ok,128,118
13988,750,Makhachev,ok,131,46
13988,750,Islam Makachev,no data in window,0,0
13988,750,Makachev,no data in window,0,0
13988,1248,Alex Volkanovski,ok,148,63
13988,1248,Alexander Volk,no data in window,0,0
13955,335,Marcin Prachnio (fighter),ok,0,0
13956,1051,Jim Miller (mixed marital-artist),ok,0,0
13956,1051,Jim Miller (mixed martial-artist),ok,8,4
13968,1561,Garbrandt,no data in window,0,0
13970,3053,Viviane Araujo (fighter),ok,1,0
13932,6480,Jonathan Martinez (fighter),ok,4,8
13920,7991,Holy holm,ok,2,4
13920,7991,Holly Holmes,ok,1,3
13920,3471,Yana Kunitskaya,ok,5796,8969
13893,790,Gilbert Durinho,ok,0,0
13893,790,Durinho,ok,1,1
13893,790,Gilbert Burns (Martial artist),ok,27,25
13893,790,"Burns, Gilbert",ok,0,1
13893,790,Gilbert Burns (fighter),ok,294,388
13878,1255,Arnold Allen (fighter),ok,243,196
13882,1530,Christopher Juno Gutierrez Balbin,ok,0,0
13882,1530,"Gutierrez, Chris",no data in window,0,0
13845,790,Gilbert Durinho,ok,0,1
13845,790,Durinho,ok,1,7
13845,790,Gilbert Burns (Martial artist),ok,45,64
13845,790,"Burns, Gilbert",ok,1,1
13845,790,Gilbert Burns (fighter),ok,555,677
13845,759,Belal Muhammad (fighter),ok,1002,572
13848,1512,Charles Jourdain (fighter),ok,0,1
13852,5878,Marina Rodriguez (fighter),ok,947,738
13852,5878,Marina Rodríguez,ok,1,2
13834,44,Anthony Smith (mixed martial artist),ok,411,358
13834,44,"Anthony ""Lionheart"" Smith",no data in window,0,0
13834,44,Anthony Lionheart Smith,no data in window,0,0
13821,2264,Angela Hill (fighter),ok,614,680
13821,2251,Mackenzie Lynne Dern,ok,1,0
13823,2262,Lupita Godinez,ok,18016,1114
13796,7977,Bruce leeroy,ok,2,1
13775,545,Marc-Andre Barriault,ok,3,2
13764,785,Salihov Muslim,ok,0,0
13764,785,Muslim Salihov,ok,27,30
13710,8044,Blagoi Ivanov,ok,102,117
13710,18,Alexander Romanov (wrestler),ok,5,1
13710,18,Alexandr Romanov (wrestler),ok,2,0
13710,18,Alexandr Romanov (fighter),ok,22,22
13735,1044,Fares Ziam,ok,15,38
13736,7966,Josh Culibao,ok,88,91
13643,1053,Ludovit Klein,ok,1,0
13644,1525,Kyler Phillips (fighter),ok,0,0
13646,2858,William Daniel Quarantillo,ok,0,0
13646,2858,William Quarantillo,ok,0,0
13650,3481,Rafael Dos Anjos,ok,57,52
13664,4923,Weili Zhang,ok,87,61
13664,2260,Amanda Oliveira de Lemos,ok,0,0
13665,754,Ian Garry,ok,2537,1777
13667,1511,Marlon Vera (fighter),ok,370,509
13667,1511,Chito Vera,ok,23,9
13668,6556,"Weidman, Chris",ok,0,6
13536,1308,Chikadze Giga,no data in window,0,0
13536,7977,Bruce leeroy,ok,3,5
13538,2637,Taila Jaime dos Santos,ok,0,0
13626,500,Shawn Strickland,no data in window,0,0
13626,500,Sean Thomas Strickland,no data in window,0,0
13626,512,Israel Mobolaji Temitayo Odunayo Oluwafemi Owolabi Adesanya,ok,3,2
13626,512,The Last Stylebender,ok,7,6
13626,512,Izzy Adesanya,ok,2,3
13626,512,Stylebender,no data in window,0,0
13633,8026,"Makdessi, John",ok,0,1
13584,760,Joaquin Yuconri Buckley,ok,0,0
13586,7951,"Algeo, Bill",no data in window,0,0
13587,6043,Diana Belbita,ok,0,6
13587,6043,Diana Belbiţă,ok,1564,5104
13590,1669,Qileng Aori,ok,1,1
13590,1694,Johnny Munoz Jr.,ok,2,0
13501,1153,Edson Mendes Junior,ok,0,0
13501,1153,Edson Mendes Jr.,ok,0,0
13502,3053,Viviane Araujo (fighter),ok,0,0
13510,1530,Christopher Juno Gutierrez Balbin,ok,0,0
13510,1530,"Gutierrez, Chris",ok,0,0
13510,3588,Heili Alateng,ok,4,2
13558,21,Derrick Lewis (fighter),ok,1700,1394
13558,21,Derrick James Lewis,no data in window,0,0
13560,42,Rodrigo Nascimento Ferreira,ok,0,0
13522,3587,John Castaneda,ok,1,0
13522,7984,Kyung-Ho Kang,ok,0,0
13522,7984,Kyung Ho Kang,ok,39,33
13522,7984,Kang Kyung-Ho,ok,6,5
13491,1506,Deiveson Alcântara Figueiredo,ok,1,0
13478,1501,Yadong Song,ok,14,13
13478,1530,Christopher Juno Gutierrez Balbin,ok,0,1
13478,1530,"Gutierrez, Chris",ok,0,0
13615,1751,Brandon Matthew Royval,ok,0,0
13615,1751,Royval,no data in window,0,0
13617,1005,Paddy the Baddy,ok,10,5
13617,1005,Patrick Pimblett,ok,0,2
13617,1005,Patrick Mark Pimblett,no data in window,0,0
13617,7975,Tony ferguson,ok,148,126
13617,7975,Tony Ferguson (Fighter),ok,0,0
13617,7975,Tony Ferguson (fighter),ok,226,158
13469,1540,Ricky Simon,ok,277,216
13459,1255,Arnold Allen (fighter),ok,243,151
13459,1251,Movsar,no data in window,0,0
13434,3053,Viviane Araujo (fighter),ok,1,8
13400,335,Marcin Prachnio (fighter),ok,0,0
13420,255,Paulo da costa,ok,51,0
13420,255,Paulo da Costa,ok,0,0
13420,255,Paulo Costa (fighter),ok,83,79
13420,255,"Costa, Paulo",ok,0,0
13420,255,Paulo Henrique Costa,ok,8,6
13420,255,Paulo Borrachinha,ok,2,4
13422,4925,"Cejudo, Henry",ok,0,0
13424,2260,Amanda Oliveira de Lemos,ok,0,0
13424,2251,Mackenzie Lynne Dern,ok,0,0
13430,5640,Miranda Rachelle Maverick,no data in window,0,0
13446,4848,Mokaev,no data in window,0,0
13446,1769,Alex Perez (martial artist),ok,0,0
13405,1511,Marlon Vera (fighter),ok,274,251
13405,1511,Chito Vera,ok,40,46
13407,761,Michael Page (fighter),ok,319,252
13407,761,"Page, Michael",ok,0,0
13407,761,Michael venom page,no data in window,0,0
13407,770,Kevin Alan Holland,ok,0,1
13407,770,Kevin Holland (fighter),ok,79,67
13409,1501,Yadong Song,ok,16,33
13411,3562,Katlyn Chookagian,ok,7259,2969
13412,1011,Gamrot,ok,12,7
13412,3481,Rafael Dos Anjos,ok,191,155
13413,1525,Kyler Phillips (fighter),ok,0,0
13414,288,Cutelaba,ok,2,0
13414,288,Ion Cuțelaba,ok,11569,5478
13348,1331,Miles Xavier Johns,ok,0,0
13373,2262,Lupita Godinez,ok,1067,468
13325,2258,Xiaonan Yan,ok,18,48
13325,4923,Weili Zhang,ok,138,102
13335,3781,"Green, Bobby",ok,0,0
13335,3781,Bobby Green (fighter),ok,466,287
13335,3781,Bobby Green,ok,29467,18105
13335,1051,Jim Miller (mixed marital-artist),ok,0,0
13335,1051,Jim Miller (mixed martial-artist),ok,11,13
13301,3056,Ariane Lipski,ok,3352,4203
13301,3056,Ariane da Silva,no data in window,0,0
13286,1757,Stephen Erceg,ok,20,16
13287,5855,Jose Aldo,ok,452,368
13287,6480,Jonathan Martinez (fighter),ok,12,6
13239,760,Joaquin Yuconri Buckley,ok,0,0
13242,1296,"Woodson, Sean",no data in window,0,0
13242,7977,Bruce leeroy,ok,1,4
13250,1153,Edson Mendes Junior,ok,0,1
13250,1153,Edson Mendes Jr.,ok,0,1
13234,818,Phil Rowe,no data in window,0,0
13193,7970,Miguel Baeza (fighter),ok,263,634
13194,1053,Ludovit Klein,ok,3,3
13194,1110,Thiago Moises,ok,6,2
13198,3587,John Castaneda,ok,27,4
13203,1331,Miles Xavier Johns,ok,0,0
13264,44,Anthony Smith (mixed martial artist),ok,305,296
13264,44,"Anthony ""Lionheart"" Smith",ok,77,19
13264,44,Anthony Lionheart Smith,ok,1,0
13266,761,Michael Page (fighter),ok,518,288
13266,761,"Page, Michael",ok,1,0
13266,761,Michael venom page,no data in window,0,0
13266,754,Ian Garry,ok,2317,767
13271,7982,Michelle waterson,ok,7,7
13271,7982,"Waterson, Michelle",ok,2,1
13271,7982,Michelle Waterson,ok,3133,1910
13120,4003,Lucie Pudilova,ok,24,10
13122,759,Belal Muhammad (fighter),ok,428,307
13126,1255,Arnold Allen (fighter),ok,154,90
13126,1308,Chikadze Giga,no data in window,0,0
13130,1749,Prodigio,ok,24,8
13130,4848,Mokaev,no data in window,0,0
13214,537,Michal Oleksiejczuk,ok,17,12
13214,521,Shara Magomedov,ok,602,58
13214,521,Shara Bullet,ok,22,2
13215,1511,Marlon Vera (fighter),ok,165,91
13215,1511,Chito Vera,ok,16,10
13215,1506,Deiveson Alcântara Figueiredo,ok,3,0
13217,2262,Lupita Godinez,ok,490,446
13217,2251,Mackenzie Lynne Dern,ok,0,0
13140,3471,Yana Kunitskaya,ok,1394,1180
13186,6463,Kenan Song,ok,10,6
13186,7969,Rick Glenn,ok,47,32
13089,2264,Angela Hill (fighter),ok,602,275
13099,753,Sean Thomas Brady,ok,0,0
13099,790,Gilbert Durinho,ok,0,0
13099,790,Durinho,ok,0,1
13099,790,Gilbert Burns (Martial artist),ok,23,8
13099,790,"Burns, Gilbert",ok,5,10
13099,790,Gilbert Burns (fighter),ok,160,649
13100,2266,Jessica Andrade,ok,443,287
5862,4922,Valentina Shevchenko (fighter),ok,149,179
5863,3644,"Ortega, Brian",ok,0,1
5863,3644,T-City,ok,3,0
5815,503,Imavov,ok,3,2
5815,506,Brenda Allen (fighter),ok,0,0
5822,1053,Ludovit Klein,ok,5,4
5770,5815,Kayla Harrison (Judo),ok,1,1
5770,5815,Kayla Jean Harrison,no data in window,0,0
5776,2263,Tecia torres,ok,4,5
5776,2263,Tecia Torres,ok,3154,3081
5776,6625,Carla Kristen Esparza,ok,0,0
5586,1525,Kyler Phillips (fighter),ok,1,0
5792,24,Aleksandar Rakic (fighter),ok,0,0
5792,24,Aleksandar Rakić (fighter),ok,40,72
5792,24,Aleksandar Rakic,ok,2,0
5792,251,Ankalaev,ok,15,31
5543,767,Mike Malott (fighter),ok,0,0
5543,767,"Malott, Mike",ok,0,0
5543,6500,Trevin Giles (fighter),ok,0,0
5547,42,Rodrigo Nascimento Ferreira,ok,0,0
5547,18,Alexander Romanov (wrestler),ok,4,2
5547,18,Alexandr Romanov (wrestler),ok,4,0
5547,18,Alexandr Romanov (fighter),ok,15,11
5474,1030,Mike Chandler (fighter),ok,1,0
5474,1030,Michael Chandler (fighter),ok,9,33
5474,1030,"Chandler, Michael",ok,0,1
5474,1030,Michael Chandler Jr.,no data in window,0,0
5474,4374,Charles do Bronx,ok,384,98
5474,4374,"Oliveira, Charles",ok,17,32
5474,4374,Charles olivera,ok,5,15
5474,4374,Charley Olives,ok,0,1
5474,4374,Do Bronx,ok,2,4
5475,5263,"Craig, Paul",ok,1,1
5475,5263,Paul Craig (martial artist),ok,28,15
5475,5263,Paul Craig (fighter),ok,32,31
5476,3053,Viviane Araujo (fighter),ok,3,3
5439,1506,Deiveson Alcântara Figueiredo,ok,1,1
5440,2258,Xiaonan Yan,ok,11,12
5443,263,Volkan Özdemir,ok,2,0
5658,754,Ian Garry,ok,693,1286
5664,1251,Movsar,ok,5,1
5048,521,Shara Magomedov,ok,192,213
5048,521,Shara Bullet,ok,19,22
5048,761,Michael Page (fighter),ok,260,211
5048,761,"Page, Michael",ok,0,1
5048,761,Michael venom page,ok,19,14
5049,6235,Jair Rozenstruik,ok,1,0
5049,6235,Rozenstruik,ok,2,2
5051,1044,Fares Ziam,ok,23,15
5092,502,Dricus Du Plessis,ok,11598,9650
5092,502,Dricus,ok,17,9
5092,502,Stillknocks,ok,4,0
5092,500,Shawn Strickland,ok,4,3
5092,500,Sean Thomas Strickland,no data in window,0,0
5093,4923,Weili Zhang,ok,131,119
5093,2253,Tatiana Padilla,ok,10,15
4929,578,Rodolfo Vieira (fighter),ok,17,17
4929,578,Rodolfo Vieira (BJJ),ok,91,79
4938,511,"Hernandez, Anthony",ok,1,2
4938,511,Anthony Hernandez (fighter),ok,6053,3942
4938,506,Brenda Allen (fighter),ok,1,13
4900,3746,Alex Sandro Pereira,ok,10,34
4900,3746,Alexsandro Pereira,ok,16,343
4900,3746,Alex Pereira (kickboxer),ok,1848,1059
4900,3746,Poatan,ok,27,40
4900,3746,Alex Sandro Silva Pereira,ok,1,0
4900,251,Ankalaev,ok,55,38
4901,1009,Fiziev,ok,5,43
4901,1000,Justin Gaethje (fighter),ok,128,115
4901,1000,Gaethje,ok,15,14
4889,1177,Kurt Holobaugh (fighter),ok,746,431
4911,260,Jan Blachowicz,ok,94,70
4911,260,Jan Błacowicz,ok,2,0
4911,260,Błachowicz,ok,7,5
4912,770,Kevin Alan Holland,ok,3,2
4912,770,Kevin Holland (fighter),ok,80,87
4875,1757,Stephen Erceg,ok,25,22
4878,1519,Raul Rosas,ok,9,5
4878,1519,Raul Rosas Jr,ok,34,14
4249,1248,Alex Volkanovski,ok,180,190
4249,1248,Alexander Volk,ok,6,7
4251,1265,Patricio Pitbull,ok,76,24
4251,1265,Patricio Freire,ok,294,182
4251,1265,Patrício Freire,ok,229,96
4251,2451,Yair Rodriguez,ok,204,48
4255,2258,Xiaonan Yan,ok,16,81
4256,1051,Jim Miller (mixed marital-artist),ok,0,2
4256,1051,Jim Miller (mixed martial-artist),ok,17,19
4256,3091,Chase Alan Hooper,ok,3,2
4065,754,Ian Garry,ok,1657,699
4035,5877,Miesha tate,ok,14,14
4035,5877,Misha Tate,ok,3,2
4035,5877,Mischa Tate,ok,1,0
4035,5877,Mischia Tate,ok,1,0
4035,3471,Yana Kunitskaya,ok,1097,973
3993,756,Jack Della Madalena,ok,3,0
3993,759,Belal Muhammad (fighter),ok,1479,210
3994,4922,Valentina Shevchenko (fighter),ok,1107,102
3995,5855,Jose Aldo,ok,263,266
3918,2263,Tecia torres,ok,3,2
3918,2263,Tecia Torres,ok,1655,1154
4020,1011,Gamrot,ok,5,10
4020,1053,Ludovit Klein,ok,10,7
3930,504,Joseph Pyfer,ok,0,0
3931,3063,Patrick Mix,ok,1,3
3935,14,Sergey Spivak,ok,41,39
3937,3056,Ariane Lipski,ok,722,584
3937,3056,Ariane da Silva,ok,3242,3762
3937,3848,Cong Wang,ok,18,24
3679,760,Joaquin Yuconri Buckley,ok,0,0
3679,3090,Marty Usman,ok,0,0
3680,5640,Miranda Rachelle Maverick,no data in window,0,0
3682,1561,Garbrandt,ok,1,0
3686,4368,Mike Chiesa,ok,7,2
3686,4368,"Chiesa, Michael",ok,0,0
3686,4368,Michael Keith Chiesa,ok,0,0
3704,259,Khalil Rountree,ok,111,105
3704,259,"Khalil Rountree, Jr.",ok,4,0
3704,273,Jamahal Alexander Hill,ok,0,0
3705,1009,Fiziev,ok,20,17
3711,535,Park Jun-yong,ok,1,1
3711,535,Park Jun Yong,ok,230,281
3819,1751,Brandon Matthew Royval,ok,0,0
3819,1751,Royval,ok,0,0
3824,3053,Viviane Araujo (fighter),ok,3,3
3560,1261,"Garcia, Steve",ok,0,0
3457,255,Paulo da costa,ok,0,0
3457,255,Paulo da Costa,ok,2,1
3457,255,Paulo Costa (fighter),ok,27,29
3457,255,"Costa, Paulo",ok,33,2
3457,255,Paulo Henrique Costa,ok,5,10
3457,255,Paulo Borrachinha,ok,13,11
3458,770,Kevin Alan Holland,ok,0,0
3458,770,Kevin Holland (fighter),ok,89,95
3459,1265,Patricio Pitbull,ok,24,17
3459,1265,Patricio Freire,ok,128,177
3459,1265,Patrício Freire,ok,416,122
3462,506,Brenda Allen (fighter),ok,0,0
3694,521,Shara Magomedov,ok,75,61
3694,521,Shara Bullet,ok,10,6
3694,545,Marc-Andre Barriault,ok,12,8
3335,1811,Ode Osbourne,ok,3,6
3335,1757,Stephen Erceg,ok,9,7
3300,502,Dricus Du Plessis,ok,321,232
3300,502,Dricus,ok,14,25
3300,502,Stillknocks,ok,0,0
3300,501,Chimaev,ok,30,42
3300,501,Khamzat,ok,37,60
3303,761,Michael Page (fighter),ok,273,275
3303,761,"Page, Michael",ok,0,1
3303,761,Michael venom page,ok,16,14
3307,2262,Lupita Godinez,ok,251,216
3307,2266,Jessica Andrade,ok,93,77
3309,1153,Edson Mendes Junior,ok,0,1
3309,1153,Edson Mendes Jr.,ok,2,0
3229,3644,"Ortega, Brian",ok,0,2
3229,3644,T-City,ok,0,0
3126,503,Imavov,ok,11,35
3587,2253,Tatiana Padilla,ok,6,15
3587,2260,Amanda Oliveira de Lemos,ok,1,1
3081,3471,Yana Kunitskaya,ok,891,481
3082,1530,Christopher Juno Gutierrez Balbin,ok,2,0
3082,1530,"Gutierrez, Chris",ok,2,0
3084,5252,Brogan Walker-Sanchez,ok,181,74
3084,5251,Veronica Macedo,ok,969,704
2732,788,Joel Alvarez,ok,18,12
3059,770,Kevin Alan Holland,ok,3,2
3059,770,Kevin Holland (fighter),ok,131,44
3059,767,Mike Malott (fighter),ok,3,2
3059,767,"Malott, Mike",ok,8,25
2876,2251,Mackenzie Lynne Dern,ok,196,15
2881,535,Park Jun-yong,ok,10,125
2881,535,Park Jun Yong,ok,9,13
2541,1540,Ricky Simon,ok,57,50
2544,2263,Tecia torres,ok,1,3
2544,2263,Tecia Torres,ok,995,1874
2547,750,Makhachev,ok,17,8
2547,750,Islam Makachev,no data in window,0,0
2547,750,Makachev,no data in window,0,0
2547,756,Jack Della Madalena,ok,3,8
2548,4922,Valentina Shevchenko (fighter),ok,135,155
2548,4923,Weili Zhang,ok,96,92
2811,754,Ian Garry,ok,461,330
2811,759,Belal Muhammad (fighter),ok,248,151
2564,4925,"Cejudo, Henry",ok,1,0
1986,1005,Paddy the Baddy,ok,28,22
1986,1005,Patrick Pimblett,ok,2,1
1986,1005,Patrick Mark Pimblett,ok,0,0
1986,1000,Justin Gaethje (fighter),ok,179,98
1986,1000,Gaethje,ok,23,13
1987,1501,Yadong Song,ok,21,6
1990,1256,"Silva, Jean",ok,0,0
1990,1255,Arnold Allen (fighter),ok,132,103
1991,1506,Deiveson Alcântara Figueiredo,ok,1,0
1932,1248,Alex Volkanovski,ok,29,50
1932,1248,Alexander Volk,ok,5,1
1909,537,Michal Oleksiejczuk,ok,9,5
1909,545,Marc-Andre Barriault,ok,11,3
1823,14,Sergey Spivak,ok,45,34
1920,1511,Marlon Vera (fighter),ok,83,64
1920,1511,Chito Vera,ok,8,3
1847,4374,Charles do Bronx,ok,2,3
1847,4374,"Oliveira, Charles",ok,0,0
1847,4374,Charles olivera,ok,13,17
1847,4374,Charley Olives,ok,11,7
1847,4374,Do Bronx,ok,2,1
1849,1519,Raul Rosas,ok,3,1
1849,1519,Raul Rosas Jr,ok,16,7
1807,2260,Amanda Oliveira de Lemos,ok,0,0
1655,1265,Patricio Pitbull,ok,37,27
1655,1265,Patricio Freire,ok,120,78
1655,1265,Patrício Freire,ok,111,67
1655,1260,"Pico, Aaron",ok,0,1
1656,770,Kevin Alan Holland,ok,0,0
1656,770,Kevin Holland (fighter),ok,43,35
1363,1525,Kyler Phillips (fighter),ok,3,0
1363,1512,Charles Jourdain (fighter),ok,1,0
1198,1757,Stephen Erceg,ok,5,5
1198,1761,Timothy Elliott,ok,4,6
1137,753,Sean Thomas Brady,ok,1,0
1137,760,Joaquin Yuconri Buckley,ok,1,0
1082,759,Belal Muhammad (fighter),ok,106,108
1083,506,Brenda Allen (fighter),ok,4,3
696,521,Shara Magomedov,ok,74,30
696,521,Shara Bullet,ok,5,2
696,569,Michel Pereira (fighter),ok,55,86
1218,3848,Cong Wang,ok,16,17
481,502,Dricus Du Plessis,ok,104,82
481,502,Dricus,ok,6,4
481,502,Stillknocks,ok,1,1
481,3090,Marty Usman,ok,2,0
429,24,Aleksandar Rakic (fighter),ok,4,4
429,24,Aleksandar Rakić (fighter),ok,20,43
429,24,Aleksandar Rakic,ok,1,3
292,2858,William Daniel Quarantillo,ok,1,0
292,2858,William Quarantillo,ok,0,0
545,750,Makhachev,ok,56,47
545,750,Islam Makachev,ok,20,96
545,750,Makachev,ok,2,3
545,754,Ian Garry,ok,346,351
546,2251,Mackenzie Lynne Dern,ok,3,4
550,788,Joel Alvarez,ok,20,16
