bout_id,fighter_id,cutoff,state
17878,6026,2015-07-07,article
17878,8528,2015-07-07,article
17879,8832,2015-07-07,article
17879,7983,2015-07-07,article
17881,260,2015-07-07,article
17881,254,2015-07-07,article
17781,8806,2015-07-28,article
17781,8671,2015-07-28,article
17783,1752,2015-07-28,article
17783,8869,2015-07-28,article
17784,8870,2015-07-28,article
17784,8705,2015-07-28,article
17867,8724,2015-08-04,article
17867,8545,2015-08-04,article
17868,8894,2015-08-04,article
17868,8893,2015-08-04,article
17869,8303,2015-08-04,article
17869,8727,2015-08-04,article
17870,5816,2015-08-04,article
17870,8204,2015-08-04,article
17871,2451,2015-08-04,article
17871,1013,2015-08-04,article
17876,8896,2015-08-04,article
17876,1510,2015-08-04,article
17772,8665,2015-08-25,article
17772,8839,2015-08-25,article
17779,6640,2015-08-25,article
17779,1436,2015-08-25,article
17857,8672,2015-09-08,article
17857,790,2015-09-08,article
17858,8890,2015-09-08,article
17858,254,2015-09-08,article
17860,8819,2015-09-08,article
17860,3749,2015-09-08,article
17863,8892,2015-09-08,article
17863,8835,2015-09-08,article
17841,8179,2015-09-15,article
17841,8708,2015-09-15,article
17843,8203,2015-09-15,article
17843,257,2015-09-15,article
17844,8849,2015-09-15,article
17844,8335,2015-09-15,article
17848,8886,2015-09-15,article
17848,8885,2015-09-15,article
17828,8344,2015-09-22,article
17828,8341,2015-09-22,article
17832,8824,2015-09-22,article
17832,6535,2015-09-22,article
17833,8804,2015-09-22,article
17833,1524,2015-09-22,article
17728,60,2015-10-11,article
17728,8444,2015-10-11,article
17752,8393,2015-10-12,article
17752,8366,2015-10-12,article
17756,8861,2015-10-12,article
17756,8503,2015-10-12,article
17807,8280,2015-10-13,article
17807,6184,2015-10-13,article
17808,3782,2015-10-13,article
17808,3846,2015-10-13,article
17809,8381,2015-10-13,article
17809,8346,2015-10-13,article
17793,872,2015-10-20,article
17793,1099,2015-10-20,article
17744,8146,2015-11-03,article
17744,8289,2015-11-03,article
17745,8112,2015-11-03,article
17745,1046,2015-11-03,article
17746,5493,2015-11-03,article
17746,8353,2015-11-03,article
17715,8456,2015-11-18,article
17715,8133,2015-11-18,article
17677,8306,2015-12-01,article
17677,8525,2015-12-01,article
17679,8522,2015-12-01,article
17679,8668,2015-12-01,article
17680,8416,2015-12-01,article
17680,1041,2015-12-01,article
17682,8464,2015-12-01,article
17682,1476,2015-12-01,article
17701,8671,2015-12-08,article
17701,8849,2015-12-08,article
17702,8850,2015-12-08,article
17702,6624,2015-12-08,article
17703,8709,2015-12-08,article
17703,8303,2015-12-08,article
17706,8851,2015-12-08,article
17706,8567,2015-12-08,article
17708,8357,2015-12-08,article
17708,8536,2015-12-08,article
17665,8797,2015-12-23,article
17665,8465,2015-12-23,article
17667,8795,2015-12-23,article
17667,8327,2015-12-23,article
17674,8100,2015-12-23,article
17674,226,2015-12-23,article
17649,8321,2015-12-29,article
17649,8611,2015-12-29,article
17650,8679,2015-12-29,article
17650,8504,2015-12-29,article
17651,8452,2015-12-29,article
17651,310,2015-12-29,article
17653,8836,2015-12-29,article
17653,1241,2015-12-29,article
17657,525,2015-12-29,article
17657,8538,2015-12-29,article
17658,8376,2015-12-29,article
17658,8839,2015-12-29,article
17690,8063,2016-01-05,article
17690,8245,2016-01-05,article
17691,254,2016-01-05,article
17691,8846,2016-01-05,article
17692,8057,2016-01-05,article
17692,4922,2016-01-05,article
17696,8225,2016-01-05,article
17696,1436,2016-01-05,article
17697,8344,2016-01-05,article
17697,1051,2016-01-05,article
17642,8555,2016-01-19,article
17642,8718,2016-01-19,article
17646,8835,2016-01-19,article
17646,8720,2016-01-19,article
17589,70,2016-02-10,article
17589,8239,2016-02-10,article
17593,8826,2016-02-10,article
17593,260,2016-02-10,article
17595,8074,2016-02-10,article
17595,793,2016-02-10,article
17603,4455,2016-02-16,article
17603,2263,2016-02-16,article
17605,1145,2016-02-16,article
17605,4211,2016-02-16,article
17577,6478,2016-02-23,article
17577,6624,2016-02-23,article
17579,1153,2016-02-23,article
17579,8314,2016-02-23,article
17580,257,2016-02-23,article
17580,8643,2016-02-23,article
17582,1510,2016-02-23,article
17582,8822,2016-02-23,article
17584,8569,2016-02-23,article
17584,6625,2016-02-23,article
17588,1130,2016-02-23,article
17588,8824,2016-02-23,article
17569,8813,2016-03-09,article
17569,2316,2016-03-09,article
17570,8645,2016-03-09,article
17570,8376,2016-03-09,article
17574,1752,2016-03-09,article
17574,8658,2016-03-09,article
17617,7994,2016-03-15,article
17617,7979,2016-03-15,article
17620,8275,2016-03-15,article
17620,8133,2016-03-15,article
17527,3782,2016-03-30,article
17527,8387,2016-03-30,article
17528,8798,2016-03-30,article
17528,8668,2016-03-30,article
17529,8533,2016-03-30,article
17529,8664,2016-03-30,article
17531,8567,2016-03-30,article
17531,8319,2016-03-30,article
17532,8204,2016-03-30,article
17532,8221,2016-03-30,article
17552,8145,2016-04-05,article
17552,8381,2016-04-05,article
17553,3846,2016-04-05,article
17553,8341,2016-04-05,article
17559,8703,2016-04-05,article
17559,7977,2016-04-05,article
17538,775,2016-04-19,article
17538,8816,2016-04-19,article
17547,8149,2016-04-19,article
17547,8444,2016-04-19,article
17625,8179,2016-05-09,article
17625,8325,2016-05-09,article
17628,8456,2016-05-09,article
17628,8624,2016-05-09,article
17634,44,2016-05-09,article
17634,8421,2016-05-09,article
17761,8321,2016-05-10,article
17761,8367,2016-05-10,article
17762,8123,2016-05-10,article
17762,5855,2016-05-10,article
17764,5816,2016-05-10,article
17764,8478,2016-05-10,article
17765,527,2016-05-10,article
17765,8621,2016-05-10,article
17766,8082,2016-05-10,article
17766,8178,2016-05-10,article
17487,8812,2016-05-14,article
17487,8112,2016-05-14,article
17503,4922,2016-05-24,article
17503,7991,2016-05-24,article
17504,1153,2016-05-24,article
17504,8429,2016-05-24,article
17508,8568,2016-05-24,article
17508,1436,2016-05-24,article
17511,8704,2016-05-24,article
17511,8216,2016-05-24,article
17459,8804,2016-05-31,article
17459,8805,2016-05-31,article
17462,8456,2016-05-31,article
17462,8077,2016-05-31,article
17412,8465,2016-06-07,article
17412,8690,2016-06-07,article
17414,834,2016-06-07,article
17414,8074,2016-06-07,article
17417,8661,2016-06-07,article
17417,810,2016-06-07,article
17421,8797,2016-06-07,article
17421,4211,2016-06-07,article
17429,8799,2016-06-21,article
17429,6623,2016-06-21,article
17468,8163,2016-07-05,article
17468,260,2016-07-05,article
17470,8807,2016-07-05,article
17470,8438,2016-07-05,article
17472,8350,2016-07-05,article
17472,793,2016-07-05,article
17474,8808,2016-07-05,article
17474,1524,2016-07-05,article
17477,6535,2016-07-05,article
17477,8376,2016-07-05,article
17436,8349,2016-07-12,article
17436,8648,2016-07-12,article
17438,8306,2016-07-12,article
17438,8381,2016-07-12,article
17393,8645,2016-07-19,article
17393,750,2016-07-19,article
17377,8695,2016-07-26,article
17377,8387,2016-07-26,article
17382,5708,2016-07-26,article
17382,790,2016-07-26,article
17383,8697,2016-07-26,article
17383,7985,2016-07-26,article
17384,8365,2016-07-26,article
17384,8464,2016-07-26,article
17386,6638,2016-07-26,article
17386,8212,2016-07-26,article
17320,1319,2016-08-02,article
17320,1145,2016-08-02,article
17276,8611,2016-08-09,article
17276,8730,2016-08-09,article
17490,3481,2016-09-06,article
17490,7975,2016-09-06,article
17491,8344,2016-09-06,article
17491,1124,2016-09-06,article
17494,1015,2016-09-06,article
17494,8672,2016-09-06,article
17495,3650,2016-09-06,article
17495,8813,2016-09-06,article
17447,2316,2016-09-13,article
17447,8179,2016-09-13,article
17449,5877,2016-09-13,article
17449,6623,2016-09-13,article
17450,8123,2016-09-13,article
17450,3782,2016-09-13,article
17454,8384,2016-09-13,article
17454,1051,2016-09-13,article
17254,8504,2016-09-20,article
17254,525,2016-09-20,article
17255,3090,2016-09-20,article
17255,7979,2016-09-20,article
17266,8499,2016-09-20,article
17266,8468,2016-09-20,article
17268,8727,2016-09-20,article
17268,1752,2016-09-20,article
17240,8272,2016-09-27,article
17240,8716,2016-09-27,article
17244,8537,2016-09-27,article
17244,8664,2016-09-27,article
17247,8721,2016-09-27,article
17247,8485,2016-09-27,article
17226,1761,2016-10-04,article
17226,8528,2016-10-04,article
17232,8502,2016-10-04,article
17232,8237,2016-10-04,article
17235,8553,2016-10-04,article
17235,8614,2016-10-04,article
17204,1283,2016-10-11,article
17204,4211,2016-10-11,article
17212,8376,2016-10-11,article
17212,8618,2016-10-11,article
17191,8381,2016-10-18,article
17191,8689,2016-10-18,article
17192,6656,2016-10-18,article
17192,8326,2016-10-18,article
17194,8487,2016-10-18,article
17194,8703,2016-10-18,article
17195,6460,2016-10-18,article
17195,7994,2016-10-18,article
17196,822,2016-10-18,article
17196,8704,2016-10-18,article
17198,6653,2016-10-18,article
17198,8660,2016-10-18,article
17180,1561,2016-10-31,article
17180,8145,2016-10-31,article
17181,8178,2016-10-31,article
17181,8448,2016-10-31,article
17183,8357,2016-10-31,article
17183,8210,2016-10-31,article
17184,8621,2016-10-31,article
17184,774,2016-10-31,article
17169,810,2016-11-16,article
17169,8382,2016-11-16,article
17170,8523,2016-11-16,article
17170,1510,2016-11-16,article
17174,8363,2016-11-16,article
17174,8391,2016-11-16,article
17159,8590,2016-11-29,article
17159,8149,2016-11-29,article
17144,3650,2016-12-06,article
17144,8182,2016-12-06,article
17148,2264,2016-12-06,article
17148,2266,2016-12-06,article
17152,2263,2016-12-06,article
17152,8555,2016-12-06,article
17133,7990,2016-12-13,article
17133,7991,2016-12-13,article
17134,8091,2016-12-13,article
17134,8321,2016-12-13,article
17136,514,2016-12-13,article
17136,8097,2016-12-13,article
17138,786,2016-12-13,article
17138,759,2016-12-13,article
17139,8493,2016-12-13,article
17139,1476,2016-12-13,article
17140,8310,2016-12-13,article
17140,750,2016-12-13,article
17142,8503,2016-12-13,article
17142,8696,2016-12-13,article
17123,8505,2016-12-21,article
17123,8621,2016-12-21,article
17125,8444,2016-12-21,article
17125,8421,2016-12-21,article
17128,8426,2016-12-21,article
17128,834,2016-12-21,article
17102,8365,2017-01-10,article
17102,8357,2017-01-10,article
17107,7985,2017-01-10,article
17107,8573,2017-01-10,article
17092,8665,2017-01-17,article
17092,8353,2017-01-17,article
17095,758,2017-01-17,article
17095,530,2017-01-17,article
17063,8384,2017-02-07,article
17063,8680,2017-02-07,article
17066,3090,2017-02-07,article
17066,500,2017-02-07,article
17014,8671,2017-02-14,article
17014,2,2017-02-14,article
17017,1761,2017-02-14,article
17017,8210,2017-02-14,article
17023,4211,2017-02-21,article
17023,8499,2017-02-21,article
17026,8174,2017-02-21,article
17026,6026,2017-02-21,article
17029,8149,2017-02-21,article
17029,8504,2017-02-21,article
17033,8230,2017-02-21,article
17033,8676,2017-02-21,article
17049,8179,2017-03-14,article
17049,2266,2017-03-14,article
16980,6501,2017-03-29,article
16980,5579,2017-03-29,article
16981,8385,2017-03-29,article
16981,8664,2017-03-29,article
17000,8590,2017-04-04,article
17000,8548,2017-04-04,article
16987,29,2017-04-18,article
16987,7983,2017-04-18,article
16988,8667,2017-04-18,article
16988,6460,2017-04-18,article
16989,8668,2017-04-18,article
16989,3481,2017-04-18,article
16917,8182,2017-04-26,article
16917,8289,2017-04-26,article
16919,8500,2017-04-26,article
16919,6626,2017-04-26,article
16921,6557,2017-04-26,article
16921,8418,2017-04-26,article
16923,8003,2017-04-26,article
16923,6625,2017-04-26,article
16926,3749,2017-04-26,article
16926,8363,2017-04-26,article
16908,8444,2017-05-08,article
16908,564,2017-05-08,article
16909,8512,2017-05-08,article
16909,8592,2017-05-08,article
16912,8075,2017-05-08,article
16912,8510,2017-05-08,article
16914,8468,2017-05-08,article
16914,8502,2017-05-08,article
16893,257,2017-05-09,article
16893,8369,2017-05-09,article
16895,11,2017-05-09,article
16895,8647,2017-05-09,article
16896,8314,2017-05-09,article
16896,1051,2017-05-09,article
16901,8531,2017-05-09,article
16901,759,2017-05-09,article
16952,8002,2017-05-17,article
16952,8078,2017-05-17,article
16961,6658,2017-05-17,article
16961,1438,2017-05-17,article
16883,8294,2017-05-23,article
16883,8306,2017-05-23,article
16887,8644,2017-05-23,article
16887,119,2017-05-23,article
16891,8568,2017-05-23,article
16891,8166,2017-05-23,article
17037,8293,2017-05-30,article
17037,8280,2017-05-30,article
17039,8061,2017-05-30,article
17039,8202,2017-05-30,article
17042,1249,2017-05-30,article
17042,8387,2017-05-30,article
17045,8614,2017-05-30,article
17045,8392,2017-05-30,article
16857,1753,2017-06-06,article
16857,1510,2017-06-06,article
16942,7994,2017-07-04,article
16942,758,2017-07-04,article
16943,873,2017-07-04,article
16943,8120,2017-07-04,article
16946,8440,2017-07-04,article
16946,8376,2017-07-04,article
16872,8063,2017-07-11,article
16872,385,2017-07-11,article
16873,3782,2017-07-11,article
16873,8429,2017-07-11,article
16878,8445,2017-07-11,article
16878,5401,2017-07-11,article
16848,8325,2017-07-24,article
16848,2266,2017-07-24,article
16834,8504,2017-08-08,article
16834,564,2017-08-08,article
16929,8428,2017-08-22,article
16929,2316,2017-08-22,article
16935,8499,2017-08-22,article
16935,1319,2017-08-22,article
16938,8516,2017-08-22,article
16938,1272,2017-08-22,article
16745,6460,2017-08-29,article
16745,8280,2017-08-29,article
16747,1051,2017-08-29,article
16747,8133,2017-08-29,article
16749,1511,2017-08-29,article
16749,8448,2017-08-29,article
16752,1072,2017-08-29,article
16752,1145,2017-08-29,article
16792,775,2017-09-05,article
16792,8077,2017-09-05,article
16797,786,2017-09-05,article
16797,3589,2017-09-05,article
16688,2253,2017-09-12,article
16688,8519,2017-09-12,article
16690,2264,2017-09-12,article
16690,8146,2017-09-12,article
16691,810,2017-09-12,article
16691,500,2017-09-12,article
16692,8592,2017-09-12,article
16692,8023,2017-09-12,article
16811,29,2017-09-19,article
16811,8349,2017-09-19,article
16815,8444,2017-09-19,article
16815,8537,2017-09-19,article
16821,8403,2017-09-19,article
16821,8506,2017-09-19,article
16778,4925,2017-10-03,article
16778,1510,2017-10-03,article
16780,7982,2017-10-03,article
16780,2263,2017-10-03,article
16783,8463,2017-10-03,article
16783,1049,2017-10-03,article
16695,7988,2017-10-10,article
16695,8497,2017-10-10,article
16697,8112,2017-10-10,article
16697,8490,2017-10-10,article
16704,8224,2017-10-10,article
16704,8525,2017-10-10,article
16707,8061,2017-10-17,article
16707,3481,2017-10-17,article
16709,6656,2017-10-17,article
16709,834,2017-10-17,article
16711,260,2017-10-17,article
16711,514,2017-10-17,article
16715,8026,2017-10-17,article
16715,8596,2017-10-17,article
16717,8531,2017-10-17,article
16717,8598,2017-10-17,article
16766,2633,2017-10-31,article
16766,7991,2017-10-31,article
16767,1153,2017-10-31,article
16767,8333,2017-10-31,article
16769,6625,2017-10-31,article
16769,8078,2017-10-31,article
16770,774,2017-10-31,article
16770,8271,2017-10-31,article
16772,7969,2017-10-31,article
16772,8462,2017-10-31,article
16774,6533,2017-10-31,article
16774,8210,2017-10-31,article
16652,8069,2017-11-15,article
16652,8354,2017-11-15,article
16653,3090,2017-11-15,article
16653,8372,2017-11-15,article
16655,8327,2017-11-15,article
16655,8391,2017-11-15,article
16662,6479,2017-11-21,article
16662,5,2017-11-21,article
16669,8464,2017-11-21,article
16669,1748,2017-11-21,article
16671,1341,2017-11-21,article
16671,8540,2017-11-21,article
16607,8211,2017-11-28,redirect
16607,1046,2017-11-28,article
16608,8418,2017-11-28,article
16608,3781,2017-11-28,article
16611,8569,2017-11-28,article
16611,8247,2017-11-28,article
16613,6177,2017-11-28,article
16613,1078,2017-11-28,article
16642,8440,2017-12-05,article
16642,5708,2017-12-05,article
16644,1511,2017-12-05,article
16644,4405,2017-12-05,article
16647,6236,2017-12-05,article
16647,8212,2017-12-05,article
16629,8483,2017-12-12,article
16629,11,2017-12-12,article
16637,8487,2017-12-12,article
16637,8456,2017-12-12,article
16638,8317,2017-12-12,article
16638,8468,2017-12-12,article
16639,8402,2017-12-12,article
16639,8515,2017-12-12,redirect
16594,8398,2017-12-20,article
16594,8133,2017-12-20,article
16597,8501,2017-12-20,article
16597,8535,2017-12-20,article
16601,8312,2017-12-20,article
16601,4003,2017-12-20,article
16581,2266,2017-12-26,article
16581,2263,2017-12-26,article
16583,6656,2017-12-26,article
16583,803,2017-12-26,article
16584,8387,2017-12-26,article
16584,7952,2017-12-26,article
16586,8003,2017-12-26,article
16586,2264,2017-12-26,article
16590,1602,2017-12-26,article
16590,1769,2017-12-26,redirect
16618,8413,2018-01-02,article
16618,3747,2018-01-02,article
16619,8335,2018-01-02,article
16619,7983,2018-01-02,article
16571,260,2018-01-16,article
16571,8435,2018-01-16,article
16572,8561,2018-01-16,article
16572,8514,2018-01-16,redirect
16547,8243,2018-02-06,article
16547,8333,2018-02-06,article
16548,4455,2018-02-06,article
16548,8179,2018-02-06,article
16550,8395,2018-02-06,article
16550,8375,2018-02-06,article
16554,8042,2018-02-06,article
16554,8555,2018-02-06,article
16539,8523,2018-02-13,article
16539,1476,2018-02-13,article
16543,8484,2018-02-13,article
16543,8277,2018-02-13,article
16546,8287,2018-02-13,article
16546,8554,2018-02-13,article
16512,4211,2018-02-20,article
16512,8123,2018-02-20,article
16515,1249,2018-02-20,article
16515,1438,2018-02-20,article
16517,8500,2018-02-20,article
16517,8503,2018-02-20,article
16520,8441,2018-02-20,article
16520,254,2018-02-20,article
16521,8452,2018-02-20,article
16521,8363,2018-02-20,article
16509,544,2018-03-13,article
16509,8549,2018-03-13,article
16460,8280,2018-03-20,article
16460,3090,2018-03-20,article
16463,8081,2018-03-20,article
16463,8541,2018-03-20,article
16467,1753,2018-03-20,article
16467,1748,2018-03-20,article
16437,8120,2018-03-28,article
16437,775,2018-03-28,article
16447,8444,2018-03-28,article
16447,8385,2018-03-28,article
16479,5578,2018-04-02,article
16479,8234,2018-04-02,article
16480,8463,2018-04-02,article
16480,8310,2018-04-02,article
16482,852,2018-04-02,article
16482,8440,2018-04-02,article
16486,6460,2018-04-10,article
16486,3481,2018-04-10,article
16487,8302,2018-04-10,article
16487,7991,2018-04-10,article
16488,28,2018-04-10,article
16488,7983,2018-04-10,article
16360,8202,2018-04-24,article
16360,758,2018-04-24,article
16362,8204,2018-04-24,article
16362,8069,2018-04-24,article
16369,8519,2018-04-24,article
16369,2258,2018-04-24,redirect
16448,564,2018-05-07,article
16448,512,2018-05-07,article
16523,5,2018-05-08,article
16523,21,2018-05-08,article
16528,1522,2018-05-08,article
16528,8082,2018-05-08,article
16529,1049,2018-05-08,article
16529,4111,2018-05-08,article
16530,803,2018-05-08,article
16530,731,2018-05-08,article
16532,8553,2018-05-08,article
16532,8256,2018-05-08,redirect
16424,70,2018-05-15,article
16424,8044,2018-05-15,article
16429,8270,2018-05-15,article
16429,8478,2018-05-15,article
16430,8174,2018-05-15,article
16430,8224,2018-05-15,article
16431,1436,2018-05-15,article
16431,1248,2018-05-15,article
16434,3052,2018-05-15,article
16434,8014,2018-05-15,article
16436,8455,2018-05-15,article
16436,8428,2018-05-15,article
16412,254,2018-05-23,article
16412,8097,2018-05-23,article
16414,8335,2018-05-23,article
16414,29,2018-05-23,article
16420,24,2018-05-23,redirect
16420,8324,2018-05-23,article
16400,2263,2018-05-29,article
16400,8179,2018-05-29,article
16402,8531,2018-05-29,article
16402,822,2018-05-29,article
16406,8456,2018-05-29,article
16406,8026,2018-05-29,article
16407,8230,2018-05-29,article
16407,3562,2018-05-29,article
16409,8247,2018-05-29,article
16409,8146,2018-05-29,article
16391,6501,2018-06-05,article
16391,1438,2018-06-05,article
16381,8300,2018-06-26,article
16381,643,2018-06-26,article
16384,8527,2018-06-26,article
16384,1046,2018-06-26,article
16338,6026,2018-07-10,article
16338,8306,2018-07-10,article
16350,7983,2018-07-17,article
16350,8100,2018-07-17,article
16355,8440,2018-07-17,article
16355,8424,2018-07-17,article
16359,1499,2018-07-17,redirect
16359,8514,2018-07-17,redirect
16332,8505,2018-07-24,article
16332,8504,2018-07-24,article
16311,6624,2018-08-07,article
16311,261,2018-08-07,article
16313,8182,2018-08-07,article
16313,7982,2018-08-07,article
16314,8365,2018-08-07,article
16314,1510,2018-08-07,article
16318,8087,2018-08-07,article
16318,3471,2018-08-07,article
16297,1099,2018-08-28,article
16297,8499,2018-08-28,article
16301,810,2018-08-28,article
16301,8500,2018-08-28,article
16308,6638,2018-08-28,article
16308,926,2018-08-28,article
16287,8322,2018-09-04,article
16287,8170,2018-09-04,article
16289,8497,2018-09-04,article
16289,8458,2018-09-04,article
16290,8234,2018-09-04,article
16290,8228,2018-09-04,article
16274,7990,2018-09-11,article
16274,6623,2018-09-11,article
16257,2258,2018-09-25,redirect
16257,8432,2018-09-25,article
16235,3481,2018-10-01,article
16235,3090,2018-10-01,article
16240,8168,2018-10-01,article
16240,8068,2018-10-01,article
16225,8483,2018-10-02,article
16225,8457,2018-10-02,article
16230,8485,2018-10-02,article
16230,1476,2018-10-02,article
16233,7989,2018-10-02,article
16233,8487,2018-10-02,article
16211,4922,2018-10-09,article
16211,8179,2018-10-09,article
16215,8325,2018-10-09,article
16215,8146,2018-10-09,article
16216,790,2018-10-09,article
16216,8416,2018-10-09,article
16198,1130,2018-10-16,article
16198,8243,2018-10-16,article
16200,1510,2018-10-16,article
16200,1522,2018-10-16,article
16203,3781,2018-10-16,article
16203,1049,2018-10-16,article
16206,8385,2018-10-16,article
16206,8074,2018-10-16,article
16188,8063,2018-10-30,article
16188,254,2018-10-30,article
16196,731,2018-10-30,article
16196,8404,2018-10-30,article
16153,8303,2018-11-20,article
16153,8464,2018-11-20,article
16163,512,2018-12-11,article
16163,8321,2018-12-11,article
16126,8319,2018-12-19,article
16126,8398,2018-12-19,article
16127,8078,2018-12-19,article
16127,8169,2018-12-19,article
16130,8462,2018-12-19,article
16130,1319,2018-12-19,article
16131,8306,2018-12-19,article
16131,1249,2018-12-19,article
16133,6190,2018-12-19,article
16133,8042,2018-12-19,article
16134,8310,2018-12-19,article
16134,8112,2018-12-19,article
16053,3052,2018-12-25,article
16053,4003,2018-12-25,article
16054,1498,2018-12-25,article
16054,6026,2018-12-25,article
16061,8376,2018-12-25,article
16061,1041,2018-12-25,article
16113,44,2019-01-01,article
16113,6478,2019-01-01,article
16114,3090,2019-01-01,article
16114,8293,2019-01-01,article
16118,8375,2019-01-01,article
16118,3782,2019-01-01,article
16120,8224,2019-01-01,article
16120,6485,2019-01-01,article
16103,8044,2019-01-08,article
16103,8239,2019-01-08,article
16105,8459,2019-01-08,article
16105,8272,2019-01-08,article
16106,8386,2019-01-08,article
16106,8363,2019-01-08,article
16107,8270,2019-01-08,article
16107,3471,2019-01-08,article
16094,1255,2019-01-15,article
16094,8458,2019-01-15,article
16095,4460,2019-01-15,article
16095,8353,2019-01-15,article
16077,8457,2019-01-22,article
16077,11,2019-01-22,article
16079,1506,2019-01-22,article
16079,8365,2019-01-22,article
16080,8290,2019-01-22,article
16080,8080,2019-01-22,article
16084,8014,2019-01-22,article
16084,8230,2019-01-22,article
16066,7982,2019-01-29,article
16066,2316,2019-01-29,article
16075,1769,2019-01-29,article
16075,8362,2019-01-29,redirect
16037,3846,2019-02-12,article
16037,5493,2019-02-12,article
16038,512,2019-02-12,article
16038,527,2019-02-12,article
16039,259,2019-02-12,article
16039,542,2019-02-12,article
16042,1142,2019-02-12,article
16042,1022,2019-02-12,article
16046,759,2019-02-12,article
16046,731,2019-02-12,article
16032,8451,2019-02-19,article
16032,8452,2019-02-19,article
16013,8282,2019-02-26,article
16013,857,2019-02-26,article
16015,8216,2019-02-26,article
16015,6656,2019-02-26,article
16021,2252,2019-02-26,article
16021,6625,2019-02-26,article
16024,8428,2019-02-26,article
16024,2264,2019-02-26,article
16001,8202,2019-03-05,article
16001,8243,2019-03-05,article
16002,8091,2019-03-05,article
16002,8444,2019-03-05,article
15991,1248,2019-03-12,article
15991,5855,2019-03-12,article
15997,6557,2019-03-12,article
15997,8442,2019-03-12,article
15982,8234,2019-03-19,article
15982,8214,2019-03-19,article
15967,6236,2019-04-02,article
15967,7989,2019-04-02,article
15970,8087,2019-04-02,article
15970,8437,2019-04-02,article
15954,1498,2019-04-09,article
15954,8306,2019-04-09,article
15955,8044,2019-04-09,article
15955,28,2019-04-09,article
15956,8146,2019-04-09,article
15956,2253,2019-04-09,article
15957,6501,2019-04-09,article
15957,1249,2019-04-09,article
15958,2316,2019-04-09,article
15958,3650,2019-04-09,article
15960,2258,2019-04-09,article
15960,2264,2019-04-09,article
15963,8002,2019-04-09,article
15963,3562,2019-04-09,article
15943,2790,2019-04-23,article
15943,6190,2019-04-23,article
15944,770,2019-04-23,article
15944,8151,2019-04-23,article
15946,8432,2019-04-23,article
15946,2319,2019-04-23,article
15920,4368,2019-05-07,article
15920,8344,2019-05-07,article
15921,8429,2019-05-07,article
15921,1255,2019-05-07,article
15923,8325,2019-05-07,article
15923,8247,2019-05-07,article
15883,528,2019-05-14,article
15883,8421,2019-05-14,article
15887,8237,2019-05-14,article
15887,1436,2019-05-14,article
15866,3481,2019-05-21,article
15866,758,2019-05-21,article
15870,8133,2019-05-21,article
15870,1039,2019-05-21,article
15871,7983,2019-05-21,article
15871,8239,2019-05-21,article
15872,8080,2019-05-21,article
15872,7977,2019-05-21,article
15875,8014,2019-05-21,article
15875,8228,2019-05-21,article
15855,3846,2019-05-28,article
15855,8123,2019-05-28,article
15856,8240,2019-05-28,article
15856,2633,2019-05-28,article
15858,8416,2019-05-28,article
15858,1002,2019-05-28,article
15863,1748,2019-05-28,article
15863,1506,2019-05-28,article
15843,8061,2019-06-04,article
15843,6460,2019-06-04,article
15830,4922,2019-06-11,article
15830,3052,2019-06-11,article
15905,8314,2019-06-18,article
15905,872,2019-06-18,article
15906,8369,2019-06-18,article
15906,255,2019-06-18,article
15910,8082,2019-06-18,article
15910,1504,2019-06-18,article
15911,7989,2019-06-18,article
15911,1049,2019-06-18,article
15821,8362,2019-07-02,article
15821,1756,2019-07-02,redirect
15822,8412,2019-07-02,article
15822,6463,2019-07-02,article
15893,1127,2019-07-09,article
15893,750,2019-07-09,article
15895,1041,2019-07-09,article
15895,8424,2019-07-09,article
15902,8074,2019-07-09,article
15902,8272,2019-07-09,article
15803,8039,2019-07-23,article
15803,1510,2019-07-23,article
15805,8259,2019-07-23,article
15805,8234,2019-07-23,article
15692,790,2019-07-30,article
15692,6184,2019-07-30,article
15695,793,2019-07-30,article
15695,8216,2019-07-30,article
15700,4403,2019-07-30,article
15700,8087,2019-07-30,article
15701,4460,2019-07-30,article
15701,4111,2019-07-30,article
15680,8243,2019-08-06,article
15680,1013,2019-08-06,article
15665,7982,2019-08-13,article
15665,8179,2019-08-13,article
15666,4211,2019-08-13,article
15666,6555,2019-08-13,article
15673,822,2019-08-13,article
15673,803,2019-08-13,article
15677,643,2019-08-13,article
15677,528,2019-08-13,article
15653,2451,2019-08-19,article
15653,3782,2019-08-19,article
15631,530,2019-09-03,article
15631,775,2019-09-03,article
15638,8014,2019-09-03,article
15638,3562,2019-09-03,article
15566,1305,2019-09-10,article
15566,8375,2019-09-10,article
15567,2,2019-09-10,article
15567,116,2019-09-10,article
15570,544,2019-09-10,article
15570,8363,2019-09-10,article
15577,8069,2019-09-10,article
15577,2039,2019-09-10,article
15624,3781,2019-09-17,article
15624,8133,2019-09-17,article
15626,4405,2019-09-17,article
15626,8387,2019-09-17,article
15610,1522,2019-10-08,article
15610,1540,2019-10-08,article
15593,3846,2019-10-15,article
15593,1248,2019-10-15,article
15594,8057,2019-10-15,article
15594,7990,2019-10-15,article
15599,8272,2019-10-15,article
15599,8269,2019-10-15,article
15602,1753,2019-10-15,article
15602,1756,2019-10-15,article
15544,6623,2019-11-19,article
15544,7991,2019-11-19,article
15548,4367,2019-11-19,article
15548,8228,2019-11-19,article
15549,1319,2019-11-19,article
15549,5796,2019-11-19,article
15555,4368,2019-11-26,article
15555,3481,2019-11-26,article
15560,8310,2019-11-26,article
15560,1255,2019-11-26,article
15561,8289,2019-11-26,article
15561,4003,2019-11-26,article
15563,8221,2019-11-26,article
15563,8087,2019-11-26,article
15531,6478,2019-12-10,article
15531,261,2019-12-10,article
15535,8063,2019-12-10,article
15535,21,2019-12-10,article
15508,8338,2019-12-17,article
15508,2790,2019-12-17,article
15511,4111,2019-12-17,article
15511,8275,2019-12-17,article
15514,8112,2019-12-17,article
15514,1051,2019-12-17,article
15496,2316,2019-12-25,article
15496,2258,2019-12-25,article
15501,787,2019-12-25,article
15501,8372,2019-12-25,article
15503,1756,2019-12-25,article
15503,8039,2019-12-25,article
15504,2307,2019-12-25,article
15504,2264,2019-12-25,article
15478,14,2019-12-31,article
15478,29,2019-12-31,article
15479,1261,2019-12-31,article
15479,8290,2019-12-31,article
15483,512,2020-01-07,article
15483,8369,2020-01-07,article
15522,3479,2020-01-14,article
15522,275,2020-01-14,article
15523,8133,2020-01-14,article
15523,8026,2020-01-14,article
15524,1753,2020-01-14,article
15524,8365,2020-01-14,article
15526,832,2020-01-14,article
15526,813,2020-01-14,article
15465,8314,2020-03-10,article
15465,8202,2020-03-10,article
15469,8164,2020-03-10,article
15469,1513,2020-03-10,article
15388,75,2020-03-14,article
15388,7983,2020-03-14,article
15390,8234,2020-03-14,article
15390,8312,2020-03-14,article
15441,525,2020-03-17,article
15441,542,2020-03-17,article
15442,1511,2020-03-17,article
15442,1501,2020-03-17,article
15373,8293,2020-03-31,article
15373,790,2020-03-31,article
15378,8168,2020-03-31,article
15378,3562,2020-03-31,article
15426,8057,2020-04-07,article
15426,8240,2020-04-07,article
15429,774,2020-04-07,article
15429,8363,2020-04-07,article
15431,7977,2020-04-07,article
15431,3091,2020-04-07,article
15433,6485,2020-04-07,article
15433,7952,2020-04-07,article
15406,8078,2020-04-14,article
15406,8204,2020-04-14,article
15394,2,2020-04-21,article
15394,11,2020-04-21,article
15395,1272,2020-04-21,article
15395,8166,2020-04-21,article
15396,8270,2020-04-21,article
15396,6623,2020-04-21,article
15397,759,2020-04-21,article
15397,8358,2020-04-21,article
15399,6557,2020-04-21,article
15399,3781,2020-04-21,article
15400,8359,2020-04-21,article
15400,2263,2020-04-21,article
15404,5578,2020-04-21,article
15404,8228,2020-04-21,article
15416,1013,2020-04-28,article
15416,5493,2020-04-28,article
15417,3589,2020-04-28,article
15417,6656,2020-04-28,article
15360,8077,2020-05-12,article
15360,3090,2020-05-12,article
15369,29,2020-05-12,article
15369,316,2020-05-12,article
15322,3652,2020-05-16,article
15322,1305,2020-05-16,article
15323,8262,2020-05-16,article
15323,1761,2020-05-16,article
15324,6485,2020-05-16,article
15324,8306,2020-05-16,article
15330,1072,2020-05-16,article
15330,8347,2020-05-16,article
15350,4460,2020-05-19,article
15350,1009,2020-05-19,article
15352,8220,2020-05-19,article
15352,1748,2020-05-19,article
15354,1019,2020-05-19,article
15354,8352,2020-05-19,article
15356,1520,2020-05-19,article
15356,1438,2020-05-19,article
15358,1127,2020-05-19,article
15358,1002,2020-05-19,article
15333,257,2020-05-26,article
15333,8120,2020-05-26,article
15338,8350,2020-05-26,article
15338,8216,2020-05-26,article
15345,2039,2020-05-26,article
15345,8259,2020-05-26,article
15317,4111,2020-06-02,article
15317,3781,2020-06-02,article
15283,8272,2020-06-09,article
15283,6556,2020-06-09,article
15285,5409,2020-06-09,article
15285,3471,2020-06-09,article
15287,6626,2020-06-09,article
15287,864,2020-06-09,article
15449,8367,2020-06-16,article
15449,6479,2020-06-16,article
15453,6026,2020-06-16,article
15453,1499,2020-06-16,article
15454,6177,2020-06-16,article
15454,1051,2020-06-16,article
15457,8248,2020-06-16,article
15457,2319,2020-06-16,article
15272,44,2020-06-30,article
15272,24,2020-06-30,article
15273,8061,2020-06-30,article
15273,774,2020-06-30,article
15274,8068,2020-06-30,article
15274,3650,2020-06-30,article
15277,8074,2020-06-30,article
15277,8151,2020-06-30,article
15232,2790,2020-07-07,article
15232,3053,2020-07-07,article
15262,8228,2020-07-14,article
15262,6190,2020-07-14,article
15264,8212,2020-07-14,article
15264,3781,2020-07-14,article
15266,8234,2020-07-14,article
15266,6188,2020-07-14,article
15252,1816,2020-07-21,article
15252,8304,2020-07-21,article
15306,8234,2020-07-28,article
15306,2634,2020-07-28,article
15309,8344,2020-07-28,article
15309,787,2020-07-28,article
15216,6653,2020-08-04,article
15216,7991,2020-08-04,article
15221,8271,2020-08-04,article
15221,810,2020-08-04,article
15224,8060,2020-08-04,article
15224,2307,2020-08-04,article
15193,1153,2020-08-11,article
15193,1241,2020-08-11,article
15194,29,2020-08-11,article
15194,8239,2020-08-11,article
15205,8017,2020-08-18,article
15205,3644,2020-08-18,article
15208,8327,2020-08-18,article
15208,8165,2020-08-18,article
15209,8294,2020-08-18,article
15209,6480,2020-08-18,article
15211,8180,2020-08-18,article
15211,2255,2020-08-18,article
15212,8328,2020-08-18,article
15212,535,2020-08-18,article
15235,257,2020-08-25,article
15235,514,2020-08-25,article
15241,8265,2020-08-25,article
15241,1270,2020-08-25,article
15160,1319,2020-09-01,article
15160,1513,2020-09-01,article
15163,1110,2020-09-01,article
15163,3781,2020-09-01,article
15166,500,2020-09-01,article
15166,8322,2020-09-01,article
15171,87,2020-09-08,article
15171,7983,2020-09-08,article
15172,1451,2020-09-08,article
15172,1517,2020-09-08,article
15174,8325,2020-09-08,article
15174,2258,2020-09-08,article
15142,2319,2020-09-15,article
15142,8150,2020-09-15,article
15145,2315,2020-09-15,article
15145,8247,2020-09-15,article
15181,8014,2020-09-22,article
15181,4922,2020-09-22,article
15182,6626,2020-09-22,article
15182,6656,2020-09-22,article
15183,3562,2020-09-22,article
15183,8078,2020-09-22,article
15188,771,2020-09-22,article
15188,793,2020-09-22,article
15122,528,2020-10-06,article
15122,857,2020-10-06,article
15129,8245,2020-10-06,article
15129,8023,2020-10-06,article
15131,4374,2020-10-13,article
15131,7975,2020-10-13,article
15132,2251,2020-10-13,article
15132,2252,2020-10-13,article
15137,2858,2020-10-13,article
15137,8029,2020-10-13,article
15110,772,2020-10-20,article
15110,775,2020-10-20,article
15111,1511,2020-10-20,article
15111,5855,2020-10-20,article
15115,8314,2020-10-20,article
15115,822,2020-10-20,article
15116,8234,2020-10-20,article
15116,2039,2020-10-20,article
15118,2255,2020-10-20,article
15118,2637,2020-10-20,article
15100,1305,2020-11-17,article
15100,3846,2020-11-17,article
15101,8066,2020-11-17,article
15101,8271,2020-11-17,article
15108,8311,2020-11-17,article
15108,8312,2020-11-17,article
15017,774,2020-11-21,article
15017,4368,2020-11-21,article
15020,3053,2020-11-21,article
15020,8228,2020-11-21,article
15025,4934,2020-11-21,article
15025,1766,2020-11-21,article
15026,8122,2020-11-21,article
15026,8300,2020-11-21,article
15081,8002,2020-11-24,article
15081,8204,2020-11-24,article
15084,1142,2020-11-24,article
15084,1002,2020-11-24,article
15085,269,2020-11-24,article
15085,564,2020-11-24,article
15087,259,2020-11-24,article
15087,335,2020-11-24,article
15089,1772,2020-11-24,article
15089,1626,2020-11-24,article
15069,1099,2020-12-08,article
15069,6557,2020-12-08,article
15070,1748,2020-12-08,article
15070,1749,2020-12-08,article
15076,1259,2020-12-08,article
15076,6179,2020-12-08,article
15077,1490,2020-12-08,article
15077,8309,2020-12-08,article
15091,3650,2020-12-15,article
15091,4367,2020-12-15,article
15092,8269,2020-12-15,article
15092,527,2020-12-15,article
15093,7952,2020-12-15,article
15093,1540,2020-12-15,article
15096,8277,2020-12-15,article
15096,759,2020-12-15,article
15098,8235,2020-12-15,article
15098,1530,2020-12-15,article
15032,2634,2020-12-22,article
15032,3471,2020-12-22,article
15058,6235,2020-12-29,article
15058,1,2020-12-29,article
15059,275,2020-12-29,article
15059,251,2020-12-29,article
15061,8306,2020-12-29,article
15061,6501,2020-12-29,article
15063,1039,2020-12-29,article
15063,1110,2020-12-29,article
15064,8230,2020-12-29,article
15064,8219,2020-12-29,article
15066,286,2020-12-29,article
15066,316,2020-12-29,article
15043,260,2021-01-05,article
15043,512,2021-01-05,article
15047,60,2021-01-05,article
15047,24,2021-01-05,article
15050,8220,2021-01-05,article
15050,8303,2021-01-05,article
15052,8304,2021-01-05,article
15052,1761,2021-01-05,article
15000,2264,2021-01-12,article
15000,2319,2021-01-12,article
15007,8091,2021-01-19,article
15007,770,2021-01-19,article
15012,8270,2021-01-19,article
15012,4403,2021-01-19,article
15014,6500,2021-01-19,article
15014,264,2021-01-19,article
14974,2255,2021-01-26,article
14974,5640,2021-01-26,article
14979,8079,2021-01-26,article
14979,8028,2021-01-26,article
14981,528,2021-02-09,article
14981,770,2021-02-09,article
14982,5796,2021-02-09,article
14982,1255,2021-02-09,article
14985,771,2021-02-09,article
14985,6656,2021-02-09,article
14961,257,2021-02-16,article
14961,527,2021-02-16,article
14962,7983,2021-02-16,article
14962,119,2021-02-16,article
14940,525,2021-03-02,article
14940,500,2021-03-02,article
14941,1499,2021-03-02,article
14941,6485,2021-03-02,article
14947,8287,2021-03-02,article
14947,8201,2021-03-02,article
14928,5878,2021-03-09,article
14928,7982,2021-03-09,article
14930,772,2021-03-09,article
14930,774,2021-03-09,article
14931,49,2021-03-09,article
14931,8189,2021-03-09,article
14917,7975,2021-03-16,article
14917,1015,2021-03-16,article
14919,3562,2021-03-16,article
14919,3053,2021-03-16,article
14904,1522,2021-03-23,article
14904,1561,2021-03-23,article
14908,1468,2021-03-23,article
14908,7951,2021-03-23,article
14909,529,2021-03-23,article
14909,857,2021-03-23,article
14911,810,2021-03-23,article
14911,8165,2021-03-23,article
14867,864,2021-04-06,article
14867,264,2021-04-06,article
14868,834,2021-04-06,article
14868,7970,2021-04-06,article
14872,8133,2021-04-06,article
14872,785,2021-04-06,article
14890,512,2021-04-13,article
14890,528,2021-04-13,article
14892,872,2021-04-13,article
14892,758,2021-04-13,article
14893,759,2021-04-13,article
14893,8280,2021-04-13,article
14895,8124,2021-04-13,article
14895,1046,2021-04-13,article
14896,8261,2021-04-13,article
14896,542,2021-04-13,article
14898,1251,2021-04-13,article
14898,1390,2021-04-13,article
14899,2039,2021-04-13,article
14899,8230,2021-04-13,article
14901,3091,2021-04-13,article
14901,8080,2021-04-13,article
14878,3652,2021-04-20,article
14878,8017,2021-04-20,article
14879,14,2021-04-20,article
14879,8134,2021-04-20,article
14880,1511,2021-04-20,article
14880,1539,2021-04-20,article
14852,1,2021-04-27,article
14852,2,2021-04-27,article
14856,6626,2021-04-27,article
14856,793,2021-04-27,article
14864,6236,2021-04-27,article
14864,8275,2021-04-27,article
14841,790,2021-05-11,article
14841,775,2021-05-11,article
14845,803,2021-05-11,article
14845,8271,2021-05-11,article
14846,4369,2021-05-11,article
14846,569,2021-05-11,article
14849,8014,2021-05-11,article
14849,8204,2021-05-11,article
14824,794,2021-05-25,article
14824,506,2021-05-25,article
14783,8203,2021-06-01,article
14783,500,2021-06-01,article
14790,2319,2021-06-01,article
14790,8060,2021-06-01,article
14791,8262,2021-06-01,article
14791,4934,2021-06-01,article
14807,6501,2021-06-08,article
14807,5855,2021-06-08,article
14809,2263,2021-06-08,article
14809,2264,2021-06-08,article
14811,1009,2021-06-08,article
14811,3781,2021-06-08,article
14813,277,2021-06-08,article
14813,8075,2021-06-08,article
14747,514,2021-06-22,article
14747,527,2021-06-22,article
14749,119,2021-06-22,article
14749,8018,2021-06-22,article
14751,5346,2021-06-22,article
14751,6177,2021-06-22,article
14754,8257,2021-06-22,article
14754,7952,2021-06-22,article
14774,771,2021-06-29,article
14774,1130,2021-06-29,article
14726,822,2021-07-06,article
14726,4004,2021-07-06,article
14729,8068,2021-07-06,article
14729,6185,2021-07-06,article
14732,545,2021-07-06,article
14732,8122,2021-07-06,article
14734,135,2021-07-20,article
14734,288,2021-07-20,article
14739,8032,2021-07-20,article
14739,8253,2021-07-20,article
14740,6623,2021-07-20,article
14740,2039,2021-07-20,article
14793,3644,2021-07-27,article
14793,1248,2021-07-27,article
14796,11,2021-07-27,article
14796,6235,2021-07-27,article
14799,1083,2021-07-27,article
14799,1013,2021-07-27,article
14801,8228,2021-07-27,article
14801,2637,2021-07-27,article
14759,60,2021-08-03,article
14759,3479,2021-08-03,article
14761,4369,2021-08-03,article
14761,8216,2021-08-03,article
14766,8259,2021-08-03,article
14766,3370,2021-08-03,article
14715,2251,2021-08-10,article
14715,5878,2021-08-10,article
14716,786,2021-08-10,article
14716,713,2021-08-10,article
14717,6533,2021-08-10,article
14717,1761,2021-08-10,article
14721,6481,2021-08-10,article
14721,8164,2021-08-10,article
14691,3583,2021-08-17,article
14691,8214,2021-08-17,article
14692,69,2021-08-17,article
14692,7983,2021-08-17,article
14694,3962,2021-08-17,article
14694,3649,2021-08-17,article
14677,255,2021-08-24,article
14677,528,2021-08-24,article
14679,3960,2021-08-24,article
14679,8069,2021-08-24,article
14686,864,2021-08-24,article
14686,8009,2021-08-24,article
14689,8248,2021-08-24,article
14689,8247,2021-08-24,article
14702,1504,2021-08-31,article
14702,1498,2021-08-31,article
14704,29,2021-08-31,article
14704,2,2021-08-31,article
14706,251,2021-08-31,article
14706,263,2021-08-31,article
14707,2269,2021-08-31,article
14707,2252,2021-08-31,article
14708,8094,2021-08-31,article
14708,1468,2021-08-31,article
14663,3090,2021-09-07,article
14663,6460,2021-09-07,article
14666,2858,2021-09-07,article
14666,8166,2021-09-07,article
14667,1000,2021-09-07,article
14667,1030,2021-09-07,article
14674,286,2021-09-07,article
14674,6107,2021-09-07,article
14652,2451,2021-09-14,article
14652,3846,2021-09-14,article
14660,8169,2021-09-14,article
14660,8242,2021-09-14,article
14641,2634,2021-09-21,article
14641,5877,2021-09-21,article
14642,753,2021-09-21,article
14642,4368,2021-09-21,article
14644,7984,2021-09-21,article
14644,7985,2021-09-21,article
14601,1522,2021-10-05,article
14601,5855,2021-10-05,article
14606,3589,2021-10-05,article
14606,822,2021-10-05,article
14610,8110,2021-10-05,article
14610,6261,2021-10-05,article
14611,8086,2021-10-05,article
14611,277,2021-10-05,article
14632,3652,2021-10-12,article
14632,1272,2021-10-12,article
14633,6501,2021-10-12,article
14633,8145,2021-10-12,article
14637,5640,2021-10-12,article
14637,3558,2021-10-12,article
14638,8115,2021-10-12,article
14638,8237,2021-10-12,article
14615,759,2021-10-19,article
14615,775,2021-10-19,article
14623,1512,2021-10-19,article
14623,8235,2021-10-19,article
14591,1308,2021-11-16,article
14591,1305,2021-11-16,article
14594,3562,2021-11-16,article
14594,8014,2021-11-16,article
14598,810,2021-11-16,article
14598,849,2021-11-16,article
14599,7952,2021-11-16,article
14599,8213,2021-11-16,article
14600,1157,2021-11-16,article
14600,8164,2021-11-16,article
14580,5,2021-11-23,article
14580,1,2021-11-23,article
14581,1506,2021-11-23,article
14581,1753,2021-11-23,article
14585,6045,2021-11-23,article
14585,1517,2021-11-23,article
14574,8126,2021-12-07,article
14574,1390,2021-12-07,article
14576,5409,2021-12-07,article
14576,8230,2021-12-07,article
14553,257,2021-12-14,article
14553,512,2021-12-14,article
14557,3781,2021-12-14,article
14557,1083,2021-12-14,article
14561,8229,2021-12-14,article
14561,252,2021-12-14,article
14566,8086,2021-12-14,article
14566,316,2021-12-14,article
14549,8173,2021-12-21,article
14549,6043,2021-12-21,article
14532,8068,2021-12-28,article
14532,3734,2021-12-28,article
14538,6480,2021-12-28,article
14538,8224,2021-12-28,article
14479,6460,2022-01-04,article
14479,8077,2022-01-04,article
14481,1153,2022-01-04,article
14481,1513,2022-01-04,article
14489,1761,2022-01-04,article
14489,1762,2022-01-04,article
14491,286,2022-01-04,article
14491,537,2022-01-04,article
14492,60,2022-01-11,article
14492,251,2022-01-11,article
14494,5796,2022-01-11,article
14494,7977,2022-01-11,article
14497,3746,2022-01-11,article
14497,5856,2022-01-11,article
14500,1585,2022-01-11,article
14500,8090,2022-01-11,article
14521,6184,2022-01-18,article
14521,8065,2022-01-18,article
14527,1490,2022-01-18,article
14527,6502,2022-01-18,article
14509,8220,2022-01-25,article
14509,1756,2022-01-25,article
14512,3370,2022-01-25,article
14512,8221,2022-01-25,article
14515,8014,2022-01-25,article
14515,3649,2022-01-25,article
14516,6533,2022-01-25,article
14516,1816,2022-01-25,article
14455,501,2022-02-08,article
14455,790,2022-02-08,article
14457,6177,2022-02-08,article
14457,8015,2022-02-08,article
14460,8214,2022-02-08,article
14460,6623,2022-02-08,article
14439,530,2022-02-15,article
14439,759,2022-02-15,article
14446,8087,2022-02-15,article
14446,2039,2022-02-15,article
14419,4367,2022-02-22,article
14419,2790,2022-02-22,article
14426,335,2022-02-22,article
14426,75,2022-02-22,article
14406,1522,2022-03-01,article
14406,1511,2022-03-01,article
14410,8205,2022-03-01,article
14410,1436,2022-03-01,article
14411,3530,2022-03-01,article
14411,525,2022-03-01,article
14470,8133,2022-03-08,article
14470,5410,2022-03-08,article
14473,49,2022-03-08,article
14473,8044,2022-03-08,article
14475,3536,2022-03-08,redirect
14475,3849,2022-03-08,article
14477,2339,2022-03-08,article
14477,2262,2022-03-08,article
14434,3053,2022-03-15,article
14434,6190,2022-03-15,article
14436,2252,2022-03-15,article
14436,2264,2022-03-15,article
14386,2363,2022-03-22,article
14386,2259,2022-03-22,article
14391,1678,2022-03-22,article
14391,6480,2022-03-22,article
14346,3652,2022-04-05,article
14346,1251,2022-04-05,article
14341,506,2022-04-13,article
14341,3844,2022-04-13,article
14297,1002,2022-04-26,article
14297,1011,2022-04-26,article
14302,782,2022-04-26,article
14302,578,2022-04-26,article
14305,8111,2022-04-26,article
14305,8177,2022-04-26,article
14394,514,2022-05-03,article
14394,512,2022-05-03,article
14395,1248,2022-05-03,article
14395,3846,2022-05-03,article
14401,754,2022-05-03,article
14401,5797,2022-05-03,article
14402,502,2022-05-03,article
14402,564,2022-05-03,article
14403,549,2022-05-03,article
14403,8203,2022-05-03,article
14404,4367,2022-05-03,article
14404,8204,2022-05-03,article
14275,1546,2022-05-10,article
14275,4405,2022-05-10,article
14266,5877,2022-05-17,article
14266,5578,2022-05-17,article
14271,8167,2022-05-17,article
14271,552,2022-05-17,article
14272,6534,2022-05-17,article
14272,7981,2022-05-17,article
14248,782,2022-05-24,article
14248,857,2022-05-24,article
14252,5263,2022-05-24,article
14252,263,2022-05-24,article
14253,1053,2022-05-24,article
14253,1073,2022-05-24,article
14254,4460,2022-05-24,article
14254,6236,2022-05-24,article
14255,8164,2022-05-24,article
14255,1270,2022-05-24,article
14258,1081,2022-05-24,article
14258,1068,2022-05-24,article
14260,8165,2022-05-24,article
14260,793,2022-05-24,article
14309,8057,2022-05-31,article
14309,5816,2022-05-31,article
14314,822,2022-05-31,article
14314,6484,2022-05-31,article
14317,1049,2022-05-31,article
14317,1023,2022-05-31,article
14200,2264,2022-06-14,article
14200,2262,2022-06-14,article
14183,8139,2022-06-21,article
14183,255,2022-06-21,article
14184,5855,2022-06-21,article
14184,1499,2022-06-21,article
14188,8142,2022-06-21,article
14188,1072,2022-06-21,article
14218,257,2022-07-05,article
14218,528,2022-07-05,article
14219,760,2022-07-05,article
14219,503,2022-07-05,article
14222,1512,2022-07-05,article
14222,1270,2022-07-05,article
14224,1083,2022-07-05,article
14224,8026,2022-07-05,article
14174,1364,2022-07-12,article
14174,1390,2022-07-12,article
14178,3583,2022-07-12,article
14178,8137,2022-07-12,article
14156,1585,2022-07-19,article
14156,8083,2022-07-19,article
14159,8133,2022-08-02,article
14159,786,2022-08-02,article
14160,8090,2022-08-02,article
14160,1517,2022-08-02,article
14164,8134,2022-08-02,article
14164,8063,2022-08-02,article
14134,3053,2022-08-16,article
14134,3650,2022-08-16,article
14137,8082,2022-08-16,article
14137,6045,2022-08-16,article
14140,3428,2022-08-16,article
14140,3844,2022-08-16,article
14325,1015,2022-08-23,article
14325,1011,2022-08-23,article
14326,3562,2022-08-23,article
14326,3649,2022-08-23,article
14329,275,2022-08-23,article
14329,263,2022-08-23,article
14102,3986,2022-09-06,article
14102,5640,2022-09-06,article
14128,6694,2022-09-13,article
14128,594,2022-09-13,article
14130,2316,2022-09-13,article
14130,8125,2022-09-13,article
14132,1317,2022-09-13,article
14132,1520,2022-09-13,article
14080,8014,2022-09-20,article
14080,8003,2022-09-20,article
14081,1331,2022-09-20,article
14081,1678,2022-09-20,article
14068,7981,2022-10-04,article
14068,2264,2022-10-04,article
14070,1099,2022-10-04,article
14070,4460,2022-10-04,article
14071,6551,2022-10-04,article
14071,1436,2022-10-04,article
14109,1072,2022-10-11,article
14109,1005,2022-10-11,article
14049,1002,2022-10-18,article
14049,8043,2022-10-18,article
14054,6552,2022-10-18,article
14054,8110,2022-10-18,article
14055,787,2022-10-18,article
14055,6484,2022-10-18,article
14059,1816,2022-10-18,article
14059,1749,2022-10-18,article
14060,8111,2022-10-18,article
14060,8072,2022-10-18,article
14001,500,2022-11-15,article
14001,503,2022-11-15,article
14021,273,2022-11-22,article
14021,8097,2022-11-22,article
14024,2266,2022-11-22,article
14024,5578,2022-11-22,article
13978,135,2022-12-06,article
13978,6635,2022-12-06,article
13979,29,2022-12-06,article
13979,8044,2022-12-06,article
13988,750,2022-12-13,article
13988,1248,2022-12-13,article
13993,385,2022-12-13,article
13993,284,2022-12-13,article
13955,8086,2022-12-20,article
13955,335,2022-12-20,article
13956,1039,2022-12-20,article
13956,1051,2022-12-20,article
13943,62,2022-12-27,article
13943,5879,2022-12-27,article
13968,8090,2023-01-03,article
13968,1561,2023-01-03,article
13970,2269,2023-01-03,article
13970,3053,2023-01-03,article
13929,1499,2023-01-10,article
13929,1498,2023-01-10,article
13932,1546,2023-01-10,article
13932,6480,2023-01-10,article
13941,882,2023-01-10,article
13941,713,2023-01-10,article
13907,3646,2023-01-17,article
13907,8014,2023-01-17,article
13908,264,2023-01-17,article
13908,528,2023-01-17,article
13920,7991,2023-01-24,article
13920,3471,2023-01-24,article
13893,790,2023-02-07,article
13893,8077,2023-02-07,article
13897,782,2023-02-07,article
13897,527,2023-02-07,article
13878,3846,2023-02-14,article
13878,1255,2023-02-14,article
13880,270,2023-02-14,redirect
13880,286,2023-02-14,article
13882,6501,2023-02-14,article
13882,1530,2023-02-14,article
13883,6557,2023-02-14,article
13883,1023,2023-02-14,article
13874,3370,2023-02-21,article
13874,3583,2023-02-21,article
13845,790,2023-03-07,article
13845,759,2023-03-07,article
13848,1512,2023-03-07,article
13848,6555,2023-03-07,article
13852,5878,2023-03-07,article
13852,2252,2023-03-07,article
13834,44,2023-03-14,article
13834,3479,2023-03-14,article
13840,6485,2023-03-14,article
13840,4405,2023-03-14,article
13821,2264,2023-03-21,article
13821,2251,2023-03-21,article
13823,2262,2023-03-21,article
13823,7981,2023-03-21,article
13827,2316,2023-03-21,article
13827,2332,2023-03-21,article
13796,6532,2023-04-04,article
13796,7977,2023-04-04,article
13805,8060,2023-04-04,article
13805,2353,2023-04-04,article
13807,75,2023-04-04,article
13807,316,2023-04-04,article
13771,8057,2023-04-11,article
13771,6653,2023-04-11,article
13774,3560,2023-04-11,article
13774,3652,2023-04-11,article
13775,542,2023-04-11,article
13775,545,2023-04-11,article
13759,528,2023-04-18,article
13759,514,2023-04-18,article
13764,793,2023-04-18,article
13764,785,2023-04-18,article
13746,1001,2023-04-25,article
13746,1272,2023-04-25,article
13752,786,2023-04-25,article
13752,6694,2023-04-25,article
13754,2255,2023-04-25,article
13754,2259,2023-04-25,article
13700,8043,2023-05-02,article
13700,1019,2023-05-02,article
13710,8044,2023-05-02,article
13710,18,2023-05-02,article
13679,3564,2023-05-16,article
13679,3583,2023-05-16,article
13733,1270,2023-05-23,article
13733,1319,2023-05-23,article
13735,1068,2023-05-23,article
13735,1044,2023-05-23,article
13736,7966,2023-05-23,article
13736,1254,2023-05-23,article
13741,278,2023-05-23,article
13741,7994,2023-05-23,article
13742,2039,2023-05-23,article
13742,2634,2023-05-23,article
13638,1522,2023-06-06,article
13638,1504,2023-06-06,article
13642,8030,2023-06-06,article
13642,87,2023-06-06,article
13643,1053,2023-06-06,article
13643,3653,2023-06-06,article
13644,1525,2023-06-06,article
13644,1517,2023-06-06,article
13646,6481,2023-06-06,article
13646,2858,2023-06-06,article
13650,530,2023-06-13,article
13650,3481,2023-06-13,article
13651,1390,2023-06-13,article
13651,4211,2023-06-13,article
13664,4923,2023-06-20,article
13664,2260,2023-06-20,article
13665,774,2023-06-20,article
13665,754,2023-06-20,article
13667,6501,2023-06-20,article
13667,1511,2023-06-20,article
13668,6556,2023-06-20,article
13668,564,2023-06-20,article
13671,5857,2023-06-20,article
13671,1671,2023-06-20,article
13536,1308,2023-06-27,article
13536,7977,2023-06-27,article
13538,2637,2023-06-27,article
13538,3558,2023-06-27,article
13548,4455,2023-07-04,article
13548,3649,2023-07-04,article
13626,500,2023-07-11,article
13626,512,2023-07-11,article
13633,1137,2023-07-11,article
13633,8026,2023-07-11,article
13593,3652,2023-07-25,article
13593,1513,2023-07-25,article
13601,2275,2023-07-25,article
13601,8024,2023-07-25,article
13584,822,2023-08-08,article
13584,760,2023-08-08,article
13586,1039,2023-08-08,article
13586,7951,2023-08-08,article
13587,6043,2023-08-08,article
13587,2316,2023-08-08,article
13589,2332,2023-08-08,article
13589,2315,2023-08-08,article
13590,1669,2023-08-08,article
13590,1694,2023-08-08,article
13501,5796,2023-08-15,article
13501,1153,2023-08-15,article
13502,8014,2023-08-15,article
13502,3053,2023-08-15,article
13510,1530,2023-08-15,article
13510,3588,2023-08-15,article
13511,7981,2023-08-15,article
13511,2319,2023-08-15,article
13558,21,2023-09-05,article
13558,10,2023-09-05,article
13560,5879,2023-09-05,article
13560,42,2023-09-05,article
13522,3587,2023-09-12,article
13522,7984,2023-09-12,article
13491,1506,2023-10-03,article
13491,1522,2023-10-03,article
13493,6557,2023-10-03,article
13493,1078,2023-10-03,article
13478,1501,2023-10-10,article
13478,1530,2023-10-10,article
13614,758,2023-10-17,article
13614,6460,2023-10-17,article
13615,1751,2023-10-17,article
13615,1748,2023-10-17,article
13617,1005,2023-10-17,article
13617,7975,2023-10-17,article
13619,277,2023-10-17,article
13619,286,2023-10-17,article
13620,6653,2023-10-17,article
13620,3370,2023-10-17,article
13469,1503,2023-11-14,article
13469,1540,2023-11-14,article
13456,3962,2023-11-21,article
13456,6623,2023-11-21,article
13459,1255,2023-11-21,article
13459,1251,2023-11-21,article
13434,4454,2023-12-05,article
13434,3053,2023-12-05,article
13400,135,2023-12-12,article
13400,335,2023-12-12,article
13420,255,2023-12-19,article
13420,257,2023-12-19,article
13422,1499,2023-12-19,article
13422,4925,2023-12-19,article
13424,2260,2023-12-19,article
13424,2251,2023-12-19,article
13430,5640,2023-12-19,article
13430,6190,2023-12-19,article
13446,4848,2024-01-02,article
13446,1769,2024-01-02,article
13449,8009,2024-01-02,article
13449,542,2024-01-02,article
13451,1585,2024-01-02,article
13451,1505,2024-01-02,article
13405,3747,2024-01-09,article
13405,1511,2024-01-09,article
13407,761,2024-01-09,article
13407,770,2024-01-09,article
13409,1498,2024-01-09,article
13409,1501,2024-01-09,article
13411,3562,2024-01-09,article
13411,4367,2024-01-09,article
13412,1011,2024-01-09,article
13412,3481,2024-01-09,article
13413,6501,2024-01-09,article
13413,1525,2024-01-09,article
13414,75,2024-01-09,article
13414,288,2024-01-09,article
13360,3564,2024-01-16,article
13360,6182,2024-01-16,article
13340,4455,2024-01-23,article
13340,2269,2024-01-23,article
13348,1331,2024-01-23,article
13348,1671,2024-01-23,article
13366,3558,2024-01-30,article
13366,3649,2024-01-30,article
13373,2252,2024-01-30,article
13373,2262,2024-01-30,article
13317,810,2024-02-06,article
13317,822,2024-02-06,article
13319,7990,2024-02-06,article
13319,3583,2024-02-06,article
13325,2258,2024-02-13,article
13325,4923,2024-02-13,article
13330,1305,2024-02-13,article
13330,1249,2024-02-13,article
13335,3781,2024-02-13,article
13335,1051,2024-02-13,article
13301,3475,2024-02-27,article
13301,3056,2024-02-27,article
13286,1748,2024-03-05,article
13286,1757,2024-03-05,article
13287,5855,2024-03-05,article
13287,6480,2024-03-05,article
13294,1078,2024-03-05,article
13294,1049,2024-03-05,article
13239,760,2024-03-12,article
13239,539,2024-03-12,article
13242,1296,2024-03-12,article
13242,7977,2024-03-12,article
13250,1153,2024-03-19,article
13250,1254,2024-03-19,article
13229,4369,2024-04-02,article
13229,822,2024-04-02,article
13230,813,2024-04-02,article
13230,786,2024-04-02,article
13233,6326,2024-04-02,article
13233,1019,2024-04-02,article
13234,787,2024-04-02,article
13234,818,2024-04-02,article
13193,794,2024-04-09,article
13193,7970,2024-04-09,article
13194,1053,2024-04-09,article
13194,1110,2024-04-09,article
13198,1516,2024-04-09,article
13198,3587,2024-04-09,article
13200,6485,2024-04-09,article
13200,1524,2024-04-09,article
13203,4405,2024-04-16,article
13203,1331,2024-04-16,article
13276,2,2024-04-23,article
13276,4,2024-04-23,article
13277,771,2024-04-23,article
13277,527,2024-04-23,article
13263,3652,2024-04-30,article
13263,1250,2024-04-30,article
13264,44,2024-04-30,article
13264,264,2024-04-30,article
13266,761,2024-04-30,article
13266,754,2024-04-30,article
13271,7982,2024-04-30,article
13271,2255,2024-04-30,article
13164,4455,2024-05-14,article
13164,3849,2024-05-14,article
13120,4003,2024-05-21,article
13120,5109,2024-05-21,article
13122,759,2024-05-28,article
13122,758,2024-05-28,article
13126,1255,2024-05-28,article
13126,1308,2024-05-28,article
13127,1270,2024-05-28,article
13127,6532,2024-05-28,article
13130,1749,2024-05-28,article
13130,4848,2024-05-28,article
13213,1502,2024-06-04,article
13213,1504,2024-06-04,article
13214,537,2024-06-04,article
13214,521,2024-06-04,article
13215,1511,2024-06-04,article
13215,1506,2024-06-04,article
13217,2262,2024-06-04,article
13217,2251,2024-06-04,article
13140,3471,2024-06-11,article
13140,3564,2024-06-11,article
13142,2039,2024-06-11,article
13142,3370,2024-06-11,article
13186,6463,2024-06-18,article
13186,7969,2024-06-18,article
13088,507,2024-06-25,article
13088,514,2024-06-25,article
13089,2259,2024-06-25,article
13089,2264,2024-06-25,article
13099,753,2024-07-09,article
13099,790,2024-07-09,article
13100,4454,2024-07-09,article
13100,2266,2024-07-09,article
5861,1499,2024-07-16,article
5861,3747,2024-07-16,article
5862,3650,2024-07-16,article
5862,4922,2024-07-16,article
5863,1250,2024-07-16,article
5863,3644,2024-07-16,article
5866,3583,2024-07-16,article
5866,6653,2024-07-16,article
5815,503,2024-07-30,article
5815,506,2024-07-30,article
5822,6636,2024-07-30,article
5822,1053,2024-07-30,article
5823,1678,2024-07-30,article
5823,1524,2024-07-30,article
5770,2634,2024-08-06,article
5770,5815,2024-08-06,article
5776,2263,2024-08-06,article
5776,6625,2024-08-06,article
5647,713,2024-08-13,article
5647,777,2024-08-13,article
5652,826,2024-08-13,article
5652,4369,2024-08-13,article
5586,1522,2024-08-20,article
5586,1525,2024-08-20,article
5589,6532,2024-08-20,article
5589,1436,2024-08-20,article
5590,1758,2024-08-20,article
5590,6533,2024-08-20,article
5593,2353,2024-08-20,article
5593,6534,2024-08-20,article
5595,418,2024-08-20,article
5595,57,2024-08-20,article
5792,24,2024-08-27,article
5792,251,2024-08-27,article
5793,3652,2024-08-27,article
5793,1254,2024-08-27,article
5801,554,2024-08-27,article
5801,5856,2024-08-27,article
5538,1772,2024-09-03,article
5538,1753,2024-09-03,article
5539,4455,2024-09-03,article
5539,3558,2024-09-03,article
5543,767,2024-09-03,article
5543,6500,2024-09-03,article
5544,6501,2024-09-03,article
5544,1505,2024-09-03,article
5547,42,2024-09-03,article
5547,18,2024-09-03,article
5488,2255,2024-09-10,article
5488,5800,2024-09-10,article
5490,2316,2024-09-10,article
5490,2254,2024-09-10,article
5474,1030,2024-09-17,article
5474,4374,2024-09-17,article
5475,5263,2024-09-17,article
5475,519,2024-09-17,article
5476,3053,2024-09-17,article
5476,3475,2024-09-17,article
5439,1498,2024-09-24,article
5439,1506,2024-09-24,article
5440,2258,2024-09-24,article
5440,2259,2024-09-24,article
5443,252,2024-09-24,article
5443,263,2024-09-24,article
5658,754,2024-10-08,article
5658,6554,2024-10-08,article
5664,1251,2024-10-08,article
5664,1249,2024-10-08,article
5188,1499,2024-11-19,article
5188,1502,2024-11-19,article
5192,1507,2024-11-19,article
5192,1517,2024-11-19,article
5195,1019,2024-11-19,article
5195,1041,2024-11-19,article
5048,521,2024-12-03,article
5048,761,2024-12-03,article
5049,4,2024-12-03,article
5049,6235,2024-12-03,article
5051,1160,2024-12-03,article
5051,1044,2024-12-03,article
5055,3559,2024-12-03,article
5055,3962,2024-12-03,article
5092,502,2024-12-10,article
5092,500,2024-12-10,article
5093,4923,2024-12-10,article
5093,2253,2024-12-10,article
4926,1305,2024-12-17,article
4926,1259,2024-12-17,article
4929,578,2024-12-17,article
4929,594,2024-12-17,article
4936,6188,2024-12-17,article
4936,3903,2024-12-17,article
4938,511,2024-12-24,article
4938,506,2024-12-24,article
4900,3746,2025-01-07,article
4900,251,2025-01-07,article
4901,1009,2025-01-07,article
4901,1000,2025-01-07,article
4887,528,2025-01-14,article
4887,264,2025-01-14,article
4889,1177,2025-01-14,article
4889,1039,2025-01-14,article
4911,252,2025-01-21,article
4911,260,2025-01-21,article
4912,770,2025-01-21,article
4912,6184,2025-01-21,article
4918,29,2025-01-21,article
4918,3480,2025-01-21,article
4875,1753,2025-01-28,article
4875,1757,2025-01-28,article
4878,1519,2025-01-28,article
4878,1678,2025-01-28,article
4884,1023,2025-01-28,article
4884,6177,2025-01-28,article
4664,1254,2025-02-04,article
4664,1272,2025-02-04,article
4667,564,2025-02-04,article
4667,3530,2025-02-04,article
4675,2271,2025-02-04,article
4675,2332,2025-02-04,article
4249,1248,2025-02-11,article
4249,1250,2025-02-11,article
4251,1265,2025-02-11,article
4251,2451,2025-02-11,article
4255,2252,2025-02-11,article
4255,2258,2025-02-11,article
4256,1051,2025-02-11,article
4256,3091,2025-02-11,article
4065,754,2025-02-25,article
4065,752,2025-02-25,article
4032,1516,2025-03-04,article
4032,1520,2025-03-04,article
4034,3782,2025-03-04,article
4034,1073,2025-03-04,article
4035,5877,2025-03-04,article
4035,3471,2025-03-04,article
3993,756,2025-03-11,article
3993,759,2025-03-11,article
3994,4922,2025-03-11,article
3994,3649,2025-03-11,article
3995,1505,2025-03-11,article
3995,5855,2025-03-11,article
3996,3650,2025-03-11,article
3996,4454,2025-03-11,article
3910,539,2025-03-18,article
3910,552,2025-03-18,article
3918,2263,2025-03-18,article
3918,5800,2025-03-18,article
4020,1011,2025-04-01,article
4020,1053,2025-04-01,article
4023,4403,2025-04-01,article
4023,2634,2025-04-01,article
3930,504,2025-04-08,article
3930,527,2025-04-08,article
3931,1503,2025-04-08,article
3931,3063,2025-04-08,article
3935,9,2025-04-08,article
3935,14,2025-04-08,article
3937,3056,2025-04-08,article
3937,3848,2025-04-08,article
3679,760,2025-04-15,article
3679,3090,2025-04-15,article
3680,4455,2025-04-15,article
3680,5640,2025-04-15,article
3681,529,2025-04-15,article
3681,594,2025-04-15,article
3682,1517,2025-04-15,article
3682,1561,2025-04-15,article
3686,810,2025-04-15,article
3686,4368,2025-04-15,article
3704,259,2025-04-22,article
3704,273,2025-04-22,article
3705,1009,2025-04-22,article
3705,3653,2025-04-22,article
3711,535,2025-04-22,article
3711,554,2025-04-22,article
3819,1747,2025-04-29,article
3819,1751,2025-04-29,article
3824,3849,2025-04-29,article
3824,3053,2025-04-29,article
3560,1305,2025-05-13,article
3560,1261,2025-05-13,article
3456,5493,2025-05-20,article
3456,3846,2025-05-20,article
3457,523,2025-05-20,article
3457,255,2025-05-20,article
3458,770,2025-05-20,article
3458,771,2025-05-20,article
3459,3652,2025-05-20,article
3459,1265,2025-05-20,article
3460,1108,2025-05-20,article
3460,1099,2025-05-20,article
3462,506,2025-05-20,article
3462,528,2025-05-20,article
3694,521,2025-05-27,article
3694,545,2025-05-27,article
3697,1513,2025-05-27,article
3697,1546,2025-05-27,article
3349,3689,2025-06-03,article
3349,3370,2025-06-03,article
3335,1811,2025-06-10,article
3335,1757,2025-06-10,article
3300,502,2025-06-17,article
3300,501,2025-06-17,article
3303,514,2025-06-17,article
3303,761,2025-06-17,article
3307,2262,2025-06-17,article
3307,2266,2025-06-17,article
3309,1049,2025-06-17,article
3309,1153,2025-06-17,article
3229,1249,2025-06-24,article
3229,3644,2025-06-24,article
3230,4,2025-06-24,article
3230,9,2025-06-24,article
3235,5346,2025-06-24,article
3235,3266,2025-06-24,article
3126,507,2025-07-08,article
3126,503,2025-07-08,article
3582,527,2025-07-15,article
3582,552,2025-07-15,article
3587,2253,2025-07-15,article
3587,2260,2025-07-15,article
3072,1504,2025-08-05,article
3072,1499,2025-08-05,article
3081,4403,2025-08-05,article
3081,3471,2025-08-05,article
3082,1518,2025-08-05,article
3082,1530,2025-08-05,article
3084,5252,2025-08-05,article
3084,5251,2025-08-05,article
2732,530,2025-08-12,article
2732,788,2025-08-12,article
3059,770,2025-08-19,article
3059,767,2025-08-19,article
3063,1081,2025-08-19,article
3063,1142,2025-08-19,article
2876,2251,2025-08-26,article
2876,2252,2025-08-26,article
2877,1502,2025-08-26,article
2877,1503,2025-08-26,article
2881,515,2025-08-26,article
2881,535,2025-08-26,article
2604,826,2025-09-02,article
2604,773,2025-09-02,article
2541,1540,2025-09-09,article
2541,1517,2025-09-09,article
2542,3962,2025-09-09,article
2542,3903,2025-09-09,article
2544,2263,2025-09-09,article
2544,2254,2025-09-09,article
2547,750,2025-09-16,article
2547,756,2025-09-16,article
2548,4922,2025-09-16,article
2548,4923,2025-09-16,article
2553,508,2025-09-16,article
2553,523,2025-09-16,article
2811,754,2025-09-23,article
2811,759,2025-09-23,article
2561,1498,2025-10-07,article
2561,1499,2025-10-07,article
2564,4925,2025-10-07,article
2564,1507,2025-10-07,article
2568,4367,2025-10-07,article
2568,3475,2025-10-07,article
1986,1005,2025-11-25,article
1986,1000,2025-11-25,article
1987,3747,2025-11-25,article
1987,1501,2025-11-25,article
1989,4455,2025-11-25,article
1989,4454,2025-11-25,article
1990,1256,2025-11-25,article
1990,1255,2025-11-25,article
1991,1502,2025-11-25,article
1991,1506,2025-11-25,article
1932,1248,2025-12-02,article
1932,1250,2025-12-02,article
1935,28,2025-12-02,article
1935,22,2025-12-02,article
1907,1772,2025-12-09,article
1907,1752,2025-12-09,article
1908,7,2025-12-09,article
1908,10,2025-12-09,article
1909,537,2025-12-09,article
1909,545,2025-12-09,article
1823,14,2025-12-23,article
1823,20,2025-12-23,article
1830,849,2025-12-23,article
1830,794,2025-12-23,article
1920,1511,2025-12-30,article
1920,3651,2025-12-30,article
1847,3846,2026-01-06,article
1847,4374,2026-01-06,article
1848,258,2026-01-06,article
1848,507,2026-01-06,article
1849,1519,2026-01-06,article
1849,1522,2026-01-06,article
1807,2260,2026-01-13,article
1807,2255,2026-01-13,article
1812,778,2026-01-13,article
1812,782,2026-01-13,article
1816,564,2026-01-13,article
1816,542,2026-01-13,article
1838,264,2026-01-20,article
1838,510,2026-01-20,article
1799,1020,2026-01-27,article
1799,3653,2026-01-27,article
1524,2252,2026-02-03,article
1524,2259,2026-02-03,article
1652,11,2026-02-10,article
1652,8,2026-02-10,article
1655,1265,2026-02-10,article
1655,1260,2026-02-10,article
1656,770,2026-02-10,article
1656,786,2026-02-10,article
1363,1525,2026-02-17,article
1363,1512,2026-02-17,article
1365,3475,2026-02-17,article
1365,3559,2026-02-17,article
1344,1249,2026-02-24,article
1344,1259,2026-02-24,article
1345,3583,2026-02-24,article
1345,3960,2026-02-24,article
1346,1039,2026-02-24,article
1346,1023,2026-02-24,article
1198,1757,2026-03-03,article
1198,1761,2026-03-03,article
1204,3530,2026-03-03,article
1204,3844,2026-03-03,article
1136,9,2026-03-10,article
1136,2,2026-03-10,article
1137,753,2026-03-10,article
1137,760,2026-03-10,article
1269,2634,2026-03-17,article
1269,3903,2026-03-17,article
1405,787,2026-03-31,article
1405,882,2026-03-31,article
1082,757,2026-04-07,article
1082,759,2026-04-07,article
1083,529,2026-04-07,article
1083,506,2026-04-07,article
696,521,2026-04-28,article
696,569,2026-04-28,article
1211,1503,2026-05-12,article
1211,1504,2026-05-12,article
1218,3848,2026-05-12,article
1218,3849,2026-05-12,article
481,502,2026-05-19,article
481,3090,2026-05-19,article
482,510,2026-05-19,article
482,514,2026-05-19,article
484,2256,2026-05-19,article
484,2259,2026-05-19,article
429,29,2026-06-02,article
429,24,2026-06-02,article
292,1041,2026-06-09,article
292,2858,2026-06-09,article
545,750,2026-06-16,article
545,754,2026-06-16,article
546,2255,2026-06-16,article
546,2251,2026-06-16,article
550,788,2026-06-16,article
550,777,2026-06-16,article
