fighter_id,name,sherdog_id,qid,en_title,created_utc,note
909,Conor McGregor,29688,Q5162259,Conor McGregor,2011-04-16T16:18:20Z,
7999,Denys Bondar,206399,,,,no verified article
8148,Jason Witt,127671,Q96741857,Jason Witt,2020-06-29T00:36:54Z,
8187,Juan Espino,249511,Q13475333,Juan Espino,2021-04-03T05:54:49Z,
8252,Luigi Vendramini,225223,Q107213272,Luigi Vendramini,2021-03-20T11:49:27Z,
8295,Jarjis Danho,76397,Q20653317,Jarjis Danho,2017-09-22T14:45:39Z,
8308,Alistair Overeem,461,Q458121,Alistair Overeem,2005-08-22T22:41:15Z,
8331,Zelim Imadaev,232055,Q98959092,Zelim Imadaev,2020-07-19T23:45:23Z,
8470,Tyler Diamond,143121,,,,no verified article
8471,Allan Zuniga,57253,,,,no verified article
8472,John Gunther,86098,,,,no verified article
8651,Dennis Siver,9817,Q66581,Dennis Siver,2008-05-15T15:13:53Z,
8787,Cory Hendricks,87323,,,,no verified article
