event_id,event_name,wiki_page,fotn_line,bout_id,status
3791,UFC Fight Night 78 - Magny vs. Gastelum,The Ultimate Fighter: Latin America 2,Fight of the Night: Neil Magny vs. Kelvin Gastelum,17827,matched
3692,UFC - The Ultimate Fighter 22 Finale,The Ultimate Fighter: Team McGregor vs. Team Faber,Fight of the Night: Tony Ferguson vs. Edson Barboza,17751,matched
3643,UFC  - The Ultimate Fighter 23 Finale,The Ultimate Fighter: Team Joanna vs. Team Cláudia,Fight of the Night: Joanna Jędrzejczyk vs. Cláudia Gadelha,17625,matched
3628,UFC Fight Night 98 - Dos Anjos vs. Ferguson,The Ultimate Fighter: Latin America 3,Fight of the Night: Tony Ferguson vs. Rafael dos Anjos,17490,matched
3382,UFC - The Ultimate Fighter 24 Finale,The Ultimate Fighter: Tournament of Champions,Fight of the Night: Jared Cannonier vs. Ion Cuțelaba,17229,matched
3222,UFC - The Ultimate Fighter 25 Finale,The Ultimate Fighter: Redemption,Fight of the Night: Justin Gaethje vs. Michael Johnson,16904,matched
3113,UFC - The Ultimate Fighter 26 Finale,The Ultimate Fighter: A New World Champion,Fight of the Night: Nicco Montaño vs. Roxanne Modafferi,16800,matched
3016,UFC 225 - Whittaker vs. Romero 2,UFC 225,"Fight of the Night ($100,000): Robert Whittaker (Yoel Romero was unable to receive his share of the bonus money due to missing weight).",16485,matched
3013,UFC - The Ultimate Fighter 27 Finale,The Ultimate Fighter: Undefeated,Fight of the Night: Alex Caceres vs. Martín Bravo,16451,matched
2850,UFC - The Ultimate Fighter 28 Finale,The Ultimate Fighter: Heavy Hitters,Fight of the Night : None awarded,,not awarded
1964,UFC Fight Night 207 - Volkov vs. Rozenstruik,UFC Fight Night: Volkov vs. Rozenstruik,Fight of the Night award: Lucas Almeida vs. Michael Trizano,14347,matched
