event_id,event_date,event_name,wiki_page,status,wiki_bouts,matched_bouts,bonus_section,fotn_names,fotn_bouts,unmatched_fotn_names
3795,2015-09-05,UFC 191 - Johnson vs. Dodson 2,UFC 191,ok,11,9,True,2,1,
3706,2015-09-26,UFC Fight Night 75 - Barnett vs. Nelson,UFC Fight Night: Barnett vs. Nelson,ok,10,10,True,1,0,None awarded
3794,2015-10-03,UFC 192 - Cormier vs. Gustafsson,UFC 192,ok,12,12,True,2,1,
3695,2015-10-24,UFC Fight Night 76 - Holohan vs. Smolka,UFC Fight Night: Holohan vs. Smolka,ok,10,9,True,2,1,
3793,2015-11-07,UFC Fight Night 77 - Belfort vs. Henderson 3,UFC Fight Night: Belfort vs. Henderson 3,ok,13,11,True,1,0,None awarded
3792,2015-11-14,UFC 193 - Rousey vs. Holm,UFC 193,ok,13,13,True,2,1,
3791,2015-11-21,UFC Fight Night 78 - Magny vs. Gastelum,The Ultimate Fighter: Latin America 2,ok,13,13,False,0,0,
3790,2015-11-28,UFC Fight Night 79 - Henderson vs. Masvidal,UFC Fight Night: Henderson vs. Masvidal,ok,11,11,True,2,1,
3687,2015-12-10,UFC Fight Night 80 - Namajunas vs. VanZant,UFC Fight Night: Namajunas vs. VanZant,ok,12,12,True,2,1,
3692,2015-12-11,UFC - The Ultimate Fighter 22 Finale,The Ultimate Fighter: Team McGregor vs. Team Faber,ok,10,10,False,0,0,
3789,2015-12-12,UFC 194 - Aldo vs. McGregor,UFC 194,ok,12,11,True,2,1,
3788,2015-12-19,UFC on Fox 17 - Dos Anjos vs. Cerrone 2,UFC on Fox: dos Anjos vs. Cowboy 2,ok,13,13,True,2,1,
3691,2016-01-02,UFC 195 - Lawler vs. Condit,UFC 195,ok,12,11,True,2,1,
3686,2016-01-17,UFC Fight Night 81 - Dillashaw vs. Cruz,UFC Fight Night: Dillashaw vs. Cruz,ok,13,13,True,2,1,
3682,2016-01-30,UFC on Fox 18 - Johnson vs. Bader,UFC on Fox: Johnson vs. Bader,ok,13,13,True,2,1,
3684,2016-02-06,UFC Fight Night 82 - Hendricks vs. Thompson,UFC Fight Night: Hendricks vs. Thompson,ok,12,12,True,2,1,
3681,2016-02-21,UFC Fight Night 83 - Cerrone vs. Oliveira,UFC Fight Night: Cowboy vs. Cowboy,ok,13,13,True,2,1,
3680,2016-02-27,UFC Fight Night 84 - Silva vs. Bisping,UFC Fight Night: Silva vs. Bisping,ok,13,13,True,2,1,
3683,2016-03-05,UFC 196 - McGregor vs. Diaz,UFC 196,ok,12,12,True,2,1,
3679,2016-03-19,UFC Fight Night 85 - Hunt vs. Mir,UFC Fight Night: Hunt vs. Mir,ok,12,12,True,2,1,
3640,2016-04-10,UFC Fight Night 86 - Rothwell vs. Dos Santos,UFC Fight Night: Rothwell vs. dos Santos,ok,13,12,True,1,0,None awarded
3641,2016-04-16,UFC on Fox 19 - Teixeira vs. Evans,UFC on Fox: Teixeira vs. Evans,ok,11,10,True,2,1,
3638,2016-04-23,UFC 197 - Jones vs. St. Preux,UFC 197,ok,12,12,True,2,1,
3637,2016-05-08,UFC Fight Night 87 - Overeem vs. Arlovski,UFC Fight Night: Overeem vs. Arlovski,ok,13,12,True,1,0,None awarded
3642,2016-05-14,UFC 198 - Werdum vs. Miocic,UFC 198,ok,12,10,True,2,1,
3633,2016-05-29,UFC Fight Night 88 - Almeida vs. Garbrandt,UFC Fight Night: Almeida vs. Garbrandt,ok,12,11,True,2,1,
3635,2016-06-04,UFC 199 - Rockhold vs. Bisping 2,UFC 199,ok,13,12,True,2,1,
3634,2016-06-18,UFC Fight Night 89 - MacDonald vs. Thompson,UFC Fight Night: MacDonald vs. Thompson,ok,13,12,True,2,1,
3632,2016-07-07,UFC Fight Night 90 - Dos Anjos vs. Alvarez,UFC Fight Night: dos Anjos vs. Alvarez,ok,12,11,True,2,1,
3643,2016-07-08,UFC  - The Ultimate Fighter 23 Finale,The Ultimate Fighter: Team Joanna vs. Team Cláudia,ok,12,11,False,0,0,
3693,2016-07-09,UFC 200 - Tate vs. Nunes,UFC 200,ok,12,12,True,1,0,Not awarded
3623,2016-07-13,UFC Fight Night 91 - McDonald vs. Lineker,UFC Fight Night: McDonald vs. Lineker,ok,12,10,True,2,1,
3629,2016-07-23,UFC on Fox 20 - Holm vs. Shevchenko,UFC on Fox: Holm vs. Shevchenko,ok,11,9,True,2,1,
3617,2016-07-30,UFC 201 - Lawler vs. Woodley,UFC 201,ok,11,11,True,2,1,
3604,2016-08-06,UFC Fight Night 92 - Rodriguez vs. Caceres,UFC Fight Night: Rodríguez vs. Caceres,ok,12,11,True,2,1,
3605,2016-08-20,UFC 202 - Diaz vs. McGregor 2,UFC 202,ok,12,11,True,2,1,
3602,2016-08-27,UFC on Fox 21 - Maia vs. Condit,UFC on Fox: Maia vs. Condit,ok,10,10,True,2,1,
3618,2016-09-03,UFC Fight Night 93 - Arlovski vs. Barnett,UFC Fight Night: Arlovski vs. Barnett,ok,11,9,True,2,1,
3606,2016-09-10,UFC 203 - Miocic vs. Overeem,UFC 203,ok,10,8,True,2,1,
3600,2016-09-17,UFC Fight Night 94 - Poirier vs. Johnson,UFC Fight Night: Poirier vs. Johnson,ok,12,12,True,2,1,Rick Glenn
3599,2016-09-24,UFC Fight Night 95 - Cyborg vs. Lansberg,UFC Fight Night: Cyborg vs. Länsberg,ok,13,11,True,2,1,
3523,2016-10-01,UFC Fight Night 96 - Lineker vs. Dodson,UFC Fight Night: Lineker vs. Dodson,ok,12,12,True,1,0,None awarded
3420,2016-10-08,UFC 204 - Bisping vs. Henderson 2,UFC 204,ok,11,10,True,2,1,
3628,2016-11-05,UFC Fight Night 98 - Dos Anjos vs. Ferguson,The Ultimate Fighter: Latin America 3,ok,13,12,False,0,0,
3615,2016-11-12,UFC 205 - Alvarez vs. McGregor,UFC 205,ok,11,10,True,2,1,
3384,2016-11-19,UFC Fight Night 100 - Bader vs. Nogueira 2,UFC Fight Night: Bader vs. Nogueira 2,ok,12,12,True,1,0,Not awarded
3385,2016-11-19,UFC Fight Night 99 - Mousasi vs. Hall 2,UFC Fight Night: Mousasi vs. Hall 2,ok,13,12,True,1,0,Not awarded
3383,2016-11-26,UFC Fight Night 101 - Whittaker vs. Brunson,UFC Fight Night: Whittaker vs. Brunson,ok,13,13,True,2,1,
3382,2016-12-03,UFC - The Ultimate Fighter 24 Finale,The Ultimate Fighter: Tournament of Champions,ok,12,12,False,0,0,
3381,2016-12-09,UFC Fight Night 102 - Lewis vs. Abdurakhimov,UFC Fight Night: Lewis vs. Abdurakhimov,ok,12,10,True,2,1,
3314,2016-12-10,UFC 206 - Holloway vs. Pettis,UFC 206,ok,12,12,True,2,1,
3313,2016-12-17,UFC on Fox 22 - VanZant vs. Waterson,UFC on Fox: VanZant vs. Waterson,ok,13,13,True,2,1,
3312,2016-12-30,UFC 207 - Nunes vs. Rousey,UFC 207,ok,10,10,True,2,1,
3297,2017-01-15,UFC Fight Night 103 - Rodriguez vs. Penn,UFC Fight Night: Rodríguez vs. Penn,ok,12,10,True,2,1,
3296,2017-01-28,UFC on Fox 23 - Shevchenko vs. Pena,UFC on Fox: Shevchenko vs. Peña,ok,12,12,True,1,0,Not awarded
3295,2017-02-04,UFC Fight Night 104 - Bermudez vs. Korean Zombie,UFC Fight Night: Bermudez vs. The Korean Zombie,ok,12,11,True,2,1,
3294,2017-02-11,UFC 208 - Holm vs. De Randamie,UFC 208,ok,10,9,True,2,1,
3293,2017-02-19,UFC Fight Night 105 - Lewis vs. Browne,UFC Fight Night: Lewis vs. Browne,ok,11,11,True,2,1,
3292,2017-03-04,UFC 209 - Woodley vs. Thompson 2,UFC 209,ok,11,10,True,2,1,
3291,2017-03-11,UFC Fight Night 106 - Belfort vs. Gastelum,UFC Fight Night: Belfort vs. Gastelum,ok,12,11,True,1,0,Not awarded
3290,2017-03-18,UFC Fight Night 107 - Manuwa vs. Anderson,UFC Fight Night: Manuwa vs. Anderson,ok,11,10,True,1,0,Not awarded
3253,2017-04-08,UFC 210 - Cormier vs. Johnson 2,UFC 210,ok,13,11,True,2,1,
3248,2017-04-15,UFC on Fox 24 - Johnson vs. Reis,UFC on Fox: Johnson vs. Reis,ok,13,11,True,2,1,
3249,2017-04-22,UFC Fight Night 108 - Swanson vs. Lobov,UFC Fight Night: Swanson vs. Lobov,ok,13,13,True,2,1,
3251,2017-05-13,UFC 211 - Miocic vs. Dos Santos 2,UFC 211,ok,12,12,True,2,1,
3236,2017-05-28,UFC Fight Night 109 - Gustafsson vs. Teixeira,UFC Fight Night: Gustafsson vs. Teixeira,ok,12,12,True,2,1,
3247,2017-06-03,UFC 212 - Aldo vs. Holloway,UFC 212,ok,12,12,True,2,1,
3235,2017-06-10,UFC Fight Night 110 - Hunt vs. Lewis,UFC Fight Night: Lewis vs. Hunt,ok,11,10,True,2,1,
3241,2017-06-17,UFC Fight Night 111 - Holm vs. Correia,UFC Fight Night: Holm vs. Correia,ok,12,11,True,2,1,
3229,2017-06-25,UFC Fight Night 112 - Chiesa vs. Lee,UFC Fight Night: Chiesa vs. Lee,ok,13,13,True,1,0,None awarded
3222,2017-07-07,UFC - The Ultimate Fighter 25 Finale,The Ultimate Fighter: Redemption,ok,11,10,False,0,0,
3221,2017-07-08,UFC 213 - Romero vs. Whittaker,UFC 213,ok,11,10,True,2,1,
3233,2017-07-16,UFC Fight Night 113 - Nelson vs. Ponzinibbio,UFC Fight Night: Nelson vs. Ponzinibbio,ok,12,11,True,2,1,
3212,2017-07-22,UFC on Fox 25 - Weidman vs. Gastelum,UFC on Fox: Weidman vs. Gastelum,ok,13,12,True,2,1,
3250,2017-07-29,UFC 214 - Cormier vs. Jones 2,UFC 214,ok,12,10,True,2,1,Renato Moicano
3206,2017-08-05,UFC Fight Night 114 - Pettis vs. Moreno,UFC Fight Night: Pettis vs. Moreno,ok,12,11,True,1,0,None awarded
3232,2017-09-02,UFC Fight Night 115 - Volkov vs. Struve,UFC Fight Night: Volkov vs. Struve,ok,12,12,True,2,1,
3208,2017-09-09,UFC 215 - Nunes vs. Shevchenko 2,UFC 215,ok,11,11,True,2,1,
3109,2017-09-16,UFC Fight Night 116 - Rockhold vs. Branch,UFC Fight Night: Rockhold vs. Branch,ok,10,9,True,2,1,
3205,2017-09-22,UFC Fight Night 117 - St. Preux vs. Okami,UFC Fight Night: Saint Preux vs. Okami,ok,10,9,True,2,1,
3115,2017-10-07,UFC 216 - Ferguson vs. Lee,UFC 216,ok,11,10,True,2,1,Bobby Green
3231,2017-10-21,UFC Fight Night 118 - Cerrone vs. Till,UFC Fight Night: Cowboy vs. Till,ok,11,10,True,2,1,
3108,2017-10-28,UFC Fight Night 119 - Brunson vs. Machida,UFC Fight Night: Brunson vs. Machida,ok,12,12,True,2,1,
3112,2017-11-04,UFC 217 - Bisping vs. St. Pierre,UFC 217,ok,11,11,True,1,0,None awarded
3086,2017-11-11,UFC Fight Night 120 - Poirier vs. Pettis,UFC Fight Night: Poirier vs. Pettis,ok,13,12,True,2,1,
3114,2017-11-18,UFC Fight Night 121 - Werdum vs. Tybura,UFC Fight Night: Werdum vs. Tybura,ok,13,13,True,2,1,
3107,2017-11-25,UFC Fight Night 122 - Bisping vs. Gastelum,UFC Fight Night: Bisping vs. Gastelum,ok,12,10,True,1,0,None awarded
3113,2017-12-01,UFC - The Ultimate Fighter 26 Finale,The Ultimate Fighter: A New World Champion,ok,11,11,False,0,0,
3111,2017-12-02,UFC 218 - Holloway vs. Aldo 2,UFC 218,ok,13,11,True,3,2,Justin Gaethje and Yancy Medeiros
3089,2017-12-09,UFC Fight Night 123 - Swanson vs. Ortega,UFC Fight Night: Swanson vs. Ortega,ok,13,13,True,2,1,
3090,2017-12-16,UFC on Fox 26 - Lawler vs. dos Anjos,UFC on Fox: Lawler vs. dos Anjos,ok,11,10,True,2,1,
3110,2017-12-30,UFC 219 - Cyborg vs. Holm,UFC 219,ok,10,9,True,2,1,Cris Cyborg
3062,2018-01-14,UFC Fight Night 124 - Stephens vs. Choi,UFC Fight Night: Stephens vs. Choi,ok,11,10,True,2,1,
3063,2018-01-20,UFC 220 - Miocic vs. Ngannou,UFC 220,ok,11,11,True,2,1,
3058,2018-01-27,UFC on Fox 27 - Jacare vs. Brunson 2,UFC on Fox: Jacaré vs. Brunson 2,ok,12,9,True,2,1,
3061,2018-02-03,UFC Fight Night 125 - Machida vs. Anders,UFC Fight Night: Machida vs. Anders,ok,11,10,True,2,1,
3060,2018-02-10,UFC 221 - Romero vs. Rockhold,UFC 221,ok,12,12,True,2,1,
3057,2018-02-18,UFC Fight Night 126 - Cerrone vs. Medeiros,UFC Fight Night: Cowboy vs. Medeiros,ok,12,12,True,2,1,
3056,2018-02-24,UFC on Fox 28 - Emmett vs. Stephens,UFC on Fox: Emmett vs. Stephens,ok,12,11,True,2,1,
3059,2018-03-03,UFC 222 - Cyborg vs. Kunitskaya,UFC 222,ok,12,11,True,2,1,
3055,2018-03-17,UFC Fight Night 127 - Werdum vs. Volkov,UFC Fight Night: Werdum vs. Volkov,ok,10,9,True,2,1,Jan Błachowicz
3024,2018-04-07,UFC 223 - Khabib vs. Iaquinta,UFC 223,ok,9,8,True,2,1,
3023,2018-04-14,UFC on Fox 29 - Poirier vs. Gaethje,UFC on Fox: Poirier vs. Gaethje,ok,14,14,True,2,1,
3018,2018-04-21,UFC Fight Night 128 - Barboza vs. Lee,UFC Fight Night: Barboza vs. Lee,ok,11,11,True,2,1,
3017,2018-05-12,UFC 224 - Nunes vs. Pennington,UFC 224,ok,13,11,True,2,1,
3014,2018-05-19,UFC Fight Night 129 - Maia vs. Usman,UFC Fight Night: Maia vs. Usman,ok,13,11,True,2,1,Veronica Macedo
2993,2018-05-27,UFC Fight Night 130 - Thompson vs. Till,UFC Fight Night: Thompson vs. Till,ok,11,11,True,1,0,None awarded
3015,2018-06-01,UFC Fight Night 131 - Rivera vs. Moraes,UFC Fight Night: Rivera vs. Moraes,ok,12,12,True,1,0,None awarded
3016,2018-06-09,UFC 225 - Whittaker vs. Romero 2,UFC 225,ok,13,12,True,0,0,
2906,2018-06-23,UFC Fight Night 132 - Cerrone vs. Edwards,UFC Fight Night: Cowboy vs. Edwards,ok,13,12,True,2,1,
3013,2018-07-06,UFC - The Ultimate Fighter 27 Finale,The Ultimate Fighter: Undefeated,ok,12,12,False,0,0,
3021,2018-07-07,UFC 226 - Miocic vs. Cormier,UFC 226,ok,11,11,True,1,0,None awarded
2981,2018-07-14,UFC Fight Night 133 - Dos Santos vs. Ivanov,UFC Fight Night: dos Santos vs. Ivanov,ok,13,13,True,2,1,
2914,2018-07-22,UFC Fight Night 134 - Shogun vs. Smith,UFC Fight Night: Shogun vs. Smith,ok,13,13,True,2,1,
2913,2018-07-28,UFC on Fox 30 - Alvarez vs. Poirier 2,UFC on Fox: Alvarez vs. Poirier 2,ok,13,10,True,2,1,
2912,2018-08-04,UFC 227 - Dillashaw vs. Garbrandt 2,UFC 227,ok,12,9,True,2,1,
2911,2018-08-25,UFC Fight Night 135 - Gaethje vs. Vick,UFC Fight Night: Gaethje vs. Vick,ok,13,12,True,2,1,
2858,2018-09-08,UFC 228 - Woodley vs. Till,UFC 228,ok,13,13,True,2,1,
2871,2018-09-15,UFC Fight Night 136 - Hunt vs. Oleynik,UFC Fight Night: Hunt vs. Oleinik,ok,12,10,True,1,1,
2857,2018-09-22,UFC Fight Night 137 - Santos vs. Anders,UFC Fight Night: Santos vs. Anders,ok,14,14,True,2,1,
2856,2018-10-06,UFC 229 - Nurmagomedov vs. McGregor,UFC 229,ok,12,11,True,2,1,
2855,2018-10-27,UFC Fight Night 138 - Oezdemir vs. Smith,UFC Fight Night: Volkan vs. Smith,ok,13,13,True,2,1,
2854,2018-11-03,UFC 230 - Cormier vs. Lewis,UFC 230,ok,12,12,True,2,1,
2853,2018-11-10,UFC Fight Night 139 - Korean Zombie vs. Rodriguez,UFC Fight Night: The Korean Zombie vs. Rodríguez,ok,12,11,True,2,1,
2852,2018-11-17,UFC Fight Night 140 - Magny vs. Ponzinibbio,UFC Fight Night: Magny vs. Ponzinibbio,ok,12,11,True,2,1,
2851,2018-11-24,UFC Fight Night 141 - Blaydes vs. Ngannou 2,UFC Fight Night: Blaydes vs. Ngannou 2,ok,12,12,True,2,1,
2850,2018-11-30,UFC - The Ultimate Fighter 28 Finale,The Ultimate Fighter: Heavy Hitters,ok,13,13,False,0,0,
2849,2018-12-01,UFC Fight Night 142 - Dos Santos vs. Tuivasa,UFC Fight Night: dos Santos vs. Tuivasa,ok,12,12,True,2,1,
2848,2018-12-08,UFC 231 - Holloway vs. Ortega,UFC 231,ok,13,11,True,2,1,
2847,2018-12-15,UFC on Fox 31 - Iaquinta vs. Lee 2,UFC on Fox: Lee vs. Iaquinta 2,ok,12,11,True,2,1,
2846,2018-12-29,UFC 232 - Jones vs. Gustafsson 2,UFC 232,ok,13,12,True,2,1,
2779,2019-01-19,UFC Fight Night 143 - Cejudo vs. Dillashaw,UFC Fight Night: Cejudo vs. Dillashaw,ok,13,12,True,2,1,
2777,2019-02-02,UFC Fight Night 144 - Assuncao vs. Moraes 2,UFC Fight Night: Assunção vs. Moraes 2,ok,13,12,True,1,0,None awarded
2780,2019-02-09,UFC 234 - Adesanya vs. Silva,UFC 234,ok,11,10,True,2,1,
2776,2019-02-17,UFC on ESPN 1 - Ngannou vs. Velasquez,UFC on ESPN: Ngannou vs. Velasquez,ok,12,12,True,2,1,
2770,2019-02-23,UFC Fight Night 145 - Blachowicz vs. Santos,UFC Fight Night: Błachowicz vs. Santos,ok,13,11,True,1,0,No bonus awarded
2775,2019-03-02,UFC 235 - Jones vs. Smith,UFC 235,ok,12,11,True,2,1,
2774,2019-03-09,UFC Fight Night 146 - Lewis vs. Dos Santos,UFC Fight Night: Lewis vs. dos Santos,ok,13,12,True,2,1,
2773,2019-03-16,UFC Fight Night 147 - Till vs. Masvidal,UFC Fight Night: Till vs. Masvidal,ok,12,12,True,2,1,
2772,2019-03-23,UFC Fight Night 148 - Thompson vs. Pettis,UFC Fight Night: Thompson vs. Pettis,ok,12,11,True,2,1,
2771,2019-03-30,UFC on ESPN 2 - Barboza vs. Gaethje,UFC on ESPN: Barboza vs. Gaethje,ok,13,13,True,2,1,
2750,2019-04-13,UFC 236 - Holloway vs. Poirier,UFC 236,ok,13,13,True,3,2,Max Holloway and Kelvin Gastelum
2749,2019-04-20,UFC Fight Night 149 - Overeem vs. Oleynik,UFC Fight Night: Overeem vs. Oleinik,ok,11,10,True,2,1,
2748,2019-04-27,UFC Fight Night 150 - Jacare vs. Hermansson,UFC Fight Night: Jacaré vs. Hermansson,ok,13,12,True,2,1,
2747,2019-05-04,UFC Fight Night 151 - Iaquinta vs. Cowboy,UFC Fight Night: Iaquinta vs. Cowboy,ok,12,12,True,2,1,
2746,2019-05-11,UFC 237 - Namajunas vs. Andrade,UFC 237,ok,12,12,True,2,1,
2745,2019-05-18,UFC Fight Night 152 - Dos Anjos vs. Lee,UFC Fight Night: dos Anjos vs. Lee,ok,13,13,True,2,1,
2744,2019-06-01,UFC Fight Night 153 - Gustafsson vs. Smith,UFC Fight Night: Gustafsson vs. Smith,ok,12,12,True,1,0,No bonus awarded
2743,2019-06-08,UFC 238 - Cejudo vs. Moraes,UFC 238,ok,13,11,True,2,1,
2742,2019-06-22,UFC Fight Night 154 - Moicano vs. The Korean Zombie,UFC Fight Night: Moicano vs. The Korean Zombie,ok,11,10,True,2,1,
2741,2019-06-29,UFC on ESPN 3 - Ngannou vs. Dos Santos,UFC on ESPN: Ngannou vs. dos Santos,ok,12,12,True,1,0,No bonus awarded
2709,2019-07-06,UFC 239 - Jones vs. Santos,UFC 239,ok,12,11,True,1,0,No bonus awarded
2672,2019-07-13,UFC Fight Night 155 - De Randamie vs. Ladd,UFC Fight Night: de Randamie vs. Ladd,ok,12,11,True,1,0,No bonus awarded
2671,2019-07-20,UFC on ESPN 4 - Dos Anjos vs. Edwards,UFC on ESPN: dos Anjos vs. Edwards,ok,13,13,True,2,1,
2670,2019-07-27,UFC 240 - Holloway vs. Edgar,UFC 240,ok,11,10,True,2,1,
2669,2019-08-03,UFC on ESPN 5 - Covington vs. Lawler,UFC on ESPN: Covington vs. Lawler,ok,12,12,True,2,1,
2668,2019-08-10,UFC Fight Night 156 - Shevchenko vs. Carmouche 2,UFC Fight Night: Shevchenko vs. Carmouche 2,ok,13,10,True,2,1,
2676,2019-08-17,UFC 241 - Cormier vs. Miocic 2,UFC 241,ok,12,12,True,2,1,
2667,2019-08-31,UFC Fight Night 157 - Andrade vs. Zhang,UFC Fight Night: Andrade vs. Zhang,ok,11,10,True,2,1,
2675,2019-09-07,UFC 242 - Khabib vs. Poirier,UFC 242,ok,13,12,True,1,0,No bonus awarded
2666,2019-09-14,UFC Fight Night 158 - Cowboy vs. Gaethje,UFC Fight Night: Cowboy vs. Gaethje,ok,12,12,True,2,1,
2665,2019-09-21,UFC Fight Night 159 - Rodriguez vs. Stephens,UFC Fight Night: Rodríguez vs. Stephens,ok,12,12,True,2,1,
2664,2019-09-28,UFC Fight Night 160 - Hermansson vs. Cannonier,UFC Fight Night: Hermansson vs. Cannonier,ok,13,13,True,1,0,No bonus awarded
2663,2019-10-05,UFC 243 - Whittaker vs. Adesanya,UFC 243,ok,11,11,True,2,1,
2662,2019-10-12,UFC Fight Night 161 - Jedrzejczyk vs. Waterson,UFC Fight Night: Joanna vs. Waterson,ok,14,13,True,2,1,
2661,2019-10-18,UFC on ESPN 6 - Reyes vs. Weidman,UFC on ESPN: Reyes vs. Weidman,ok,13,13,True,2,1,
2660,2019-10-26,UFC Fight Night 162 - Maia vs. Askren,UFC Fight Night: Maia vs. Askren,ok,11,10,True,2,1,
2659,2019-11-02,UFC 244 - Masvidal vs. Diaz,UFC 244,ok,12,11,True,2,1,
2609,2019-11-09,UFC Fight Night 163 - Magomedsharipov vs. Kattar,UFC Fight Night: Magomedsharipov vs. Kattar,ok,13,13,True,2,1,
2658,2019-11-16,UFC Fight Night 164 - Blachowicz vs. Jacare,UFC Fight Night: Błachowicz vs. Jacaré,ok,12,10,True,1,0,No bonus awarded
2657,2019-12-07,UFC on ESPN 7 - Overeem vs. Rozenstruik,UFC on ESPN: Overeem vs. Rozenstruik,ok,12,11,True,2,1,
2656,2019-12-14,UFC 245 - Usman vs. Covington,UFC 245,ok,13,13,True,2,1,
2655,2019-12-21,UFC Fight Night 165 - Edgar vs. Korean Zombie,UFC Fight Night: Edgar vs. The Korean Zombie,ok,13,13,True,2,1,
2505,2020-01-18,UFC 246 - McGregor vs. Cerrone,UFC 246,ok,11,9,True,1,0,No bonus awarded
2508,2020-01-25,UFC Fight Night 166 - Blaydes vs. dos Santos,UFC Fight Night: Blaydes vs. dos Santos,ok,12,12,True,2,1,
2504,2020-02-08,UFC 247 - Jones vs. Reyes,UFC 247,ok,12,10,True,2,1,
2489,2020-02-15,UFC Fight Night 167 - Anderson vs. Blachowicz 2,UFC Fight Night: Anderson vs. Błachowicz 2,ok,13,11,True,2,1,
2488,2020-02-23,UFC Fight Night 168 - Felder vs. Hooker,UFC Fight Night: Felder vs. Hooker,ok,12,11,True,2,1,
2476,2020-02-29,UFC Fight Night 169 - Benavidez vs. Figueiredo,UFC Fight Night: Benavidez vs. Figueiredo,ok,12,12,True,2,1,
2478,2020-03-07,UFC 248 - Adesanya vs. Romero,UFC 248,ok,11,11,True,2,1,
2503,2020-03-14,UFC Fight Night 170 - Lee vs. Oliveira,UFC Fight Night: Lee vs. Oliveira,ok,12,10,True,2,1,
2464,2020-05-09,UFC 249 - Ferguson vs. Gaethje,UFC 249,ok,11,11,True,2,1,
2426,2020-05-13,UFC Fight Night 171 - Smith vs. Teixeira,UFC Fight Night: Smith vs. Teixeira,ok,10,9,True,2,1,
2442,2020-05-16,UFC on ESPN 8 - Overeem vs. Harris,UFC on ESPN: Overeem vs. Harris,ok,11,11,True,2,1,
2425,2020-05-30,UFC on ESPN 9 - Woodley vs. Burns,UFC on ESPN: Woodley vs. Burns,ok,11,10,True,2,1,
2441,2020-06-06,UFC 250 - Nunes vs. Spencer,UFC 250,ok,12,12,True,1,0,No bonus awarded
2439,2020-06-13,UFC on ESPN 10 - Eye vs. Calvillo,UFC on ESPN: Eye vs. Calvillo,ok,10,10,True,1,0,No bonus awarded
2437,2020-06-20,UFC on ESPN 11 - Blaydes vs. Volkov,UFC on ESPN: Blaydes vs. Volkov,ok,12,10,True,2,1,
2440,2020-06-27,UFC on ESPN 12 - Poirier vs. Hooker,UFC on ESPN: Poirier vs. Hooker,ok,10,10,True,2,1,
2424,2020-07-11,UFC 251 - Usman vs. Masvidal,UFC 251,ok,13,13,True,2,1,
2418,2020-07-15,UFC on ESPN 13 - Kattar vs. Ige,UFC on ESPN: Kattar vs. Ige,ok,11,11,True,2,1,
2422,2020-07-18,UFC Fight Night 172 - Figueiredo vs. Benavidez 2,UFC Fight Night: Figueiredo vs. Benavidez 2,ok,12,12,True,2,1,
2420,2020-07-25,UFC on ESPN 14 - Whittaker vs. Till,UFC on ESPN: Whittaker vs. Till,ok,15,15,True,1,0,No bonus awarded
2417,2020-08-01,UFC Fight Night 173 - Brunson vs. Shahbazyan,UFC Fight Night: Brunson vs. Shahbazyan,ok,8,6,True,2,1,Bobby Green
2413,2020-08-08,UFC Fight Night 174 - Lewis vs. Oleynik,UFC Fight Night: Lewis vs. Oleinik,ok,12,10,True,1,0,No bonus awarded
2445,2020-08-15,UFC 252 - Miocic vs. Cormier 3,UFC 252,ok,11,11,True,2,1,
2415,2020-08-22,UFC on ESPN 15 - Munhoz vs. Edgar,UFC on ESPN: Munhoz vs. Edgar,ok,9,8,True,2,1,
2412,2020-08-29,UFC Fight Night 175 - Smith vs. Rakic,UFC Fight Night: Smith vs. Rakić,ok,10,10,True,2,1,
2397,2020-09-05,UFC Fight Night 176 - Overeem vs. Sakai,UFC Fight Night: Overeem vs. Sakai,ok,7,7,True,1,0,No bonus awarded
2405,2020-09-12,UFC Fight Night 177 - Waterson vs. Hill,UFC Fight Night: Waterson vs. Hill,ok,12,11,True,2,1,
2401,2020-09-19,UFC Fight Night 178 - Covington vs. Woodley,UFC Fight Night: Covington vs. Woodley,ok,14,14,True,1,0,No bonus awarded
2416,2020-09-26,UFC 253 - Adesanya vs. Costa,UFC 253,ok,11,10,True,2,1,
2391,2020-10-03,UFC on ESPN 16 - Holm vs. Aldana,UFC on ESPN: Holm vs. Aldana,ok,11,10,True,1,0,No bonus awarded
2386,2020-10-10,UFC Fight Night 179 - Moraes vs. Sandhagen,UFC Fight Night: Moraes vs. Sandhagen,ok,13,12,True,1,0,No bonus awarded
2390,2020-10-17,UFC Fight Night 180 - Ortega vs. Korean Zombie,UFC Fight Night: Ortega vs. The Korean Zombie,ok,11,10,True,2,1,
2398,2020-10-24,UFC 254 - Nurmagomedov vs. Gaethje,UFC 254,ok,12,12,True,2,1,
2375,2020-10-31,UFC Fight Night 181 - Hall vs. Silva,UFC Fight Night: Hall vs. Silva,ok,11,10,True,1,0,No bonus awarded
2376,2020-11-07,UFC on ESPN 17 - Santos vs. Teixeira,UFC on ESPN: Santos vs. Teixeira,ok,10,10,True,2,1,
2373,2020-11-14,UFC Fight Night 182 - Felder vs. dos Anjos,UFC Fight Night: Felder vs. dos Anjos,ok,9,8,True,2,1,
2385,2020-11-21,UFC 255 - Figueiredo vs. Perez,UFC 255,ok,12,11,True,2,1,
2374,2020-11-28,UFC on ESPN 18 - Smith vs. Clark,UFC on ESPN: Smith vs. Clark,ok,10,10,True,1,0,No bonus awarded
2371,2020-12-05,UFC on ESPN 19 - Hermansson vs. Vettori,UFC on ESPN: Hermansson vs. Vettori,ok,8,8,True,2,1,
2372,2020-12-12,UFC 256 - Figueiredo vs. Moreno,UFC 256,ok,10,8,True,2,1,
2360,2020-12-19,UFC Fight Night 183 - Thompson vs. Neal,UFC Fight Night: Thompson vs. Neal,ok,12,11,True,1,0,No bonus awarded
2355,2021-01-16,UFC on ABC 1 - Holloway vs. Kattar,UFC on ABC: Holloway vs. Kattar,ok,10,10,True,2,1,
2318,2021-01-20,UFC on ESPN 20 - Chiesa vs. Magny,UFC on ESPN: Chiesa vs. Magny,ok,14,13,True,2,1,
2352,2021-01-23,UFC 257 - Poirier vs. McGregor 2,UFC 257,ok,11,10,True,1,0,No bonus awarded
2351,2021-02-06,UFC Fight Night 184 - Overeem vs. Volkov,UFC Fight Night: Overeem vs. Volkov,ok,12,11,True,2,1,
2353,2021-02-13,UFC 258 - Usman vs. Burns,UFC 258,ok,10,10,True,1,0,No bonus awarded
2325,2021-02-20,UFC Fight Night 185 - Blaydes vs. Lewis,UFC Fight Night: Blaydes vs. Lewis,ok,12,10,True,1,0,No bonus awarded
2337,2021-02-27,UFC Fight Night 186 - Rozenstruik vs. Gane,UFC Fight Night: Rozenstruik vs. Gane,ok,9,9,True,2,1,
2327,2021-03-06,UFC 259 - Blachowicz vs. Adesanya,UFC 259,ok,15,14,True,2,1,
2311,2021-03-13,UFC Fight Night 187 - Edwards vs. Muhammad,UFC Fight Night: Edwards vs. Muhammad,ok,13,12,True,1,0,No bonus awarded
2317,2021-03-20,UFC on ESPN 21 - Brunson vs. Holland,UFC on ESPN: Brunson vs. Holland,ok,10,9,True,1,0,No bonus awarded
2300,2021-03-27,UFC 260 - Miocic vs. Ngannou 2,UFC 260,ok,10,10,True,2,1,
2309,2021-04-10,UFC on ABC 2 - Vettori vs. Holland,UFC on ABC: Vettori vs. Holland,ok,13,13,True,2,1,
2291,2021-04-17,UFC on ESPN 22 - Whittaker vs. Gastelum,UFC on ESPN: Whittaker vs. Gastelum,ok,10,10,True,2,1,
2287,2021-04-24,UFC 261 - Usman vs. Masvidal 2,UFC 261,ok,13,12,True,2,1,
2282,2021-05-01,UFC on ESPN 23 - Reyes vs. Prochazka,UFC on ESPN: Reyes vs. Procházka,ok,11,9,True,2,1,
2280,2021-05-08,UFC on ESPN 24 - Rodriguez vs. Waterson,UFC on ESPN: Rodriguez vs. Waterson,ok,9,9,True,2,1,
2276,2021-05-15,UFC 262 - Oliveira vs. Chandler,UFC 262,ok,12,11,True,2,1,
2275,2021-05-22,UFC Fight Night 188 - Font vs. Garbrandt,UFC Fight Night: Font vs. Garbrandt,ok,12,12,True,2,1,
2263,2021-06-05,UFC Fight Night 189 - Rozenstruik vs. Sakai,UFC Fight Night: Rozenstruik vs. Sakai,ok,13,13,True,2,1,
2267,2021-06-12,UFC 263 - Adesanya vs. Vettori 2,UFC 263,ok,14,13,True,2,1,
2264,2021-06-19,UFC on ESPN 25 - Korean Zombie vs. Ige,UFC on ESPN: The Korean Zombie vs. Ige,ok,12,9,True,2,1,
2262,2021-06-26,UFC Fight Night 190 - Gane vs. Volkov,UFC Fight Night: Gane vs. Volkov,ok,13,11,True,2,1,
2255,2021-07-10,UFC 264 - Poirier vs. McGregor 3,UFC 264,ok,12,11,True,2,1,
2254,2021-07-17,UFC on ESPN 26 - Makhachev vs. Moises,UFC on ESPN: Makhachev vs. Moisés,ok,10,10,True,2,1,
2243,2021-07-24,UFC on ESPN 27 - Sandhagen vs. Dillashaw,UFC on ESPN: Sandhagen vs. Dillashaw,ok,11,11,True,2,1,
2239,2021-07-31,UFC on ESPN 28 - Hall vs. Strickland,UFC on ESPN: Hall vs. Strickland,ok,10,9,True,2,1,
2241,2021-08-07,UFC 265 - Lewis vs. Gane,UFC 265,ok,13,11,True,2,1,Bobby Green
2223,2021-08-21,UFC on ESPN 29 - Cannonier vs. Gastelum,UFC on ESPN: Cannonier vs. Gastelum,ok,12,12,True,1,0,No bonus awarded
2226,2021-08-28,UFC on ESPN 30 - Barboza vs. Chikadze,UFC on ESPN: Barboza vs. Chikadze,ok,12,10,True,1,0,No bonus awarded
2202,2021-09-04,UFC Fight Night 191 - Brunson vs. Till,UFC Fight Night: Brunson vs. Till,ok,9,9,True,2,1,
2218,2021-09-18,UFC Fight Night 192 - Smith vs. Spann,UFC Fight Night: Smith vs. Spann,ok,14,13,True,1,0,No bonus awarded
2240,2021-09-25,UFC 266 - Volkanovski vs. Ortega,UFC 266,ok,13,13,True,2,1,
2224,2021-10-02,UFC Fight Night 193 - Santos vs. Walker,UFC Fight Night: Santos vs. Walker,ok,12,12,True,1,0,No bonus awarded
2190,2021-10-09,UFC Fight Night 194 - Dern vs. Rodriguez,UFC Fight Night: Dern vs. Rodriguez,ok,9,9,True,2,1,
2186,2021-10-16,UFC Fight Night 195 - Ladd vs. Dumont,UFC Fight Night: Ladd vs. Dumont,ok,10,10,True,1,0,No bonus awarded
2109,2021-10-23,UFC Fight Night 196 - Costa vs. Vettori,UFC Fight Night: Costa vs. Vettori,ok,14,13,True,2,1,
2189,2021-10-30,UFC 267 - Blachowicz vs. Teixeira,UFC 267,ok,14,13,True,2,1,
2107,2021-11-06,UFC 268 - Usman vs. Covington 2,UFC 268,ok,14,13,True,2,1,
2104,2021-11-13,UFC Fight Night 197 - Holloway vs. Rodriguez,UFC Fight Night: Holloway vs. Rodríguez,ok,11,10,True,2,1,
2103,2021-11-20,UFC Fight Night 198 - Vieira vs. Tate,UFC Fight Night: Vieira vs. Tate,ok,11,10,True,2,1,
2087,2021-12-04,UFC on ESPN 31 - Font vs. Aldo,UFC on ESPN: Font vs. Aldo,ok,13,13,True,2,1,
2102,2021-12-11,UFC 269 - Oliveira vs. Poirier,UFC 269,ok,14,14,True,2,1,
2093,2021-12-18,UFC Fight Night 199 - Lewis vs. Daukaus,UFC Fight Night: Lewis vs. Daukaus,ok,13,13,True,2,1,
2074,2022-01-15,UFC on ESPN 32 - Kattar vs. Chikadze,UFC on ESPN: Kattar vs. Chikadze,ok,10,9,True,2,1,
2071,2022-01-22,UFC 270 - Ngannou vs. Gane,UFC 270,ok,11,11,True,2,1,
2067,2022-02-05,UFC Fight Night 200 - Hermansson vs. Strickland,UFC Fight Night: Hermansson vs. Strickland,ok,13,13,True,2,1,
2062,2022-02-12,UFC 271 - Adesanya vs. Whittaker 2,UFC 271,ok,14,12,True,2,1,
2052,2022-02-19,UFC Fight Night 201 - Walker vs. Hill,UFC Fight Night: Walker vs. Hill,ok,12,12,True,1,0,No bonus awarded
2050,2022-02-26,UFC Fight Night 202 - Makhachev vs. Green,UFC Fight Night: Makhachev vs. Green,ok,11,10,True,2,1,
2031,2022-03-05,UFC 272 - Covington vs. Masvidal,UFC 272,ok,13,12,True,2,1,
2035,2022-03-12,UFC Fight Night 203 - Santos vs. Ankalaev,UFC Fight Night: Santos vs. Ankalaev,ok,14,13,True,1,0,No bonus awarded
2038,2022-03-19,UFC Fight Night 204 - Volkov vs. Aspinall,UFC Fight Night: Volkov vs. Aspinall,ok,12,11,True,1,0,No bonus awarded
2036,2022-03-26,UFC on ESPN 33 - Blaydes vs. Daukaus,UFC on ESPN: Blaydes vs. Daukaus,ok,12,12,True,2,1,
2006,2022-04-09,UFC 273 - Volkanovski vs. Korean Zombie,UFC 273,ok,12,10,True,2,1,
1998,2022-04-16,UFC on ESPN 34 - Luque vs. Muhammad 2,UFC on ESPN: Luque vs. Muhammad 2,ok,14,14,True,2,1,
1991,2022-04-23,UFC Fight Night 205 - Lemos vs. Andrade,UFC Fight Night: Lemos vs. Andrade,ok,11,10,True,2,1,
1988,2022-04-30,UFC on ESPN 35 - Font vs. Vera,UFC on ESPN: Font vs. Vera,ok,11,11,True,2,1,
2019,2022-05-07,UFC 274 - Oliveira vs. Gaethje,UFC 274,ok,14,13,True,2,1,
1992,2022-05-14,UFC on ESPN 36 - Blachowicz vs. Rakic,UFC on ESPN: Błachowicz vs. Rakić,ok,11,9,True,2,1,Katlyn Chookagian
1978,2022-05-21,UFC Fight Night 206 - Holm vs. Vieira,UFC Fight Night: Holm vs. Vieira,ok,11,11,True,2,1,
1964,2022-06-04,UFC Fight Night 207 - Volkov vs. Rozenstruik,UFC Fight Night: Volkov vs. Rozenstruik,ok,14,13,False,0,0,
1961,2022-06-12,UFC 275 - Teixeira vs. Prochazka,UFC 275,ok,11,11,True,2,1,
1934,2022-06-18,UFC on ESPN 37 - Kattar vs. Emmett,UFC on ESPN: Kattar vs. Emmett,ok,13,13,True,2,1,
1935,2022-06-25,UFC on ESPN 38 - Tsarukyan vs. Gamrot,UFC on ESPN: Tsarukyan vs. Gamrot,ok,12,11,True,2,1,
1985,2022-07-02,UFC 276 - Adesanya vs. Cannonier,UFC 276,ok,12,12,True,2,1,
1926,2022-07-09,UFC on ESPN 39 - Dos Anjos vs. Fiziev,UFC on ESPN: dos Anjos vs. Fiziev,ok,11,11,True,2,1,
1923,2022-07-16,UFC on ABC 3 - Ortega vs. Rodriguez,UFC on ABC: Ortega vs. Rodríguez,ok,12,12,True,2,1,
1913,2022-07-23,UFC Fight Night 208 - Blaydes vs. Aspinall,UFC Fight Night: Blaydes vs. Aspinall,ok,14,14,True,1,0,No bonus awarded
1936,2022-07-30,UFC 277 - Pena vs. Nunes 2,UFC 277,ok,13,13,True,2,1,
1897,2022-08-06,UFC on ESPN 40 - Santos vs. Hill,UFC on ESPN: Santos vs. Hill,ok,10,10,True,2,1,
1895,2022-08-13,UFC on ESPN 41 - Vera vs. Cruz,UFC on ESPN: Vera vs. Cruz,ok,13,12,True,2,1,
1894,2022-08-20,UFC 278 - Usman vs. Edwards 2,UFC 278,ok,12,12,True,2,1,
1898,2022-09-03,UFC Fight Night 209 - Gane vs. Tuivasa,UFC Fight Night: Gane vs. Tuivasa,ok,12,12,True,2,1,
1892,2022-09-10,UFC 279 - Diaz vs. Ferguson,UFC 279,ok,13,13,True,1,0,No bonus awarded
1868,2022-09-17,UFC Fight Night 210 - Sandhagen vs. Song,UFC Fight Night: Sandhagen vs. Song,ok,13,12,True,2,1,
1880,2022-10-01,UFC Fight Night 211 - Dern vs. Yan,UFC Fight Night: Dern vs. Yan,ok,11,10,True,2,1,
1860,2022-10-15,UFC Fight Night 212 - Grasso vs. Araujo,UFC Fight Night: Grasso vs. Araújo,ok,11,11,True,2,1,
1950,2022-10-22,UFC 280 - Oliveira vs. Makhachev,UFC 280,ok,12,10,True,2,1,
1853,2022-10-29,UFC Fight Night 213 - Kattar vs. Allen,UFC Fight Night: Kattar vs. Allen,ok,11,11,True,1,0,No bonus awarded
1854,2022-11-05,UFC Fight Night 214 - Rodriguez vs. Lemos,UFC Fight Night: Rodriguez vs. Lemos,ok,11,11,True,1,0,No bonus awarded
1856,2022-11-12,UFC 281 - Adesanya vs. Pereira,UFC 281,ok,14,13,True,2,1,
1852,2022-11-19,UFC Fight Night 215 - Nzechukwu vs. Cutelaba,UFC Fight Night: Nzechukwu vs. Cuțelaba,ok,11,11,True,1,0,No bonus awarded
1851,2022-12-03,UFC on ESPN 42 - Thompson vs. Holland,UFC on ESPN: Thompson vs. Holland,ok,14,14,True,2,1,
1855,2022-12-10,UFC 282 - Blachowicz vs. Ankalaev,UFC 282,ok,12,11,True,2,1,
1850,2022-12-17,UFC Fight Night 216 - Cannonier vs. Strickland,UFC Fight Night: Cannonier vs. Strickland,ok,13,12,True,2,1,Bobby Green
1788,2023-01-14,UFC Fight Night 217 - Strickland vs. Imavov,UFC Fight Night: Strickland vs. Imavov,ok,11,11,True,1,0,No bonus awarded
1825,2023-01-21,UFC 283 - Teixeira vs. Hill,UFC 283,ok,15,15,True,2,1,
1349,2023-02-04,UFC Fight Night 218 - Lewis vs. Spivak,UFC Fight Night: Lewis vs. Spivac,ok,11,11,True,1,0,No bonus awarded
1786,2023-02-11,UFC 284 - Makhachev vs. Volkanovski,UFC 284,ok,13,12,True,2,1,
1340,2023-02-18,UFC Fight Night 219 - Andrade vs. Blanchfield,UFC Fight Night: Andrade vs. Blanchfield,ok,11,11,True,2,1,
1326,2023-02-25,UFC Fight Night 220 - Muniz vs. Allen,UFC Fight Night: Muniz vs. Allen,ok,10,10,True,1,0,No bonus awarded
1343,2023-03-04,UFC 285 - Jones vs. Gane,UFC 285,ok,14,14,True,2,1,
1319,2023-03-11,UFC Fight Night 221 - Yan vs. Dvalishvili,UFC Fight Night: Yan vs. Dvalishvili,ok,13,11,True,2,1,
1310,2023-03-18,UFC 286 - Edwards vs. Usman 3,UFC 286,ok,15,15,True,2,1,
1314,2023-03-25,UFC on ESPN 43 - Vera vs. Sandhagen,UFC on ESPN: Vera vs. Sandhagen,ok,10,9,True,2,1,Daniel da Silva
1294,2023-04-08,UFC 287 - Pereira vs. Adesanya 2,UFC 287,ok,12,12,True,2,1,
1278,2023-04-15,UFC on ESPN 44 - Holloway vs. Allen,UFC on ESPN: Holloway vs. Allen,ok,14,14,True,2,1,
1277,2023-04-22,UFC Fight Night 222 - Pavlovich vs. Blaydes,UFC Fight Night: Pavlovich vs. Blaydes,ok,11,10,True,1,0,Not awarded
1272,2023-04-29,UFC on ESPN 45 - Song vs. Simon,UFC on ESPN: Song vs. Simón,ok,11,11,True,1,0,No bonus awarded
1271,2023-05-06,UFC 288 - Sterling vs. Cejudo,UFC 288,ok,12,11,True,2,1,
1251,2023-05-13,UFC on ABC 4 - Rozenstruik vs. Almeida,UFC on ABC: Rozenstruik vs. Almeida,ok,11,11,True,1,0,No bonus awarded
1241,2023-05-20,UFC Fight Night 223 - Dern vs. Hill,UFC Fight Night: Dern vs. Hill,ok,12,12,True,2,1,
1225,2023-06-03,UFC on ESPN 46 - Kara-France vs. Albazi,UFC on ESPN: Kara-France vs. Albazi,ok,13,13,True,2,1,
1221,2023-06-10,UFC 289 - Nunes vs. Aldana,UFC 289,ok,11,11,True,2,1,
1215,2023-06-17,UFC on ESPN 47 - Vettori vs. Cannonier,UFC on ESPN: Vettori vs. Cannonier,ok,12,12,True,2,1,
1213,2023-06-24,UFC on ABC 5 - Emmett vs. Topuria,UFC on ABC: Emmett vs. Topuria,ok,13,12,True,2,1,
1195,2023-07-01,UFC on ESPN 48 - Strickland vs. Magomedov,UFC on ESPN: Strickland vs. Magomedov,ok,12,12,True,2,1,Elves Brenner
1236,2023-07-08,UFC 290 - Volkanovski vs. Rodriguez,UFC 290,ok,13,13,True,2,1,
1191,2023-07-15,UFC on ESPN 49 - Holm vs. Bueno Silva,UFC on ESPN: Holm vs. Bueno Silva,ok,13,12,True,2,1,
1210,2023-07-22,UFC Fight Night 224 - Aspinall vs. Tybura,UFC Fight Night: Aspinall vs. Tybura,ok,15,15,True,2,1,
1194,2023-07-29,UFC 291 - Poirier vs. Gaethje 2,UFC 291,ok,11,9,True,1,0,No bonus awarded
1169,2023-08-05,UFC on ESPN 50 - Sandhagen vs. Font,UFC on ESPN: Sandhagen vs. Font,ok,12,12,True,1,0,No bonus awarded
1174,2023-08-12,UFC on ESPN 51 - Luque vs. dos Anjos,UFC on ESPN: Luque vs. dos Anjos,ok,13,12,True,1,0,No bonus awarded
1189,2023-08-19,UFC 292 - Sterling vs. O'Malley,UFC 292,ok,12,12,True,2,1,
1144,2023-08-26,UFC Fight Night 225 - Holloway vs. Korean Zombie,UFC Fight Night: Holloway vs. The Korean Zombie,ok,13,11,True,2,1,
1151,2023-09-02,UFC Fight Night 226 - Gane vs. Spivak,UFC Fight Night: Gane vs. Spivac,ok,11,11,True,2,1,
1158,2023-09-09,UFC 293 - Adesanya vs. Strickland,UFC 293,ok,12,11,True,2,1,
1156,2023-09-16,UFC Fight Night 227 - Grasso vs. Shevchenko 2,UFC Fight Night: Grasso vs. Shevchenko 2,ok,11,11,True,1,0,No bonus awarded
1155,2023-09-23,UFC Fight Night 228 - Fiziev vs. Gamrot,UFC Fight Night: Fiziev vs. Gamrot,ok,11,10,True,2,1,
1154,2023-10-07,UFC Fight Night 229 - Dawson vs. Green,UFC Fight Night: Dawson vs. Green,ok,10,8,True,1,0,No bonus awarded
1108,2023-10-14,UFC Fight Night 230 - Yusuff vs. Barboza,UFC Fight Night: Yusuff vs. Barboza,ok,11,11,True,2,1,
1222,2023-10-21,UFC 294 - Makhachev vs. Volkanovski 2,UFC 294,ok,13,13,True,1,0,No bonus awarded
1152,2023-11-04,UFC Fight Night 231 - Almeida vs. Lewis,UFC Fight Night: Almeida vs. Lewis,ok,10,10,True,2,1,
1115,2023-11-11,UFC 295 - Prochazka vs. Pereira,UFC 295,ok,13,12,True,2,1,
1153,2023-11-18,UFC Fight Night 232 - Allen vs. Craig,UFC Fight Night: Allen vs. Craig,ok,14,14,True,1,0,No bonus awarded
1072,2023-12-02,UFC on ESPN 52 - Dariush vs. Tsarukyan,UFC on ESPN: Dariush vs. Tsarukyan,ok,12,11,True,2,1,
1065,2023-12-09,UFC Fight Night 233 - Song vs. Gutierrez,UFC Fight Night: Song vs. Gutiérrez,ok,11,11,True,1,0,No bonus awarded
1157,2023-12-16,UFC 296 - Edwards vs. Covington,UFC 296,ok,12,12,True,2,1,
1061,2024-01-13,UFC Fight Night 234 - Ankalaev vs. Walker 2,UFC Fight Night: Ankalaev vs. Walker 2,ok,11,11,True,1,0,No bonus awarded
1051,2024-01-20,UFC 297 - Strickland vs. Du Plessis,UFC 297,ok,12,12,True,2,1,
1025,2024-02-03,UFC Fight Night 235 - Dolidze vs. Imavov,UFC Fight Night: Dolidze vs. Imavov,ok,13,12,True,2,1,
1020,2024-02-10,UFC Fight Night 236 - Hermansson vs. Pyfer,UFC Fight Night: Hermansson vs. Pyfer,ok,14,13,True,1,0,No bonus awarded
1024,2024-02-17,UFC 298 - Volkanovski vs. Topuria,UFC 298,ok,12,12,True,2,1,
1017,2024-02-24,UFC Fight Night 237 - Moreno vs. Royval 2,UFC Fight Night: Moreno vs. Royval 2,ok,12,12,True,2,1,
1029,2024-03-02,UFC Fight Night 238 - Rozenstruik vs. Gaziev,UFC Fight Night: Rozenstruik vs. Gaziev,ok,11,9,True,2,1,Bernardo Sopaj
1023,2024-03-09,UFC 299 - O'Malley vs. Vera 2,UFC 299,ok,14,14,True,2,1,
930,2024-03-16,UFC Fight Night 239 - Tuivasa vs. Tybura,UFC Fight Night: Tuivasa vs. Tybura,ok,13,13,True,1,0,No bonus awarded
929,2024-03-23,UFC on ESPN 53 - Ribas vs. Namajunas,UFC on ESPN: Ribas vs. Namajunas,ok,13,13,True,2,1,
938,2024-03-30,UFC on ESPN 54 - Blanchfield vs. Fiorot,UFC on ESPN: Blanchfield vs. Fiorot,ok,13,12,True,2,1,
913,2024-04-06,UFC Fight Night 240 - Allen vs. Curtis 2,UFC Fight Night: Allen vs. Curtis 2,ok,12,10,True,2,1,
922,2024-04-13,UFC 300 - Pereira vs. Hill,UFC 300,ok,13,11,True,2,1,
889,2024-04-27,UFC on ESPN 55 - Nicolau vs. Perez,UFC on ESPN: Nicolau vs. Perez,ok,13,13,True,1,0,No bonus awarded
888,2024-05-04,UFC 301 - Pantoja vs. Erceg,UFC 301,ok,13,13,True,1,0,No bonus awarded
870,2024-05-11,UFC on ESPN 56 - Lewis vs. Nascimento,UFC on ESPN: Lewis vs. Nascimento,ok,12,11,True,2,1,
871,2024-05-18,UFC Fight Night 241 - Barboza vs. Murphy,UFC Fight Night: Barboza vs. Murphy,ok,12,10,True,2,1,
869,2024-06-01,UFC 302 - Makhachev vs. Poirier,UFC 302,ok,12,12,True,2,1,
825,2024-06-08,UFC on ESPN 57 - Cannonier vs. Imavov,UFC on ESPN: Cannonier vs. Imavov,ok,14,14,True,1,0,No bonus awarded
826,2024-06-15,UFC on ESPN 58 - Perez vs. Taira,UFC on ESPN: Perez vs. Taira,ok,11,11,True,2,1,
879,2024-06-22,UFC on ABC 6 - Whittaker vs. Aliskerov,UFC on ABC: Whittaker vs. Aliskerov,ok,11,11,True,1,0,No bonus awarded
875,2024-06-29,UFC 303 - Pereira vs. Prochazka 2,UFC 303,ok,13,13,True,2,1,
820,2024-07-13,UFC on ESPN 59 - Namajunas vs. Cortez,UFC on ESPN: Namajunas vs. Cortez,ok,12,12,True,2,1,
795,2024-07-20,UFC on ESPN 60 - Lemos vs. Jandiroba,UFC on ESPN: Lemos vs. Jandiroba,ok,11,11,True,1,0,No bonus awarded
796,2024-07-27,UFC 304 - Edwards vs. Muhammad 2,UFC 304,ok,14,13,True,1,0,No bonus awarded
846,2024-08-03,UFC on ABC 7 - Sandhagen vs. Nurmagomedov,UFC on ABC: Sandhagen vs. Nurmagomedov,ok,13,12,True,2,1,Michał Oleksiejczuk
797,2024-08-10,UFC on ESPN 61 - Tybura vs. Spivac 2,UFC on ESPN: Tybura vs. Spivac 2,ok,10,9,True,1,0,No bonus awarded
821,2024-08-17,UFC 305 - Du Plessis vs. Adesanya,UFC 305,ok,12,12,True,2,1,
764,2024-08-24,UFC on ESPN 62 - Cannonier vs. Borralho,UFC on ESPN: Cannonier vs. Borralho,ok,11,11,True,2,1,
771,2024-09-07,UFC Fight Night 242 - Burns vs. Brady,UFC Fight Night: Burns vs. Brady,ok,12,12,True,2,1,
921,2024-09-14,UFC 306 - Noche UFC: O'Malley vs. Dvalishvili,UFC 306,ok,10,10,True,2,1,
827,2024-09-28,UFC Fight Night 243 - Moicano vs. St. Denis,UFC Fight Night: Moicano vs. Saint Denis,ok,14,13,True,1,0,No bonus awarded
770,2024-10-05,UFC 307 - Pereira vs. Rountree,UFC 307,ok,12,12,True,2,1,
735,2024-10-12,UFC Fight Night 244 - Royval vs. Taira,UFC Fight Night: Royval vs. Taira,ok,12,12,True,2,1,
727,2024-10-19,UFC Fight Night 245 - Hernandez vs. Pereira,UFC Fight Night: Hernandez vs. Pereira,ok,11,11,True,2,1,
811,2024-10-26,UFC 308 - Topuria vs. Holloway,UFC 308,ok,13,13,True,2,1,
722,2024-11-02,UFC Fight Night 246 - Moreno vs. Albazi,UFC Fight Night: Moreno vs. Albazi,ok,13,13,True,1,0,No bonus awarded
718,2024-11-09,UFC Fight Night 247 - Magny vs. Prates,UFC Fight Night: Magny vs. Prates,ok,11,10,True,1,0,No bonus awarded
717,2024-11-16,UFC 309 - Jones vs. Miocic,UFC 309,ok,12,12,True,2,1,
712,2024-11-23,UFC Fight Night 248 - Yan vs. Figueiredo,UFC Fight Night: Yan vs. Figueiredo,ok,13,12,True,1,0,No bonus awarded
736,2024-12-07,UFC 310 - Pantoja vs. Asakura,UFC 310,ok,14,13,True,1,0,No bonus awarded
711,2024-12-14,UFC on ESPN 63 - Covington vs. Buckley,UFC on ESPN: Covington vs. Buckley,ok,13,12,True,2,1,
689,2025-01-11,UFC Fight Night 249 - Dern vs. Ribas 2,UFC Fight Night: Dern vs. Ribas 2,ok,14,14,True,2,1,
676,2025-01-18,UFC 311 - Makhachev vs. Moicano,UFC 311,ok,13,11,True,2,1,
663,2025-02-01,UFC Fight Night 250 - Adesanya vs. Imavov,UFC Fight Night: Adesanya vs. Imavov,ok,11,11,True,2,1,
667,2025-02-08,UFC 312 - Du Plessis vs. Strickland 2,UFC 312,ok,12,12,True,2,1,
650,2025-02-15,UFC Fight Night 251 - Cannonier vs. Rodrigues,UFC Fight Night: Cannonier vs. Rodrigues,ok,12,11,True,2,1,
651,2025-02-22,UFC Fight Night 252 - Cejudo vs. Song,UFC Fight Night: Cejudo vs. Song,ok,12,12,True,2,1,
652,2025-03-01,UFC Fight Night 253 - Kape vs. Almabayev,UFC Fight Night: Kape vs. Almabayev,ok,10,8,True,2,1,
647,2025-03-08,UFC 313 - Pereira vs. Ankalaev,UFC 313,ok,10,9,True,2,1,
646,2025-03-15,UFC Fight Night 254 - Vettori vs. Dolidze 2,UFC Fight Night: Vettori vs. Dolidze 2,ok,13,12,True,1,0,No bonus awarded
648,2025-03-22,UFC Fight Night 255 - Edwards vs. Brady,UFC Fight Night: Edwards vs. Brady,ok,13,12,True,1,0,No bonus awarded
645,2025-03-29,UFC on ESPN 64 - Moreno vs. Erceg,UFC on ESPN: Moreno vs. Erceg,ok,12,11,True,1,0,No bonus awarded
620,2025-04-05,UFC on ESPN 65 - Emmett vs. Murphy,UFC on ESPN: Emmett vs. Murphy,ok,12,11,True,1,0,No bonus awarded
546,2025-04-12,UFC 314 - Volkanovski vs. Lopes,UFC 314,ok,13,12,True,2,1,
527,2025-04-26,UFC on ESPN 66 - Garry vs. Prates,UFC on ESPN: Machado Garry vs. Prates,ok,14,14,True,2,1,
523,2025-05-03,UFC on ESPN 67 - Sandhagen vs. Figueiredo,UFC on ESPN: Sandhagen vs. Figueiredo,ok,12,12,True,1,0,No bonus awarded
520,2025-05-10,UFC 315 - Muhammad vs. Della Maddalena,UFC 315,ok,12,12,True,2,1,
510,2025-05-17,UFC Fight Night 256 - Burns vs. Morales,UFC Fight Night: Burns vs. Morales,ok,11,11,True,2,1,
522,2025-05-31,UFC on ESPN 68 - Blanchfield vs. Barber,UFC on ESPN: Gamrot vs. Klein,ok,9,9,True,2,1,
512,2025-06-07,UFC 316 - Dvalishvili vs. O'Malley 2,UFC 316,ok,13,12,True,1,0,No bonus awarded
484,2025-06-14,UFC on ESPN 69 - Usman vs. Buckley,UFC on ESPN: Usman vs. Buckley,ok,13,13,True,2,1,
486,2025-06-21,UFC on ABC 8 - Hill vs. Rountree,UFC on ABC: Hill vs. Rountree Jr.,ok,12,11,True,2,1,
498,2025-06-28,UFC 317 - Topuria vs. Oliveira,UFC 317,ok,11,10,True,2,1,
471,2025-07-12,UFC on ESPN 70 - Lewis vs. Teixeira,UFC on ESPN: Lewis vs. Teixeira,ok,12,11,True,2,1,
461,2025-07-19,UFC 318 - Holloway vs. Poirier 3,UFC 318,ok,14,12,True,2,1,
485,2025-07-26,UFC on ABC 9 - Whittaker vs. de Ridder,UFC on ABC: Whittaker vs. de Ridder,ok,12,11,True,2,1,
444,2025-08-02,UFC on ESPN 71 - Taira vs. Park,UFC on ESPN: Taira vs. Park,ok,12,12,True,3,2,Mateusz Rębecki and Esteban Ribovics
443,2025-08-09,UFC on ESPN 72 - Dolidze vs. Hernandez,UFC on ESPN: Dolidze vs. Hernandez,ok,12,12,True,1,0,No bonus awarded
439,2025-08-16,UFC 319 - Du Plessis vs. Chimaev,UFC 319,ok,12,10,True,1,0,No bonus awarded
431,2025-08-23,UFC Fight Night 257 - Walker vs. Zhang,UFC Fight Night: Walker vs. Zhang,ok,12,12,True,1,0,No bonus awarded
418,2025-09-06,UFC Fight Night 258 - Imavov vs. Borralho,UFC Fight Night: Imavov vs. Borralho,ok,13,12,True,1,0,No bonus awarded
473,2025-09-13,UFC Fight Night 259 - Noche UFC: Lopes vs. Silva,UFC Fight Night: Lopes vs. Silva,ok,14,14,True,2,1,
387,2025-09-27,UFC Fight Night 260 - Ulberg vs. Reyes,UFC Fight Night: Ulberg vs. Reyes,ok,12,11,True,1,0,No bonus awarded
413,2025-10-04,UFC 320 - Ankalaev vs. Pereira 2,UFC 320,ok,14,13,True,2,1,
382,2025-10-11,UFC Fight Night 261 - Oliveira vs. Gamrot,UFC Fight Night: Oliveira vs. Gamrot,ok,12,12,True,1,0,No bonus awarded
412,2025-10-18,UFC Fight Night 262 - De Ridder vs. Allen,UFC Fight Night: de Ridder vs. Allen,ok,13,13,True,2,1,
394,2025-10-25,UFC 321 - Aspinall vs. Gane,UFC 321,ok,13,13,True,2,1,
366,2025-11-01,UFC Fight Night 263 - Garcia vs. Onama,UFC Fight Night: Garcia vs. Onama,ok,13,13,True,1,0,No bonus awarded
359,2025-11-08,UFC Fight Night 264 - Bonfim vs. Brown,UFC Fight Night: Bonfim vs. Brown,ok,12,12,True,1,0,No bonus awarded
360,2025-11-15,UFC 322 - Della Maddalena vs. Makhachev,UFC 322,ok,14,13,True,1,0,No bonus awarded
388,2025-11-22,UFC Fight Night 265 - Tsarukyan vs. Hooker,UFC Fight Night: Tsarukyan vs. Hooker,ok,14,13,True,1,0,No bonus awarded
361,2025-12-06,UFC 323 - Dvalishvili vs. Yan 2,UFC 323,ok,14,13,True,2,1,
352,2025-12-13,UFC on ESPN 73 - Royval vs. Kape,UFC on ESPN: Royval vs. Kape,ok,12,11,True,2,1,
301,2026-01-24,UFC 324 - Gaethje vs. Pimblett,UFC 324,ok,11,11,True,2,1,
296,2026-01-31,UFC 325 - Volkanovski vs. Lopes 2,UFC 325,ok,13,12,True,2,1,
294,2026-02-07,UFC Fight Night 266 - Bautista vs. Oliveira,UFC Fight Night: Bautista vs. Oliveira,ok,13,11,True,2,1,Michał Oleksiejczuk
287,2026-02-21,UFC Fight Night 267 - Strickland vs. Hernandez,UFC Fight Night: Strickland vs. Hernandez,ok,14,14,True,1,0,No bonus awarded
295,2026-02-28,UFC Fight Night 268 - Moreno vs. Kavanagh,UFC Fight Night: Moreno vs. Kavanagh,ok,13,13,True,2,1,
289,2026-03-07,UFC 326 - Holloway vs. Oliveira 2,UFC 326,ok,12,12,True,1,0,No bonus awarded
286,2026-03-14,UFC Fight Night 269 - Emmett vs. Vallejos,UFC Fight Night: Emmett vs. Vallejos,ok,14,14,True,2,1,
288,2026-03-21,UFC Fight Night 270 - Evloev vs. Murphy,UFC Fight Night: Evloev vs. Murphy,ok,13,13,True,2,1,
285,2026-03-28,UFC Fight Night 271 - Adesanya vs. Pyfer,UFC Fight Night: Adesanya vs. Pyfer,ok,13,13,True,2,1,
250,2026-04-04,UFC Fight Night 272 - Moicano vs. Duncan,UFC Fight Night: Moicano vs. Duncan,ok,13,11,True,2,1,
271,2026-04-11,UFC 327 - Prochazka vs. Ulberg,UFC 327,ok,12,10,True,2,1,
235,2026-04-18,UFC Fight Night 273 - Burns vs. Malott,UFC Fight Night: Burns vs. Malott,ok,12,10,True,2,1,
231,2026-04-25,UFC Fight Night 274 - Sterling vs. Zalal,UFC Fight Night: Sterling vs. Zalal,ok,13,12,True,2,1,
219,2026-05-02,UFC Fight Night 275 - Della Maddalena vs. Prates,UFC Fight Night: Della Maddalena vs. Prates,ok,13,12,True,2,1,
213,2026-05-09,UFC 328 - Chimaev vs. Strickland,UFC 328,ok,13,13,True,2,1,
224,2026-05-16,UFC Fight Night 276 - Allen vs. Costa,UFC Fight Night: Allen vs. Costa,ok,13,10,True,2,1,
239,2026-05-30,UFC Fight Night 277 - Song vs. Figueiredo,UFC Fight Night: Song vs. Figueiredo,ok,13,12,True,2,1,
208,2026-06-06,UFC Fight Night 278 - Muhammad vs. Bonfim,UFC Fight Night: Muhammad vs. Bonfim,ok,12,12,True,2,1,
210,2026-06-14,UFC White House - Freedom 250: Topuria vs. Gaethje,UFC Freedom 250,ok,7,7,True,2,1,
138,2026-06-20,UFC Fight Night 279 - Kape vs. Horiguchi 2,UFC Fight Night: Kape vs. Horiguchi,ok,12,12,True,2,1,
137,2026-06-27,UFC Fight Night 280 - Fiziev vs. Torres,UFC Fight Night: Fiziev vs. Torres,ok,13,12,True,1,0,No bonus awarded
220,2026-07-11,UFC 329 - McGregor vs. Holloway 2,UFC 329,ok,14,14,True,2,1,
110,2026-07-18,UFC Fight Night 281 - Du Plessis vs. Usman,UFC Fight Night: du Plessis vs. Usman,ok,12,11,True,2,1,
90,2026-07-25,UFC Fight Night 282 - Ankalaev vs. Guskov,UFC Fight Night: Ankalaev vs. Guskov,ok,12,12,True,2,1,
103,2026-08-01,UFC Fight Night 283 - Medic vs. Rodriguez,UFC Fight Night: Medić vs. Rodriguez,ok,14,13,True,1,0,No bonus awarded
89,2026-08-08,UFC Fight Night 284 - Gamrot vs. Salkilld,UFC Fight Night: Gamrot vs. Salkilld,ok,12,11,True,2,1,
116,2026-08-15,UFC 330 - Makhachev vs. Garry,UFC 330,ok,12,12,True,1,0,No bonus awarded
