asked,article,redirect
Andrei Arlovski,Andrei Arlovski,Andrei arlovski
Andrei Arlovski,Andrei Arlovski,Andrei Arlovsky
Andrei Arlovski,Andrei Arlovski,"Andrei ""The Pitbull"" Arlovski"
Andrei Arlovski,Andrei Arlovski,Andrei Arlowski
Andrei Arlovski,Andrei Arlovski,Arlovsky
Andrei Arlovski,Andrei Arlovski,Andre Arlovski
Anderson Silva,Anderson Silva,"Anderson ""The Spider"" Silva"
Anderson Silva,Anderson Silva,Anderson The Spider Silva
Anderson Silva,Anderson Silva,Spider Silva
Anderson Silva,Anderson Silva,Anderson Silva: Like Water
Alexis Davis (fighter),Alexis Davis (fighter),Alexis Davis (MMA)
Alexander Gustafsson,Alexander Gustafsson,The Mauler
Alexander Gustafsson,Alexander Gustafsson,"Gustafsson, Alexander"
Aleksei Oleinik,Aleksei Oleinik,Alexey Oleinik
Aleksei Oleinik,Aleksei Oleinik,Alexey Oleynik
Aleksei Oleinik,Aleksei Oleinik,The Boa Constrictor
Alex Caceres,Alex Caceres,Bruce leeroy
Alex Pereira,Alex Pereira,Alex Sandro Pereira
Alex Pereira,Alex Pereira,Alexsandro Pereira
Alex Pereira,Alex Pereira,Alex Pereira (kickboxer)
Alex Pereira,Alex Pereira,Poatan
Alex Pereira,Alex Pereira,Alex Sandro Silva Pereira
Alex White (fighter),Alex White (fighter),Alex White (MMA)
Alan Jouban,Alan Jouban,"Jouban, Alan"
Alex Chambers,Alex Chambers,"Chambers, Alex"
Aaron Pico,Aaron Pico,"Pico, Aaron"
Alex Oliveira,Alex Oliveira,Alex Oliveira (fighter)
Angela Hill,Angela Hill,Angela Hill (fighter)
Albert Morales,Albert Morales,"Morales, Albert"
Andrew Sanchez,Andrew Sanchez,"Sanchez, Andrew"
Alexander Volkanovski,Alexander Volkanovski,Alex Volkanovski
Alexander Volkanovski,Alexander Volkanovski,Alexander Volk
Aleksandra Albu,Aleksandra Albu,Alexandra Albu
Aleksandar Rakić,Aleksandar Rakić,Aleksandar Rakic (fighter)
Aleksandar Rakić,Aleksandar Rakić,Aleksandar Rakić (fighter)
Aleksandar Rakić,Aleksandar Rakić,Aleksandar Rakic
Alex Perez (fighter),Alex Perez (fighter),Alex Perez (martial artist)
Amanda Lemos,Amanda Lemos,Amanda Oliveira de Lemos
Alateng Heili,Alateng Heili,Heili Alateng
André Muniz,André Muniz,Andre Muniz
Alexander Romanov (fighter),Alexander Romanov (fighter),Alexander Romanov (wrestler)
Alexander Romanov (fighter),Alexander Romanov (fighter),Alexandr Romanov (wrestler)
Alexander Romanov (fighter),Alexander Romanov (fighter),Alexandr Romanov (fighter)
B.J. Penn,B.J. Penn,BJ Penn
B.J. Penn,B.J. Penn,Bj penn
B.J. Penn,B.J. Penn,B J Penn
B.J. Penn,B.J. Penn,B. J. Penn
B.J. Penn,B.J. Penn,J. D. Penn
B.J. Penn,B.J. Penn,BJPenn.com
Ben Saunders (fighter),Ben Saunders (fighter),Ben Saunders (Fighter)
Blagoy Ivanov,Blagoy Ivanov,Blagoi Ivanov
Anthony Pettis,Anthony Pettis,"Pettis, Anthony"
Brian Ortega,Brian Ortega,"Ortega, Brian"
Brian Ortega,Brian Ortega,T-City
Arjan Bhullar,Arjan Bhullar,Arjan Singh Bhullar
Anthony Smith (fighter),Anthony Smith (fighter),Anthony Smith (mixed martial artist)
Anthony Smith (fighter),Anthony Smith (fighter),"Anthony ""Lionheart"" Smith"
Anthony Smith (fighter),Anthony Smith (fighter),Anthony Lionheart Smith
Bec Rawlings,Bec Rawlings,Bec Hyatt
Bethe Correia,Bethe Correia,Beth Correia
Antônio Carlos Jr.,Antônio Carlos Jr.,Antonio Carlos Jr.
Antônio Carlos Jr.,Antônio Carlos Jr.,Antonio Carlos Junior
Antônio Carlos Jr.,Antônio Carlos Jr.,Cara de Sapato
Antônio Carlos Jr.,Antônio Carlos Jr.,Antônio Carlos Júnior
Anthony Rocco Martin,Anthony Rocco Martin,Tony Martin (fighter)
Arnold Allen,Arnold Allen,Arnold Allen (fighter)
Belal Muhammad,Belal Muhammad,Belal Muhammad (fighter)
Bojan Veličković,Bojan Veličković,Bojan Velickovic
Brian Kelleher,Brian Kelleher,"Kelleher, Brian"
Brianna Fortino,Brianna Fortino,Brianna van Buren
Brianna Fortino,Brianna Fortino,Brianna Van Buren
Brogan Walker,Brogan Walker,Brogan Walker-Sanchez
Ariane Lipski da Silva,Ariane Lipski da Silva,Ariane Lipski
Ariane Lipski da Silva,Ariane Lipski da Silva,Ariane da Silva
Anthony Hernandez,Anthony Hernandez,"Hernandez, Anthony"
Anthony Hernandez,Anthony Hernandez,Anthony Hernandez (fighter)
Brendan Allen,Brendan Allen,Brenda Allen (fighter)
Brandon Royval,Brandon Royval,Brandon Matthew Royval
Brandon Royval,Brandon Royval,Royval
Billy Quarantillo,Billy Quarantillo,William Daniel Quarantillo
Billy Quarantillo,Billy Quarantillo,William Quarantillo
Brad Riddell,Brad Riddell,Bradley Riddell
Brad Riddell,Brad Riddell,Brad Riddell (fighter)
Bill Algeo,Bill Algeo,"Algeo, Bill"
Aori Qileng,Aori Qileng,Qileng Aori
C. B. Dollaway,C. B. Dollaway,CB Dollaway
C. B. Dollaway,C. B. Dollaway,C.B. Dollaway
C. B. Dollaway,C. B. Dollaway,Dollaway
Chris Gutierrez,Chris Gutierrez,Christopher Juno Gutierrez Balbin
Chris Gutierrez,Chris Gutierrez,"Gutierrez, Chris"
Chris Weidman,Chris Weidman,"Weidman, Chris"
Chris Camozzi,Chris Camozzi,"Camozzi, Chris"
Charles Oliveira,Charles Oliveira,Charles do Bronx
Charles Oliveira,Charles Oliveira,"Oliveira, Charles"
Charles Oliveira,Charles Oliveira,Charles olivera
Charles Oliveira,Charles Oliveira,Charley Olives
Charles Oliveira,Charles Oliveira,Do Bronx
Chris Cariaso,Chris Cariaso,"Cariaso, Chris"
Cezar Ferreira,Cezar Ferreira,Cezar Mutante
Cezar Ferreira,Cezar Ferreira,Mutante
Cat Zingano,Cat Zingano,Kat Zingano
Carla Esparza,Carla Esparza,Carla Kristen Esparza
Choi Doo-ho,Choi Doo-ho,Doo Ho Choi
Choi Doo-ho,Choi Doo-ho,Dooho Choi
Choi Doo-ho,Choi Doo-ho,Choi Doo-Ho
Choi Doo-ho,Choi Doo-ho,Doo hoo choi
Choi Doo-ho,Choi Doo-ho,DooHo Choi
Cláudia Gadelha,Cláudia Gadelha,Claudia Gadelha
Chris Kelades,Chris Kelades,"Kelades, Chris"
Charles Rosa,Charles Rosa,"Rosa, Charles"
Cody Garbrandt,Cody Garbrandt,Garbrandt
Chris Fishgold,Chris Fishgold,"Fishgold, Chris"
Ciryl Gane,Ciryl Gane,Surreal Gone
Ciryl Gane,Ciryl Gane,Cyril Gane
Chase Hooper,Chase Hooper,Chase Alan Hooper
Charles Jourdain,Charles Jourdain,Charles Jourdain (fighter)
Cheyanne Vlismas,Cheyanne Vlismas,Cheyanne Buys
Dan Henderson,Dan Henderson,"Dan ""Hollywood"" Henderson"
Dan Henderson,Dan Henderson,Team Henderson
Demian Maia,Demian Maia,Demien Maia
Demian Maia,Demian Maia,Damian Maia
Daniel Cormier,Daniel Cormier,Daniel cormier
Daniel Cormier,Daniel Cormier,"Cormier, Daniel"
Cris Cyborg,Cris Cyborg,Cristiane Justino
Cris Cyborg,Cris Cyborg,Cristiane Santos
Cris Cyborg,Cris Cyborg,Cris Justino
Damian Grabowski,Damian Grabowski,Damian grabowski
Demetrious Johnson,Demetrious Johnson,Demetrious Johnson (fighter)
Demetrious Johnson,Demetrious Johnson,Demetrius Johnson
Demetrious Johnson,Demetrious Johnson,"Johnson, Demetrious"
Dennis Bermudez,Dennis Bermudez,"Bermudez, Dennis"
Dan Kelly (fighter),Dan Kelly (fighter),Daniel Kelly (judoka)
Dan Kelly (fighter),Dan Kelly (fighter),Dan Kelly (judoka)
Desmond Green,Desmond Green,Des Green
Derrick Lewis,Derrick Lewis,Derrick Lewis (fighter)
Derrick Lewis,Derrick Lewis,Derrick James Lewis
Daniel Omielańczuk,Daniel Omielańczuk,Daniel Omielanczuk
Daniel Omielańczuk,Daniel Omielańczuk,"Omielańczuk, Daniel"
Daniel Omielańczuk,Daniel Omielańczuk,Omielańczuk
Dan Hooker,Dan Hooker,Daniel Hooker (fighter)
Danyelle Wolf,Danyelle Wolf,Danyelle Nicole Wolf
David Teymur,David Teymur,"Teymur, David"
Damir Hadžović,Damir Hadžović,Damir Hadzovic
Darren Stewart,Darren Stewart,Darren Stewart (fighter)
Deiveson Figueiredo,Deiveson Figueiredo,Deiveson Alcântara Figueiredo
Da Woon Jung,Da Woon Jung,Jung Da Un
Da Woon Jung,Da Woon Jung,Da Un Jung
David Dvořák,David Dvořák,David Dvorak
Diana Belbiță,Diana Belbiță,Diana Belbita
Diana Belbiță,Diana Belbiță,Diana Belbiţă
Frank Mir,Frank Mir,"Mir, Frank"
Fabrício Werdum,Fabrício Werdum,Fabricio Werdum
Ed Herman,Ed Herman,Ed Herman (MMA fighter)
Ed Herman,Ed Herman,Ed Herman (MMA Fighter)
Ed Herman,Ed Herman,Ed Herman (mixed martial artist)
Ed Herman,Ed Herman,Ed Herman (fighter)
Ed Herman,Ed Herman,Edward Herman (martial artist)
Ed Herman,Ed Herman,Ed Herman (martial artist)
Ed Herman,Ed Herman,"Edward ""Ed"" Herman"
Efraín Escudero,Efraín Escudero,Efrain Escudero
Dong Hyun Kim,Dong Hyun Kim,"Dong Hyun Kim (fighter, born 1981)"
Dong Hyun Kim,Dong Hyun Kim,김동현
Donald Cerrone,Donald Cerrone,"Donald ""The Cowboy"" Cerrone"
Donald Cerrone,Donald Cerrone,Cowboy Cerrone
Dominick Cruz,Dominick Cruz,Dominic Cruz
Edson Barboza,Edson Barboza,Edson Mendes Junior
Edson Barboza,Edson Barboza,Edson Mendes Jr.
Francisco Trinaldo,Francisco Trinaldo,Francisco Drinaldo
Erik Pérez,Erik Pérez,Erik Perez
Erik Pérez,Erik Pérez,Érik Pérez
Elias Theodorou,Elias Theodorou,Elias Michael Theodorou
Elizabeth Phillips (martial artist),Elizabeth Phillips (martial artist),"Phillips, Elizabeth"
Emil Weber Meek,Emil Weber Meek,Emil Meek
Dricus du Plessis,Dricus du Plessis,Dricus Du Plessis
Dricus du Plessis,Dricus du Plessis,Dricus
Dricus du Plessis,Dricus du Plessis,Stillknocks
Farès Ziam,Farès Ziam,Fares Ziam
Gilbert Melendez,Gilbert Melendez,Gilbert Meléndez
Frankie Edgar,Frankie Edgar,"Frankie ""The Answer"" Edgar"
Frankie Edgar,Frankie Edgar,Frankie edgar
Frankie Edgar,Frankie Edgar,Frank Edgar
Holly Holm,Holly Holm,Holy holm
Holly Holm,Holly Holm,Holly Holmes
Héctor Lombard,Héctor Lombard,Hector Lombard
Gegard Mousasi,Gegard Mousasi,Mousasi
Henry Cejudo,Henry Cejudo,"Cejudo, Henry"
Greg Hardy,Greg Hardy,Gregory Hardy
George Roop,George Roop,"Roop, George"
Fábio Maldonado,Fábio Maldonado,Fabio Maldonado
Gian Villante,Gian Villante,Gianpiero Villante
Gian Villante,Gian Villante,Villante
Iuri Alcântara,Iuri Alcântara,Yuri Alcantara
Iuri Alcântara,Iuri Alcântara,Iuri Alcantara
Iuri Alcântara,Iuri Alcântara,Iuri Marajó
Iuri Alcântara,Iuri Alcântara,Yuri Marajó
Godofredo Pepey,Godofredo Pepey,Pepey
Godofredo Pepey,Godofredo Pepey,Godofredo Castro
Gilbert Burns,Gilbert Burns,Gilbert Durinho
Gilbert Burns,Gilbert Burns,Durinho
Gilbert Burns,Gilbert Burns,Gilbert Burns (Martial artist)
Gilbert Burns,Gilbert Burns,"Burns, Gilbert"
Gilbert Burns,Gilbert Burns,Gilbert Burns (fighter)
Islam Makhachev,Islam Makhachev,Makhachev
Islam Makhachev,Islam Makhachev,Islam Makachev
Islam Makhachev,Islam Makhachev,Makachev
Heather Clark (fighter),Heather Clark (fighter),Heather Jo Clark
Israel Adesanya,Israel Adesanya,Israel Mobolaji Temitayo Odunayo Oluwafemi Owolabi Adesanya
Israel Adesanya,Israel Adesanya,The Last Stylebender
Israel Adesanya,Israel Adesanya,Izzy Adesanya
Israel Adesanya,Israel Adesanya,Stylebender
Ion Cutelaba,Ion Cutelaba,Cutelaba
Ion Cutelaba,Ion Cutelaba,Ion Cuțelaba
Gabriel Benítez,Gabriel Benítez,Gabriel Benitez
Giga Chikadze,Giga Chikadze,Chikadze Giga
Jack Della Maddalena,Jack Della Maddalena,Jack Della Madalena
Ian Machado Garry,Ian Machado Garry,Ian Garry
Gabriel Green (fighter),Gabriel Green (fighter),Gabe Green
Jim Miller (fighter),Jim Miller (fighter),Jim Miller (mixed marital-artist)
Jim Miller (fighter),Jim Miller (fighter),Jim Miller (mixed martial-artist)
Jake Ellenberger,Jake Ellenberger,Jake ellenberger
Jake Ellenberger,Jake Ellenberger,Joe Ellenberger
Jan Błachowicz,Jan Błachowicz,Jan Blachowicz
Jan Błachowicz,Jan Błachowicz,Jan Błacowicz
Jan Błachowicz,Jan Błachowicz,Błachowicz
Jimi Manuwa,Jimi Manuwa,Jimmy Manuwa
Jimi Manuwa,Jimi Manuwa,Jimmie Manuwa
Jimi Manuwa,Jimi Manuwa,Jimi Manua
Jimi Manuwa,Jimi Manuwa,Jimmy Manua
Jimi Manuwa,Jimi Manuwa,Jimmie Manua
Joanne Wood,Joanne Wood,Joanne Calderwood
James Vick,James Vick,"Vick, James"
Joanna Jędrzejczyk,Joanna Jędrzejczyk,Joanna Jedrzejczyk
James Moontasri,James Moontasri,"Moontasri, James"
Jessica-Rose Clark,Jessica-Rose Clark,Jessy Jess
Jessica-Rose Clark,Jessica-Rose Clark,Jessy Rose-Clark
Jessica-Rose Clark,Jessica-Rose Clark,Jessica Rose-Clark
Ji Yeon Kim (fighter),Ji Yeon Kim (fighter),Ji Yeon Kim
Jack Shore,Jack Shore,Jack Shore (fighter)
Jairzinho Rozenstruik,Jairzinho Rozenstruik,Jair Rozenstruik
Jairzinho Rozenstruik,Jairzinho Rozenstruik,Rozenstruik
Joaquin Buckley,Joaquin Buckley,Joaquin Yuconri Buckley
Jamahal Hill,Jamahal Hill,Jamahal Alexander Hill
Joe Pyfer,Joe Pyfer,Joseph Pyfer
Jean Silva,Jean Silva,"Silva, Jean"
Johny Hendricks,Johny Hendricks,Johny Harvey Hendricks
Johny Hendricks,Johny Hendricks,Johnny Hendricks
Josh Barnett,Josh Barnett,American Catch Wrestling Association
Josh Barnett,Josh Barnett,ACWA US Open
Josh Burkman,Josh Burkman,Joshua Burkman
K.J. Noons,K.J. Noons,KJ Noons
K.J. Noons,K.J. Noons,Noons
K.J. Noons,K.J. Noons,Karl James Noons
K.J. Noons,K.J. Noons,K. J. Noons
Junior dos Santos,Junior dos Santos,Junior Dos Santos
Junior dos Santos,Junior dos Santos,Júnior dos Santos
Junior dos Santos,Junior dos Santos,Junior Cigano
Joseph Benavidez,Joseph Benavidez,Joe Benavidez
Joseph Benavidez,Joseph Benavidez,"Benavidez, Joseph"
José Aldo,José Aldo,Jose Aldo
Jussier Formiga,Jussier Formiga,Jussier da Silva
John Makdessi,John Makdessi,"Makdessi, John"
John Lineker,John Lineker,"Lineker, John"
John Moraga,John Moraga,"Moraga, John"
Jéssica Andrade,Jéssica Andrade,Jessica Andrade
Julianna Peña,Julianna Peña,Julianna Pena
Joseph Duffy (fighter),Joseph Duffy (fighter),Joseph Duffy (mixed martial arts fighter)
Jon Jones,Jon Jones,Jon bones jones
Jon Jones,Jon Jones,"An jones ""bones"""
Jon Jones,Jon Jones,Bones jones
Jon Jones,Jon Jones,Jon Bones Jones
Jon Jones,Jon Jones,"Jon ""Bones"" Jones"
Jon Jones,Jon Jones,Jonny Bones
Jon Jones,Jon Jones,Jon Jones (fighter)
Jon Jones,Jon Jones,Jonathan Dwight Jones
Jon Jones,Jon Jones,Jon Dwight Jones
Jon Jones,Jon Jones,Jones bones
Justin Gaethje,Justin Gaethje,Justin Gaethje (fighter)
Justin Gaethje,Justin Gaethje,Gaethje
Jordan Johnson (fighter),Jordan Johnson (fighter),Jordan Johnson (martial artist)
José Alberto Quiñónez,José Alberto Quiñónez,Jose Alberto Quinonez
José Alberto Quiñónez,José Alberto Quiñónez,Jose Quinonez
Justin Willis,Justin Willis,Justin Willis (fighter)
Justin Willis,Justin Willis,Justin Willis (martial artist)
Jonathan Martinez,Jonathan Martinez,Jonathan Martinez (fighter)
Jordan Espinosa,Jordan Espinosa,Jordan Andrew Espinosa
Julian Erosa,Julian Erosa,Julian Ricardo Dulican Erosa
Jun Yong Park,Jun Yong Park,Park Jun-yong
Jun Yong Park,Jun Yong Park,Park Jun Yong
Joel Álvarez,Joel Álvarez,Joel Alvarez
Journey Newson,Journey Newson,Journey Ja-rel Newson
Joshua Culibao,Joshua Culibao,Josh Culibao
John Castañeda,John Castañeda,John Castaneda
Johnny Muñoz Jr.,Johnny Muñoz Jr.,Johnny Munoz Jr.
Keita Nakamura,Keita Nakamura,K-Taro Nakamura
Keita Nakamura,Keita Nakamura,Keitaro Nakamura
King Green,King Green,"Green, Bobby"
King Green,King Green,Bobby Green (fighter)
King Green,King Green,Bobby Green
Kayla Harrison,Kayla Harrison,Kayla Harrison (Judo)
Kayla Harrison,Kayla Harrison,Kayla Jean Harrison
Khabib Nurmagomedov,Khabib Nurmagomedov,Habib Nurmagomedov
Khabib Nurmagomedov,Khabib Nurmagomedov,Khabib Abdulmanapovich Nurmagomedov
Khabib Nurmagomedov,Khabib Nurmagomedov,Хабиб Абдулманапович Нурмагомедов
Khabib Nurmagomedov,Khabib Nurmagomedov,ХIабиб ГӀабдулманапил НурмухӀамадов
Khabib Nurmagomedov,Khabib Nurmagomedov,ХIабиб НурмухӀамадов
Khabib Nurmagomedov,Khabib Nurmagomedov,Хабиб Нурмагомедов
Khabib Nurmagomedov,Khabib Nurmagomedov,Khabib Nurmagamedov
Khabib Nurmagomedov,Khabib Nurmagomedov,"Nurmagomedov, Khabib"
Lauren Murphy,Lauren Murphy,Lauren Taylor (Fighter)
Lauren Murphy,Lauren Murphy,Lauren Taylor (fighter)
Kang Kyung-ho,Kang Kyung-ho,Kyung-Ho Kang
Kang Kyung-ho,Kang Kyung-ho,Kyung Ho Kang
Kang Kyung-ho,Kang Kyung-ho,Kang Kyung-Ho
Krzysztof Jotko,Krzysztof Jotko,Jotko
Kevin Lee,Kevin Lee,Kevin Lee (fighter)
Leandro Silva (fighter),Leandro Silva (fighter),Leandro Silva (MMA)
Leandro Silva (fighter),Leandro Silva (fighter),Leandro Silva (mixed martial artist)
Kamaru Usman,Kamaru Usman,Marty Usman
Lina Länsberg,Lina Länsberg,Lina Lansberg
Katlyn Cerminara,Katlyn Cerminara,Katlyn Chookagian
Khalil Rountree Jr.,Khalil Rountree Jr.,Khalil Rountree
Khalil Rountree Jr.,Khalil Rountree Jr.,"Khalil Rountree, Jr."
Lucie Pudilová,Lucie Pudilová,Lucie Pudilova
Luis Peña (fighter),Luis Peña (fighter),Luis Antonio Peña
Kurt Holobaugh,Kurt Holobaugh,Kurt Holobaugh (fighter)
Kai Kara-France,Kai Kara-France,Kai Kara France
Kevin Holland,Kevin Holland,Kevin Alan Holland
Kevin Holland,Kevin Holland,Kevin Holland (fighter)
Loma Lookboonmee,Loma Lookboonmee,Konklak Suphisara
Loma Lookboonmee,Loma Lookboonmee,Suphisara Konlak
Khamzat Chimaev,Khamzat Chimaev,Chimaev
Khamzat Chimaev,Khamzat Chimaev,Khamzat
Kyler Phillips,Kyler Phillips,Kyler Phillips (fighter)
Loopy Godinez,Loopy Godinez,Lupita Godinez
Mark Hunt,Mark Hunt,"Hunt, Mark"
Mark Hunt,Mark Hunt,Mark Richard Hunt
Michael Bisping,Michael Bisping,Mike Bisping
Michael Bisping,Michael Bisping,Bisping
Michael Bisping,Michael Bisping,"Bisping, Michael"
Luke Rockhold,Luke Rockhold,"Rockhold, Luke"
Michael Chandler,Michael Chandler,Mike Chandler (fighter)
Michael Chandler,Michael Chandler,Michael Chandler (fighter)
Michael Chandler,Michael Chandler,"Chandler, Michael"
Michael Chandler,Michael Chandler,Michael Chandler Jr.
Michael Chiesa,Michael Chiesa,Mike Chiesa
Michael Chiesa,Michael Chiesa,"Chiesa, Michael"
Michael Chiesa,Michael Chiesa,Michael Keith Chiesa
Mark Madsen (fighter),Mark Madsen (fighter),Mark Madsen (wrestler)
Mark Madsen (fighter),Mark Madsen (fighter),Mark O. Madsen
Marcos Rogério de Lima,Marcos Rogério de Lima,Marcos Rogerio de Lima
Lívia Renata Souza,Lívia Renata Souza,Livia Renata Souza
Lívia Renata Souza,Lívia Renata Souza,Livinha Souza
Mackenzie Dern,Mackenzie Dern,Mackenzie Lynne Dern
Marlon Vera,Marlon Vera,Marlon Vera (fighter)
Marlon Vera,Marlon Vera,Chito Vera
Marc Diakiese,Marc Diakiese,Marc Diakese
Luke Sanders,Luke Sanders,"Sanders, Luke"
Max Griffin,Max Griffin,Max Griffin (fighter)
Magomed Ankalaev,Magomed Ankalaev,Ankalaev
Mara Romero Borella,Mara Romero Borella,Mara Romero Borella (fighter)
Markus Perez,Markus Perez,Markus Perez Echeimberg
Marina Rodriguez,Marina Rodriguez,Marina Rodriguez (fighter)
Marina Rodriguez,Marina Rodriguez,Marina Rodríguez
Marc-André Barriault,Marc-André Barriault,Marc-Andre Barriault
Manel Kape,Manel Kape,Prodigio
Marcin Prachnio,Marcin Prachnio,Marcin Prachnio (fighter)
Mateusz Gamrot,Mateusz Gamrot,Gamrot
Matthew Semelsberger,Matthew Semelsberger,Matt Semelsberger
Nate Marquardt,Nate Marquardt,Nathan Marquardt
Nate Diaz,Nate Diaz,Nathan Diaz
Nate Diaz,Nate Diaz,Nate Díaz
Nate Diaz,Nate Diaz,Nathan Donald Diaz
Nate Diaz,Nate Diaz,Nate Donald Diaz
Miesha Tate,Miesha Tate,Miesha tate
Miesha Tate,Miesha Tate,Misha Tate
Miesha Tate,Miesha Tate,Mischa Tate
Miesha Tate,Miesha Tate,Mischia Tate
Mike Pierce,Mike Pierce,"Pierce, Mike"
Nik Lentz,Nik Lentz,Nick Lentz
Michelle Waterson-Gomez,Michelle Waterson-Gomez,Michelle waterson
Michelle Waterson-Gomez,Michelle Waterson-Gomez,"Waterson, Michelle"
Michelle Waterson-Gomez,Michelle Waterson-Gomez,Michelle Waterson
Muslim Salikhov,Muslim Salikhov,Salihov Muslim
Muslim Salikhov,Muslim Salikhov,Muslim Salihov
Michael Page,Michael Page,Michael Page (fighter)
Michael Page,Michael Page,"Page, Michael"
Michael Page,Michael Page,Michael venom page
Nikita Krylov,Nikita Krylov,Mykyta Krylov
Nina Nunes,Nina Nunes,Ansaroff
Nina Nunes,Nina Nunes,Nina Ansaroff
Mike Perry (fighter),Mike Perry (fighter),"Mike""Platinum""Perry"
Montana De La Rosa,Montana De La Rosa,Montana Stewart
Miranda Maverick,Miranda Maverick,Miranda Rachelle Maverick
Michael Trizano,Michael Trizano,Mike Trizano
Michał Oleksiejczuk,Michał Oleksiejczuk,Michal Oleksiejczuk
Mike Rodríguez (fighter),Mike Rodríguez (fighter),Mike Rodriguez (fighter)
Mike Rodríguez (fighter),Mike Rodríguez (fighter),Mike Rodriuez (fighter)
Michel Pereira,Michel Pereira,Michel Pereira (fighter)
Miranda Granger,Miranda Granger,Miranda Layne Granger
Movsar Evloev,Movsar Evloev,Movsar
Miguel Baeza,Miguel Baeza,Miguel Baeza (fighter)
Miles Johns,Miles Johns,Miles Xavier Johns
Nassourdine Imavov,Nassourdine Imavov,Imavov
Muhammad Mokaev,Muhammad Mokaev,Mokaev
Mike Malott,Mike Malott,Mike Malott (fighter)
Mike Malott,Mike Malott,"Malott, Mike"
Rashad Evans,Rashad Evans,Rashad Anton Evans
Rashad Evans,Rashad Evans,"""Suga"" Rashad Evans"
Patrick Côté (fighter),Patrick Côté (fighter),Patrick Cote (MMA)
Patrick Côté (fighter),Patrick Côté (fighter),Patrick Cote (fighter)
Rafael dos Anjos,Rafael dos Anjos,Rafael Dos Anjos
Rafael Cavalcante,Rafael Cavalcante,Rafael Feijao
Raphael Assunção,Raphael Assunção,Rafael Assuncao
Raphael Assunção,Raphael Assunção,Raphael Assuncao
Peter Sobotta,Peter Sobotta,Peter Sobotta (fighter)
Peter Sobotta,Peter Sobotta,"Sobotta, Peter"
Peter Sobotta,Peter Sobotta,Petersobotta.com
Patrício Pitbull,Patrício Pitbull,Patricio Pitbull
Patrício Pitbull,Patrício Pitbull,Patricio Freire
Patrício Pitbull,Patrício Pitbull,Patrício Freire
Ovince Saint Preux,Ovince Saint Preux,Ovince St. Preux
Paige VanZant,Paige VanZant,Paige vanZant
Paige VanZant,Paige VanZant,Paige Michelle Van Zant
Paige VanZant,Paige VanZant,Paige Van Zant
Paige VanZant,Paige VanZant,Paige Vanzant
Paige VanZant,Paige VanZant,Paige Michelle van Zant
Paige VanZant,Paige VanZant,Paige Michelle Vanzant
Paige VanZant,Paige VanZant,Paige Michelle VanZant
Paige VanZant,Paige VanZant,Paige van Zant
Paige VanZant,Paige VanZant,Paige Michelle vanZant
Paige VanZant,Paige VanZant,Paige Sletten
Paul Felder,Paul Felder,"Felder, Paul"
Paul Craig,Paul Craig,"Craig, Paul"
Paul Craig,Paul Craig,Paul Craig (martial artist)
Paul Craig,Paul Craig,Paul Craig (fighter)
Paulo Costa,Paulo Costa,Paulo da costa
Paulo Costa,Paulo Costa,Paulo da Costa
Paulo Costa,Paulo Costa,Paulo Costa (fighter)
Paulo Costa,Paulo Costa,"Costa, Paulo"
Paulo Costa,Paulo Costa,Paulo Henrique Costa
Paulo Costa,Paulo Costa,Paulo Borrachinha
Rafael Fiziev,Rafael Fiziev,Fiziev
Omar Morales (fighter),Omar Morales (fighter),Omar Antonio Morales Ferrer
Patchy Mix,Patchy Mix,Patrick Mix
Ode' Osbourne,Ode' Osbourne,Ode Osbourne
Philip Rowe,Philip Rowe,Phil Rowe
Paddy Pimblett,Paddy Pimblett,Paddy the Baddy
Paddy Pimblett,Paddy Pimblett,Patrick Pimblett
Paddy Pimblett,Paddy Pimblett,Patrick Mark Pimblett
Raul Rosas Jr.,Raul Rosas Jr.,Raul Rosas
Raul Rosas Jr.,Raul Rosas Jr.,Raul Rosas Jr
Sara McMann,Sara McMann,"McMann, Sara"
Ronaldo Souza,Ronaldo Souza,"Ronaldo ""Jacare"" Desouza"
Ronaldo Souza,Ronaldo Souza,Ronaldo DeSouza
Ronaldo Souza,Ronaldo Souza,Ronaldo Jacaré
Ronaldo Souza,Ronaldo Souza,Ronaldo Jacare
Ronaldo Souza,Ronaldo Souza,Ronaldo de Souza
Ronaldo Souza,Ronaldo Souza,Jacare Souza
Ronaldo Souza,Ronaldo Souza,Jacaré Souza
Roy Nelson,Roy Nelson,Roy nelson
Roy Nelson,Roy Nelson,Roy Nelson (fighter)
Roy Nelson,Roy Nelson,"Nelson, Roy"
Renan Barão,Renan Barão,Renan Barao
Renan Barão,Renan Barão,Renan Pegado
Seo Hee Ham,Seo Hee Ham,Ham Seo-Hee
Seo Hee Ham,Seo Hee Ham,Ham Seo-hee
Seo Hee Ham,Seo Hee Ham,Seohee Ham
Rony Jason,Rony Jason,Rony Mariano Bezzera
Rony Jason,Rony Jason,Rony Mariano Bezerra
Rony Jason,Rony Jason,Rony Mariano
Ryan Hall (fighter),Ryan Hall (fighter),Ryan Hall (grappler)
Rodolfo Vieira,Rodolfo Vieira,Rodolfo Vieira (fighter)
Rodolfo Vieira,Rodolfo Vieira,Rodolfo Vieira (BJJ)
Ryan LaFlare,Ryan LaFlare,LaFlare
Santiago Ponzinibbio,Santiago Ponzinibbio,Ponzinibbio
Sean Strickland,Sean Strickland,Shawn Strickland
Sean Strickland,Sean Strickland,Sean Thomas Strickland
Richard Walsh (fighter),Richard Walsh (fighter),Richard Walsh (MMA)
Richie Vaculik,Richie Vaculik,Richie Vaculík
Richie Vaculik,Richie Vaculik,Richie Vas
Richie Vaculik,Richie Vaculik,Richie 'Vas' Vaculik
Rob Whiteford,Rob Whiteford,Robert Whiteford
Sarah Moras,Sarah Moras,"Moras, Sarah"
Ricky Glenn,Ricky Glenn,Rick Glenn
Ricardo Ramos (fighter),Ricardo Ramos (fighter),Ricardo Lucas Ramos
Ricky Simón,Ricky Simón,Ricky Simon
Sean Brady (fighter),Sean Brady (fighter),Sean Thomas Brady
Sean Woodson,Sean Woodson,"Woodson, Sean"
Rodrigo Nascimento,Rodrigo Nascimento,Rodrigo Nascimento Ferreira
Thales Leites,Thales Leites,Thales Leites Lourenço
Thales Leites,Thales Leites,Thales Leites Lourenco
Stefan Struve,Stefan Struve,"Struve, Stefan"
The Korean Zombie,The Korean Zombie,Chang Son Jon
The Korean Zombie,The Korean Zombie,Jung Chan Sung
The Korean Zombie,The Korean Zombie,Jung Chan-sung
The Korean Zombie,The Korean Zombie,Korean Zombie
The Korean Zombie,The Korean Zombie,Jung Chan-Sung
The Korean Zombie,The Korean Zombie,Chan Sung Jung
Sérgio Moraes,Sérgio Moraes,Sergio Moraes
Tarec Saffiedine,Tarec Saffiedine,Saffiedine
Tatiana Suarez,Tatiana Suarez,Tatiana Padilla
Stipe Miocic,Stipe Miocic,Stipe Miočić
T.J. Dillashaw,T.J. Dillashaw,TJ Dillashaw
T.J. Dillashaw,T.J. Dillashaw,T. J. Dillashaw
Syuri,Syuri,Shuri Kondo
Syuri,Syuri,Syuri Kondo
Syuri,Syuri,KG (wrestler)
Syuri,Syuri,Karate Girl (wrestler)
Syuri,Syuri,Shuri (wrestler)
Syuri,Syuri,Syuri (wrestler)
Syuri,Syuri,Kondo Syuri
Syuri,Syuri,Syu☆Ri
Syuri,Syuri,Syu*Ri
Syuri,Syuri,Syu*ri
Syuri,Syuri,SYU*RI
Syuri,Syuri,SYU☆RI
Syuri,Syuri,Syu☆ri
Syuri,Syuri,Ant Lady
Stephen Thompson (fighter),Stephen Thompson (fighter),Wonderboy Thompson
Sergio Pettis,Sergio Pettis,Sergio pettis
Tecia Pennington,Tecia Pennington,Tecia torres
Tecia Pennington,Tecia Pennington,Tecia Torres
Steve Garcia,Steve Garcia,"Garcia, Steve"
Stevie Ray (fighter),Stevie Ray (fighter),Stevie Ray (MMA)
Song Yadong,Song Yadong,Yadong Song
Song Kenan,Song Kenan,Kenan Song
Serghei Spivac,Serghei Spivac,Sergey Spivak
Seung Woo Choi,Seung Woo Choi,Seung Woo Choi (fighter)
Seung Woo Choi,Seung Woo Choi,Seungwoo Choi
Su Mudaerji,Su Mudaerji,Sumudaerji
Taila Santos,Taila Santos,Taila Jaime dos Santos
T.J. Brown,T.J. Brown,T. J. Brown
T.J. Brown,T.J. Brown,TJ Brown
Silvana Gómez Juárez,Silvana Gómez Juárez,Silvana Gomez Juarez
Sharabutdin Magomedov,Sharabutdin Magomedov,Shara Magomedov
Sharabutdin Magomedov,Sharabutdin Magomedov,Shara Bullet
Steve Erceg,Steve Erceg,Stephen Erceg
Vitor Belfort,Vitor Belfort,Vítor Belfort
Urijah Faber,Urijah Faber,Uri Faber
Vitor Miranda,Vitor Miranda,Vitor Bruno Soares Miranda
Vitor Miranda,Vitor Miranda,"Miranda, Vitor"
Tom Lawlor,Tom Lawlor,"Lawlor, Tom"
Tyron Woodley,Tyron Woodley,Tyron Lakent Woodley
Travis Browne,Travis Browne,Travis Browne (fighter)
Tonya Evinger,Tonya Evinger,Evinger
Tony Ferguson,Tony Ferguson,Tony ferguson
Tony Ferguson,Tony Ferguson,Tony Ferguson (Fighter)
Tony Ferguson,Tony Ferguson,Tony Ferguson (fighter)
Tim Elliott,Tim Elliott,Timothy Elliott
Will Brooks,Will Brooks,Will Brooks (fighter)
Uriah Hall,Uriah Hall,Uriah hall
Uriah Hall,Uriah Hall,Uriah Hall (fighter)
Ulka Sasaki,Ulka Sasaki,Yuta Sasaki
Thiago Santos,Thiago Santos,Thiago Santos (Middleweight fighter)
Thiago Santos,Thiago Santos,Thiago Santos (mixed martial arts)
Thiago Santos,Thiago Santos,Thiago Santos (mixed martial artist)
Thiago Santos,Thiago Santos,Thiago de Lima Santos
Thiago Santos,Thiago Santos,Thiago Santos (middleweight fighter)
Thiago Santos,Thiago Santos,Thiago Santos (fighter)
Valentina Shevchenko,Valentina Shevchenko,Valentina Shevchenko (fighter)
Thomas Almeida,Thomas Almeida,"Almeida, Thomas"
Valérie Létourneau,Valérie Létourneau,Valerie Letourneau
Tom Breese,Tom Breese,"Breese, Tom"
Volkan Oezdemir,Volkan Oezdemir,Volkan Özdemir
Veronica Hardy,Veronica Hardy,Veronica Macedo
Trevin Giles,Trevin Giles,Trevin Giles (fighter)
Wang Cong,Wang Cong,Cong Wang
Viviane Araújo (fighter),Viviane Araújo (fighter),Viviane Araujo (fighter)
Thiago Moisés,Thiago Moisés,Thiago Moises
Vanessa Melo,Vanessa Melo,Vanessa De Melo Silva
Yushin Okami,Yushin Okami,Yūshin Okami
Yushin Okami,Yushin Okami,岡見勇信
Yoel Romero,Yoel Romero,Yoel Romero Palacio
Zubaira Tukhugov,Zubaira Tukhugov,Tukhugov
Zubaira Tukhugov,Zubaira Tukhugov,Zubaira
Yair Rodríguez,Yair Rodríguez,Yair Rodriguez
Yana Santos,Yana Santos,Yana Kunitskaya
Zabit Magomedsharipov,Zabit Magomedsharipov,Magomedsharipov
Zabit Magomedsharipov,Zabit Magomedsharipov,ZaBeast
Zabit Magomedsharipov,Zabit Magomedsharipov,Honest Zabe
Yan Xiaonan,Yan Xiaonan,Xiaonan Yan
Zhang Weili,Zhang Weili,Weili Zhang
Ľudovít Klein,Ľudovít Klein,Ludovit Klein
Alistair Overeem,Alistair Overeem,Ubereem
Alistair Overeem,Alistair Overeem,The Reem
Alistair Overeem,Alistair Overeem,Overoid
Alistair Overeem,Alistair Overeem,Allistair Overeem
Alistair Overeem,Alistair Overeem,Alister Overeem
Antônio Rogério Nogueira,Antônio Rogério Nogueira,Antonio Rogerio Nogueira
Antônio Rogério Nogueira,Antônio Rogério Nogueira,Minotoro
Antônio Rogério Nogueira,Antônio Rogério Nogueira,Little Nog
Antônio Rogério Nogueira,Antônio Rogério Nogueira,Lil nog
Antônio Rogério Nogueira,Antônio Rogério Nogueira,Minotouro
Dennis Siver,Dennis Siver,"Siver, Dennis"
Dennis Siver,Dennis Siver,Siver
Fredy Serrano,Fredy Serrano,Freddy Serrano
Benson Henderson,Benson Henderson,Bendo
Benson Henderson,Benson Henderson,Ben Henderson (fighter)
Benson Henderson,Benson Henderson,Benson Henderson (fighter)
Bryan Caraway,Bryan Caraway,Bryan Andrew Caraway
David Branch (fighter),David Branch (fighter),Dave Branch (fighter)
Caio Magalhães,Caio Magalhães,Caio Magalhaes
Conor McGregor,Conor McGregor,Conor McGregor (Fighter)
Conor McGregor,Conor McGregor,Conor McGregor (fighter)
Conor McGregor,Conor McGregor,Connor McGregor
Conor McGregor,Conor McGregor,Conner McGregor
Conor McGregor,Conor McGregor,Conor Anthony McGregor
Conor McGregor,Conor McGregor,Conchúr Antóin Mac Gréagóir
Conor McGregor,Conor McGregor,"McGregor, Conor"
Conor McGregor,Conor McGregor,Proper No. Twelve Irish Whiskey
Conor McGregor,Conor McGregor,Proper Twelve
Conor McGregor,Conor McGregor,Connor MacGregor
Conor McGregor,Conor McGregor,Proper 12
Conor McGregor,Conor McGregor,Conor Mcgregor
Conor McGregor,Conor McGregor,Conor mcgregor
Conor McGregor,Conor McGregor,Conor MacGregor
Conor McGregor,Conor McGregor,The Notorious MMA
Conor McGregor,Conor McGregor,Nikita Hand
Adriano Martins,Adriano Martins,Adriano Martins (fighter)
Albert Tumenov,Albert Tumenov,"Tumenov, Albert"
Abubakar Nurmagomedov,Abubakar Nurmagomedov,Abubakr Nurmagomedov
Dong Hyun Ma,Dong Hyun Ma,"Dong Hyun Kim (fighter, born 1988)"
Dong Hyun Ma,Dong Hyun Ma,Dong Hyun Kim (fighter)
Adam Milstead,Adam Milstead,"Milstead, Adam"
Frank Camacho,Frank Camacho,"Camacho, Frank"
Brandon Davis,Brandon Davis,Brandon Davis (fighter)
Daichi Abe,Daichi Abe,Daichi Abe (fighter)
César Almeida (fighter),César Almeida (fighter),César Almeida (kickboxer)
Justin Jaynes,Justin Jaynes,Justin Michael Jaynes
Jason Witt,Jason Witt,Jason Witt (fighter)
Bruno Gustavo da Silva,Bruno Gustavo da Silva,Bruno Gustavo Aparecido da Silva
Hunter Azure,Hunter Azure,Hunter Dean Azure
Adrian Yañez,Adrian Yañez,Adrian Yanez
Maurício Rua,Maurício Rua,Mauricio rua
Maurício Rua,Maurício Rua,"Mauricio ""Shogun"" Rua"
Maurício Rua,Maurício Rua,Shogun Rua
Maurício Rua,Maurício Rua,Mauricio Shogun
Maurício Rua,Maurício Rua,Mauricio Rua
Lyoto Machida,Lyoto Machida,Ryoto Machida
Lyoto Machida,Lyoto Machida,Lyoto
Lyoto Machida,Lyoto Machida,Machida Karate
Martin Bravo,Martin Bravo,Martín Bravo (fighter)
Martin Bravo,Martin Bravo,Martin Bravo (fighter)
Martin Bravo,Martin Bravo,"Bravo, Martin"
Sarah Kaufman,Sarah Kaufman,Sarah Kaufman (mixed martial artist)
Sarah Kaufman,Sarah Kaufman,"Kaufman, Sarah"
Sarah Kaufman,Sarah Kaufman,Sarah Kaufman (fighter)
Mike Grundy,Mike Grundy,Michael Grundy
Mike Grundy,Mike Grundy,"Grundy, Michael"
Mike Grundy,Mike Grundy,"Grundy, Mike"
Mike De La Torre,Mike De La Torre,Mike de la Torre
Mirsad Bektić,Mirsad Bektić,Mirsad Bektic
Tom Duquesnoy,Tom Duquesnoy,"Duquesnoy, Tom"
Luke Jumeau,Luke Jumeau,"Jumeau, Luke"
Matt Schnell,Matt Schnell,Matt Schnell (fighter)
Matt Schnell,Matt Schnell,Matthew Schnell
Nicolae Negumereanu,Nicolae Negumereanu,Nick Negumereanu
Liu Pingyuan,Liu Pingyuan,Pingyuan Liu
Melissa Gatto,Melissa Gatto,Melissa Gatto (fighter)
Khaos Williams,Khaos Williams,Kalinn Williams
Khaos Williams,Khaos Williams,Kalinn Fidell Williams
Rayanne dos Santos,Rayanne dos Santos,Rayanne Amanda dos Santos
Zachary Reese,Zachary Reese,Zach Reese
Abdul Razak Alhassan,Abdul Razak Alhassan,
Abubakar Nurmagomedov,Abubakar Nurmagomedov,
Adam Milstead,Adam Milstead,
Adrian Yañez,Adrian Yañez,
Adriano Martins,Adriano Martins,
Albert Tumenov,Albert Tumenov,
Alex da Silva Coelho,Alex da Silva Coelho,
Alistair Overeem,Alistair Overeem,
Antônio Rogério Nogueira,Antônio Rogério Nogueira,
Azamat Murzakanov,Azamat Murzakanov,
Barb Honchak,Barb Honchak,
Benson Henderson,Benson Henderson,
Brandon Davis,Brandon Davis,
Bruno Gustavo da Silva,Bruno Gustavo da Silva,
Bryan Caraway,Bryan Caraway,
Caio Magalhães,Caio Magalhães,
Chad Laprise,Chad Laprise,
Charles Johnson (fighter),Charles Johnson (fighter),
Claudio Puelles,Claudio Puelles,
Conor McGregor,Conor McGregor,
César Almeida (fighter),César Almeida (fighter),
Daichi Abe,Daichi Abe,
Damien Brown (fighter),Damien Brown (fighter),
Danny Castillo,Danny Castillo,
David Branch (fighter),David Branch (fighter),
Dennis Siver,Dennis Siver,
Devonte Smith,Devonte Smith,
Dong Hyun Ma,Dong Hyun Ma,
Eddie Alvarez,Eddie Alvarez,
Emily Whitmire,Emily Whitmire,
Eric Shelton (fighter),Eric Shelton (fighter),
Francimar Barroso,Francimar Barroso,
Frank Camacho,Frank Camacho,
Fredy Serrano,Fredy Serrano,
Hunter Azure,Hunter Azure,
Hyder Amil,Hyder Amil,
Jamall Emmers,Jamall Emmers,
Jared Vanderaa,Jared Vanderaa,
Jason Witt,Jason Witt,
Jeff Molina,Jeff Molina,
Julian Marquez,Julian Marquez,
Justin Jaynes,Justin Jaynes,
Justin Ledet,Justin Ledet,
Justin Tafa,Justin Tafa,
Kai Kamaka III,Kai Kamaka III,
Kajan Johnson,Kajan Johnson,
Kennedy Nzechukwu,Kennedy Nzechukwu,
Kenny Robertson,Kenny Robertson,
Ketlen Souza,Ketlen Souza,
Kevin Aguilar (mixed martial artist),Kevin Aguilar (mixed martial artist),
Khaos Williams,Khaos Williams,
Liu Pingyuan,Liu Pingyuan,
Lorenz Larkin,Lorenz Larkin,
Losene Keita,Losene Keita,
Lucas Martins,Lucas Martins,
Luigi Vendramini,Luigi Vendramini,
Luke Jumeau,Luke Jumeau,
Lyoto Machida,Lyoto Machida,
Mark De La Rosa,Mark De La Rosa,
Marlon Moraes,Marlon Moraes,
Martin Bravo,Martin Bravo,
Matt Schnell,Matt Schnell,
Maurício Rua,Maurício Rua,
Melissa Gatto,Melissa Gatto,
Mike De La Torre,Mike De La Torre,
Mike Grundy,Mike Grundy,
Mirsad Bektić,Mirsad Bektić,
Misha Cirkunov,Misha Cirkunov,
Naoki Inoue,Naoki Inoue,
Nicolae Negumereanu,Nicolae Negumereanu,
Rayanne dos Santos,Rayanne dos Santos,
Rinat Fakhretdinov,Rinat Fakhretdinov,
Ryan Spann,Ryan Spann,
Sarah Kaufman,Sarah Kaufman,
Scott Askham,Scott Askham,
Tatsuro Taira,Tatsuro Taira,
Terrion Ware,Terrion Ware,
Timothy Johnson (fighter),Timothy Johnson (fighter),
Tom Duquesnoy,Tom Duquesnoy,
Walt Harris (fighter),Walt Harris (fighter),
Yui Chul Nam,Yui Chul Nam,
Zachary Reese,Zachary Reese,
